date,equity,pnl_price,pnl_funding,fees,orders,gross_lev,net_lev
2020-07-01,200.0,0.0,0.0,-0.0,0,0.0,0.0
2020-07-02,200.0,0.0,0.0,-0.0,0,0.0,0.0
2020-07-03,200.0,0.0,0.0,-0.0,0,0.0,0.0
2020-07-04,200.0,0.0,0.0,-0.0,0,0.0,0.0
2020-07-05,200.0,0.0,0.0,-0.0,0,0.0,0.0
2020-07-06,200.0,0.0,0.0,-0.0,0,0.0,0.0
2020-07-07,200.0,0.0,0.0,-0.0,0,0.0,0.0
2020-07-08,200.0,0.0,0.0,-0.0,0,0.0,0.0
2020-07-09,200.0,0.0,0.0,-0.0,0,0.0,0.0
2020-07-10,200.0,0.0,0.0,-0.0,0,0.0,0.0
2020-07-11,200.0,0.0,0.0,-0.0,0,0.0,0.0
2020-07-12,200.0,0.0,0.0,-0.0,0,0.0,0.0
2020-07-13,200.0,0.0,0.0,-0.0,0,0.0,0.0
2020-07-14,200.0,0.0,0.0,-0.0,0,0.0,0.0
2020-07-15,200.0,0.0,0.0,-0.0,0,0.0,0.0
2020-07-16,200.0,0.0,0.0,-0.0,0,0.0,0.0
2020-07-17,200.0,0.0,0.0,-0.0,0,0.0,0.0
2020-07-18,199.98064474557034,0.0,0.0,-0.019355254429662714,1,0.13826519814517801,0.13826519814517801
2020-07-19,200.38295794468092,0.4106083081518659,-0.008295109041284022,-0.0,0,0.14003671802691575,0.14003671802691575
2020-07-20,200.0038190092158,-0.3707206439313998,-0.008418291533729581,-0.0,0,0.13844861199321043,0.13844861199321043
2020-07-21,201.06901242546536,1.1180277647677979,-0.008307075340550162,-0.044527273177649894,2,0.45963655980047846,0.45963655980047846
2020-07-22,206.05076889820532,5.050080726816417,-0.05504380305480115,-0.01328045102164511,1,0.5651074411963313,0.5651074411963313
2020-07-23,208.82005215337773,2.9522119001386216,-0.16214717309437526,-0.020781471871838892,1,0.7139201915293577,0.7139201915293577
2020-07-24,208.9074795342429,0.2736023017143426,-0.1503195974025015,-0.0358553234466789,2,0.7821727220303795,0.7821727220303795
2020-07-25,217.91516555449323,9.208493320559192,-0.14047175993602862,-0.060335540372830024,2,1.187635810871036,1.187635810871036
2020-07-26,219.62597239643185,2.349426827447797,-0.59020058516044,-0.04841940034872829,2,1.5040290977169315,1.41296518673331
2020-07-27,242.17413157298455,23.442500090812686,-0.769517237229004,-0.1248236770309719,4,1.3314385440094172,0.9979334008627342
2020-07-28,245.91765414281923,4.506083878207686,-0.7625613083729987,-0.0,0,1.346658485782709,1.0010657407167847
2020-07-29,249.2032967837189,3.958335955248658,-0.6109226041666965,-0.06177071018227843,3,0.9939800462951561,0.9939800462951561
2020-07-30,253.29209922261492,4.81353246650749,-0.7247300276114934,-0.0,0,0.9969384663615606,0.9969384663615606
2020-07-31,261.54870249390285,8.754679740383164,-0.4980764690952132,-0.0,0,0.9989394487130664,0.9989394487130664
2020-08-01,282.30661054960643,21.42952415969139,-0.6127447748809448,-0.058871329106886285,3,0.7034866867970411,0.7034866867970411
2020-08-02,269.376257459308,-12.552867223949207,-0.30117977533057116,-0.0763060910186134,4,0.6460250870189882,0.3602298671477851
2020-08-03,273.02589030575336,3.8424303710671452,-0.16175378614609143,-0.031043738475696,2,0.826000879993639,0.2818918309673029
2020-08-04,270.17876398034724,-2.658989948871969,-0.08089605644420172,-0.10724032008991904,6,0.935170465018576,0.37896840956842165
2020-08-05,271.2331787434702,1.0313904870091721,0.023024276113774077,-0.0,0,0.9377519825271738,0.3812977728274813
2020-08-06,275.6262912594552,4.457053400624685,-0.0207787829887571,-0.04316210165097988,3,1.157122848351159,0.469976231208567
2020-08-07,272.3871180345449,-3.220946702096256,0.05139335198414434,-0.06961987479815235,4,1.435517977266389,0.32877546057548396
2020-08-08,289.1462776849361,16.666337668921592,0.10497653964870089,-0.012154558179134653,1,1.4855769385798985,0.42741062892685894
2020-08-09,291.8032641002307,2.7331523408256566,-0.07616592553102411,-0.0,0,1.4810492398538873,0.43288530417060717
2020-08-10,287.1505811544789,-4.501918100834924,-0.08120839972372144,-0.06955644519316054,2,1.4217145709896086,0.449621979562464
2020-08-11,284.45317236277134,-2.656295647291253,-0.03262098779850864,-0.008492156617837011,1,1.3233927428274739,0.401898364581797
2020-08-12,304.8750581230474,20.50991728588844,-0.05086215601001427,-0.03716936960241182,1,1.420674642020736,0.268083860745297
2020-08-13,314.4055902460117,9.561197941257456,-0.013509997663128201,-0.017155820630031886,1,1.5183693498632476,0.3683191372741809
2020-08-14,315.27176664153916,0.8605852896004056,0.005591105927062731,-0.0,0,1.5316702909504676,0.3700368805172293
2020-08-15,316.3779583506147,1.0534667923149916,0.11311396248809258,-0.06038904572755073,2,1.6540121462291113,0.42513910608824085
2020-08-16,314.8466597317512,-1.5523751069021978,0.05621906528895662,-0.035142577250258884,1,1.5569588194095505,0.5817306406694406
2020-08-17,311.63968224512615,-2.5899601734266273,-0.6000684072220173,-0.016948905976393338,1,1.5095103195705348,0.5017116721308829
2020-08-18,305.76542151263016,-5.592202266604644,-0.195700878762968,-0.08635758712835437,3,1.367412080274841,0.43162475388338034
2020-08-19,303.75569200701176,-1.9370515293551769,-0.06188494583168277,-0.010793030431572127,1,1.3706874515736538,0.3773435737697719
2020-08-20,302.5664750870372,-1.075049624645333,-0.11416729532922543,-0.0,0,1.4019587815834398,0.3752735947283249
2020-08-21,289.5725155478808,-12.815977529052537,-0.075425449699856,-0.10255656040397308,6,1.6076271487446476,0.305391697226179
2020-08-22,298.17861400545445,8.627755405508372,0.06563361978556166,-0.08729056772029233,3,2.034282344629864,0.1926730369025203
2020-08-23,293.73316134229094,-4.448603483557135,0.04446290193377072,-0.04131208154014327,2,2.121203509029312,0.09921300545191215
2020-08-24,294.84168597745446,1.141262158901455,-0.03273752373792948,-0.0,0,2.152482422088819,0.10271075406507209
2020-08-25,296.5574945303155,1.7810023667767725,0.008376066233620999,-0.07356988014930727,4,2.1401463071029223,-0.0011331447636196744
2020-08-26,296.932118977033,0.4300776824546047,-0.05545323573715551,-0.0,0,2.1503459739471356,0.00031668891442036845
2020-08-27,300.7890519267752,3.7785770976241397,0.07835585211804696,-0.0,0,2.0543967125783764,0.012874844291148933
2020-08-28,302.9854423439818,2.174308643596783,0.13436267813064642,-0.11228090452084563,4,1.8492130283294832,0.018807471174260352
2020-08-29,302.80454023685314,-0.3296090972189948,0.14870699009036245,-0.0,0,1.8707668594768614,0.017730186184416248
2020-08-30,307.74491116103866,4.64065188647215,0.30671903771337383,-0.007,1,1.9405241205290336,0.0650195406541994
2020-08-31,309.44067326050236,1.4806342023935808,0.21512789707011776,-0.0,0,1.9093228371029036,0.06944810046564338
2020-09-01,318.6866639908653,9.008498662893926,0.2970697785373765,-0.059577711068336675,2,1.9070178746209447,0.3627688086843475
2020-09-02,320.30561926071294,1.596361095808696,0.07765024555111319,-0.0550560715121912,2,1.5398034542145465,0.12036757860398564
2020-09-03,332.947023067554,12.459974548005139,0.2697613953508858,-0.08833213651498115,4,1.3099400284145473,0.18388405947641903
2020-09-04,328.9918410637263,-4.0289846671644245,0.12584914933269123,-0.05204648599594762,2,1.4038627808614244,0.14384466082922726
2020-09-05,312.36081245201274,-16.72538936274661,0.15989373847798602,-0.0655329874449799,3,1.4580740799117227,0.022157144213970578
2020-09-06,317.1468519346197,4.7620072495466825,0.11850789568064962,-0.09447566262038491,6,1.4561617622108904,0.004840212465324018
2020-09-07,311.4345361092727,-5.9029710607699055,0.27083031622481,-0.08017508080186755,3,1.1350373135943266,0.16547505765139306
2020-09-08,311.914491604918,0.19745944820953332,0.3340763707458493,-0.05158032331009484,2,1.0956921315588466,0.14604234932237908
2020-09-09,312.73682103936846,0.6338813649940909,0.1884480694564002,-0.0,0,1.1031656952732225,0.14768522092528935
2020-09-10,310.99174672446725,-1.8054677111239208,0.10430313380328554,-0.04390973758060071,2,1.1432995872830238,0.15565023336150366
2020-09-11,313.8161672053841,2.6855074287433913,0.16210190596698446,-0.02318885379355549,1,1.040951510789928,0.057245334263984926
2020-09-12,323.11985549448565,8.952974130263552,0.3507141588380156,-0.0,0,1.0469620796826486,0.08330495654061633
2020-09-13,321.8447956986422,-1.7171651359058964,0.4421053400624734,-0.0,0,1.0202591797450158,0.07829960502784905
2020-09-14,322.6701916952285,0.3959090867611894,0.45183503606836556,-0.022348126243282303,1,1.127713741522779,0.1782690982432781
2020-09-15,310.8455612512546,-12.077698344530749,0.31556023459273774,-0.06249233403585307,5,0.9881777646262564,0.21521183884267917
2020-09-16,312.58116548015624,1.5946928483207639,0.18569649457204548,-0.04478511399119264,2,1.0008908986267417,0.014439780468609578
2020-09-17,315.1028415260686,2.5027318597054933,0.018944186206809936,-0.0,0,1.0160068668527067,0.022266810524082824
2020-09-18,321.4004821268904,6.250518344816301,0.047122256005518545,-0.0,0,0.9907482696083473,0.041278262947469856
2020-09-19,320.57855982579116,-0.8612430718262618,0.05916110420189639,-0.019840333474846265,1,1.0766392621049279,-0.04971549876356188
2020-09-20,320.48196091990775,-0.14906483690174716,0.05246593101835173,-0.0,0,1.0479678752335235,-0.050195610964716954
2020-09-21,321.9926443861972,1.4703670078838647,0.04031645840556784,-0.0,0,0.9441706536022395,-0.04539364820436872
2020-09-22,320.3684909566243,-1.6293140030874431,0.021753041900072982,-0.01659246838550236,1,0.8983874667309324,-0.12469784707123745
2020-09-23,324.0353375155705,3.62527138443353,0.08287858947914303,-0.04130341496649571,2,0.8344861695885095,0.06999510914502258
2020-09-24,321.9945973666897,-2.01926516332134,-0.0021422228442143157,-0.019332762715266537,1,0.8251304298816562,0.1499399570618403
2020-09-25,316.1431224790239,-5.87335989359726,0.1474676234859929,-0.12558261755451508,5,0.8521471221526077,0.07878286350311753
2020-09-26,314.1296052147264,-2.1798003378493584,0.2308660947786355,-0.06458302122675641,3,0.9506703769401179,-0.012538062892103139
2020-09-27,316.76287049912816,2.471471294175738,0.21054686201253858,-0.04875287178652243,2,0.9267170018609655,0.02694649359277586
2020-09-28,314.2711345611905,-2.742053953251,0.2650114662567525,-0.014693450943384478,1,0.9921548716551187,0.0852265320176994
2020-09-29,315.72433529285644,1.2870649403458305,0.18914762002607402,-0.02301182870595831,1,0.9102877705290772,0.19303340936404104
2020-09-30,316.63261677898856,0.6924658076957306,0.23291986958332656,-0.017104191146945672,1,0.8370310070924204,0.11749658726121882
2020-10-01,312.23401598702173,-4.377050917532151,0.0764079817870392,-0.09795785622176222,5,0.794409938485764,0.033193771499960376
2020-10-02,311.6512653088585,-0.6355714383793714,0.10334636512796276,-0.050525604911782096,2,0.7744699279290606,0.0319035970709782
2020-10-03,312.1777782427143,0.39840434607932174,0.1614759934691271,-0.03336740569265584,2,0.9276370071036383,0.0009999381283551623
2020-10-04,313.8000528047159,1.349371839389422,0.33741148858322945,-0.06450876597100043,3,0.8423728629676139,-0.045018846017284356
2020-10-05,315.77893276314853,1.7298498796032056,0.2659513370121656,-0.016921258182695523,1,0.9254661146605951,-0.11580979146742838
2020-10-06,307.82286554173925,-8.004802191003108,0.1494510627216959,-0.10071609312786595,5,1.0270208513763888,0.03790078760273731
2020-10-07,308.0187124104046,0.10263300320241842,0.13433076535033925,-0.04111689988739894,3,0.969898178216381,0.16257364320294862
2020-10-08,307.51383259054,-0.45683242934203405,0.01920633437586819,-0.06725372489844939,4,0.9780365585363627,0.00988805946672927
2020-10-09,305.90990738389473,-1.632322857455411,0.06461222726329663,-0.03621457645317469,3,1.1779639523301344,0.04778787763983249
2020-10-10,307.56462094510846,1.7007165950799887,0.022689257361577755,-0.06869229122782462,4,1.2270547962099074,0.2849251615804029
2020-10-11,310.67623619720234,3.162026177327339,-0.00581721760676783,-0.04459370762668867,3,1.109000164082757,0.3505110242331761
2020-10-12,313.9938467705498,3.281108864169176,0.07794363080924671,-0.04144192163097114,2,1.2241968522484021,0.4649595461544053
2020-10-13,311.16782040466995,-2.841028804826955,0.10064901126085547,-0.08564657231372991,5,1.375020760632684,0.48565646576187677
2020-10-14,313.2474842307493,2.143506433562097,0.011160489279571688,-0.07500309676233904,4,1.4460496701587315,0.5550440044133871
2020-10-15,316.1879461184531,2.81364197477193,0.1434757643183041,-0.01665585138640329,1,1.3655012777810012,0.6340338266047327
2020-10-16,303.70398212623644,-12.408331766429802,0.009904512263245055,-0.08553673805013291,5,1.1513756181585826,0.3832914314407089
2020-10-17,303.5299514493439,-0.17795642043777782,0.03525699953638787,-0.03133125599113206,2,1.30126784726467,0.38292490433969034
2020-10-18,306.9648593096648,3.4434680510971845,0.033752825909240954,-0.04231301668551117,3,1.3413358238016637,0.2972278115085485
2020-10-19,304.2280607789019,-2.6136865779451273,-0.02644445504180374,-0.09666749777599444,4,1.5253771554143833,0.5985218579530388
2020-10-20,303.1416824003464,-1.059106203242556,0.006568827822007999,-0.03384100313497031,2,1.4679989714970154,0.43769549186426715
2020-10-21,311.421772618771,8.364121729243788,-0.025284692467137458,-0.058746818351997875,3,1.6225028037319855,0.5955805906829984
2020-10-22,316.690651156477,5.5202007951082335,-0.15982535754935068,-0.09149689985292402,6,1.7183993808202103,0.8679230631191411
2020-10-23,316.8409467019485,0.2780262941128471,-0.0757636858940196,-0.05196706274730192,3,1.7967667094343158,0.9584842967191104
2020-10-24,322.0189148530594,5.244030066395007,-0.06606191528408842,-0.0,0,1.792542784629673,0.9593570060280396
2020-10-25,319.52862346069713,-2.4568660647298803,-0.002887226845913509,-0.030538100786478877,2,1.6445709565189572,0.973735385999366
2020-10-26,319.8407323096552,0.3201036798370085,-0.007994830878924806,-0.0,0,1.6233828634470013,0.9737860119756326
2020-10-27,331.57223783138284,11.80798651288066,-0.05949816043890532,-0.016982830714164423,1,1.6777229039772577,0.9017740234138653
2020-10-28,327.6022511252006,-3.9143248333212153,-0.005915611205668525,-0.049746261655358566,2,1.4227292888827694,0.6838256369719657
2020-10-29,329.79306937285304,2.214153077983557,-0.010512338290771119,-0.0128224920403609,1,1.347185635085963,0.630453289241543
2020-10-30,326.78381667937316,-3.014551725168706,0.08540634867255305,-0.08010731698374002,3,1.1340108824199353,0.3888969197200366
2020-10-31,329.89403439129603,3.083288812468786,0.026928899454072525,-0.0,0,1.1360111199556309,0.3945767275653061
2020-11-01,328.591616165409,-1.2816880266444206,0.003662059531695454,-0.024392258774276383,2,1.1119945240574753,0.4982869203443722
2020-11-02,323.54363929806016,-4.938337800728761,-0.04677574957894665,-0.06286331704116688,5,1.0726232105930336,0.3354425728654638
2020-11-03,329.7280667117361,6.136074019525303,0.06577568936172534,-0.01742229521108118,1,1.1273824948788385,0.27227706927273015
2020-11-04,333.148917774023,3.4969552080723845,-0.018534537819941608,-0.057569607965521116,3,1.3599353309516615,0.5268414051459197
2020-11-05,348.42520737081395,15.501288660497798,-0.1557233552007457,-0.06927570850607437,3,1.4506112133724718,0.6240572245910072
2020-11-06,354.31466587147446,6.340484449689933,-0.400840282833445,-0.05018566619600461,4,1.4689211624154723,0.715399022967805
2020-11-07,340.5530109208937,-13.294490273148359,-0.41072334679799155,-0.056441330634431255,3,1.2099358878051079,0.468506805293314
2020-11-08,347.19868007215547,6.8677438277242375,-0.15211192020863948,-0.06996275625384651,3,1.526511939382265,0.6082894426073141
2020-11-09,340.5672352949108,-6.496879133895487,-0.08381708545515924,-0.0507485578940185,3,1.48034779272574,0.5619345675714043
2020-11-10,339.3216873127525,-1.0606450034818913,-0.14101107359830123,-0.04389190507812918,3,1.3112873590797727,0.5693864463063553
2020-11-11,343.29927927487364,4.180054423828342,-0.15805572793285902,-0.04440673377432237,3,1.435894291860206,0.5339460671385341
2020-11-12,346.5048404137983,3.312863383005504,-0.06132622915233828,-0.045976014928485215,3,1.4550178039565442,0.5678869435608336
2020-11-13,351.451288223608,5.024039841130133,-0.0012388434835623203,-0.07635318783691356,4,1.4614740457670226,0.6369129857558715
2020-11-14,344.18638935680616,-7.321774409429463,0.11184622091088382,-0.05497067828327199,3,1.4474624481454703,0.5735294739793145
2020-11-15,338.89481284673917,-5.1838104977983495,-0.05736764465479947,-0.05039836761385576,3,1.475915142233867,0.5347135147980309
2020-11-16,361.4761380322149,22.60844926491203,-0.027124079436279612,-0.0,0,1.4659825854482929,0.5638548837512708
2020-11-17,374.61744196742484,13.46557497445276,-0.29716149989524443,-0.027109539347574284,1,1.5766130131520348,0.47664023989922666
2020-11-18,374.86497259535065,0.43791292949975213,-0.10547126459917243,-0.0849110369747276,5,1.5428597982529195,0.4476878515164508
2020-11-19,378.2990568086315,3.7048982338861545,-0.24422062774302755,-0.026593392862260503,1,1.453231511246395,0.5538421253893333
2020-11-20,390.6372664432582,12.75744870335334,-0.30487967149318623,-0.11435939723341544,4,1.69888942140757,0.6449451157181973
2020-11-21,423.13251911299403,33.07848811651229,-0.47241798376811006,-0.11081746300838824,3,1.5728540193515483,0.4835191047446818
2020-11-22,419.43161131468685,-2.856678609942006,-0.7461948366398501,-0.0980343517253656,4,1.514344175960453,0.3187827776898144
2020-11-23,427.74234440285437,8.748319095600653,-0.3794653478944864,-0.05812065953866545,3,1.5803455416722507,0.3601668270993933
2020-11-24,448.3934427124186,21.218180427235776,-0.49882651918518417,-0.06825559848636673,4,1.468514490397522,0.4351504008361493
2020-11-25,433.6137876713702,-14.262066292809436,-0.4059351414731092,-0.11165360676593312,4,1.3004119042863316,0.19733836205986546
2020-11-26,425.01348897707646,-8.489158138653577,-0.037929276016414416,-0.07321127962371891,3,1.005788191127602,-0.06472280656036596
2020-11-27,435.4654092116752,10.466057720456801,0.011601730437196367,-0.025739216295258275,1,0.913777728974083,0.04530394484555637
2020-11-28,446.2719325935662,10.84287700351385,-0.03635362162284154,-0.0,0,0.9420073365833115,0.06850347434336485
2020-11-29,445.12349204526953,-1.071589551744133,-0.0607271341840729,-0.01612386236841627,2,1.010576032367521,0.11802045582720645
2020-11-30,449.59112184779985,4.678468957216847,-0.14943095479218854,-0.06140819989434556,3,1.1830135643468165,0.1907396861805193
2020-12-01,441.48886895619785,-7.9062972252449875,-0.15523994412668043,-0.04071572223032913,2,1.1261985540974737,0.177225766439702
2020-12-02,441.97039015495557,0.5918390886544351,-0.043871876761284366,-0.06644601313542016,3,1.2821959241873009,0.2626760668899806
2020-12-03,440.9039997415123,-0.7615653430761267,-0.21982589582646675,-0.08499917454069147,4,1.1864024851767854,0.33186824226265244
2020-12-04,424.5093647950023,-16.277680250156592,-0.05014085133092898,-0.06681384502245036,3,1.059494638933065,0.23242547625263893
2020-12-05,431.18604270476675,6.702856269409895,-0.026178359645454664,-0.0,0,1.0888046483682927,0.2443716565931152
2020-12-06,435.06238198874115,3.923424319169849,-0.024193404454234124,-0.022891630741189835,1,1.0134288460371264,0.1760454257028231
2020-12-07,433.31870366658444,-1.660471553159295,-0.04192508541268379,-0.041281683584703924,2,1.0046896301188961,0.30901990440458604
2020-12-08,424.1917067794876,-8.997274154115024,-0.04338787077644408,-0.08633486220537501,5,1.0221669745636408,0.13116358012719487
2020-12-09,427.86373178808617,3.7003158777301937,0.0015496424195585064,-0.02984051155117654,1,0.9402252237983605,0.039053360548686446
2020-12-10,429.47673501283697,1.583669652338147,0.05917474393869697,-0.029841171526050772,1,1.0081045846772687,-0.05666676869219283
2020-12-11,426.70069374679593,-3.2913364764481545,0.5152952104071127,-0.0,0,0.9947883118420663,-0.06474888764650913
2020-12-12,423.13317018532575,-3.4812848516504022,0.02229376461118454,-0.10853247443094279,6,1.0258594249768593,0.008511518210840759
2020-12-13,423.9297886442725,0.8585011205872979,0.04866024412342504,-0.11054290576397122,4,0.8950805034410819,0.026380750539485243
2020-12-14,421.78161611729695,-2.06295639867278,-0.007771118440968297,-0.07744500986178209,3,0.9990074799928091,0.08679201987564711
2020-12-15,420.2166659158989,-1.5049308501568612,0.017502608281789227,-0.07752195952300062,3,1.0928908602193674,0.14102825390998996
2020-12-16,433.1550075860073,12.979009990382888,0.021816071394841777,-0.06248439166932204,2,1.1564081525620187,0.16984534419524014
2020-12-17,439.7500961836986,6.722042649263275,-0.07290247014345891,-0.05405158142849212,2,0.9684928847979122,0.21522495671160546
2020-12-18,447.21342698260804,7.546117959427572,-0.04395019818982382,-0.03883696232829702,2,1.0999630670882372,0.14916801373759458
2020-12-19,452.58426265467176,5.4586540894698015,-0.03592100985262303,-0.05189740755343908,2,0.9410036650145533,0.1772190359675794
2020-12-20,452.59736551030267,-0.09616083215833982,0.1430053874658329,-0.03374169967659416,2,0.9820992541410946,0.24146167366077737
2020-12-21,445.21008429589193,-7.4179894177570365,0.053134689820744235,-0.022426486474448695,1,0.8805740424247379,0.15684525709388242
2020-12-22,462.38795735485877,17.121193736847275,0.12539003872110968,-0.06871071660158641,2,0.912375700519417,0.164434681260619
2020-12-23,473.321922499954,10.886875081866137,0.10987978799288614,-0.06278972476380995,3,0.9196937867942498,0.13685377263068413
2020-12-24,463.7638656591,-9.522477054364924,0.08783907531671231,-0.12341886180574359,7,0.9832259881445259,0.16049530810625767
2020-12-25,482.44360582135,18.706014999962587,-0.026274837712604082,-0.0,0,0.981176461405313,0.19305456302794927
2020-12-26,506.6214894394568,24.133331160588966,0.09946744154738253,-0.05491498402955807,3,0.8140206153076439,0.29530035633711665
2020-12-27,498.32217953227115,-8.070747753848703,-0.22856215333694083,-0.0,0,0.8259840257282614,0.28402259505789856
2020-12-28,511.26475834488,13.196012087397698,-0.22544372475720223,-0.027989550031622887,2,0.8686652612656378,0.22443498666088646
2020-12-29,516.1063415736539,5.066244297849659,-0.2246610690758016,-0.0,0,0.8371573601547152,0.2321458464390244
2020-12-30,529.3650162976384,13.548277387089414,-0.28113880990873963,-0.008463853196352608,1,0.8457309497601306,0.2290838992354891
2020-12-31,528.3226541955553,-0.9028694584930541,-0.11500000845607981,-0.024492635133914725,1,0.7778556213616864,0.16159945660685457
2021-01-01,526.237007574897,-2.0940351248495825,0.0667752473270766,-0.05838674313576794,3,0.8542937055028128,0.2093442706874893
2021-01-02,553.4410114216016,27.59829151400661,-0.36720673118935315,-0.02708093611263586,2,0.8687385966836872,0.1790180713741615
2021-01-03,576.2927052316704,23.520569561947802,-0.6024252313946237,-0.06645052048439894,4,0.7961505272404894,0.19136669743671955
2021-01-04,560.4085941950029,-15.247613640855802,-0.5650986938420212,-0.0713987019696375,4,0.740959973818581,0.14335004272452223
2021-01-05,572.1974747516314,12.166691489298508,-0.3587965597849337,-0.019014372885226855,1,0.7943267452043211,0.20913178146814052
2021-01-06,582.8319924002656,11.322400667640979,-0.6633813261322336,-0.02450169287454184,2,0.875281483252804,0.24612488953732625
2021-01-07,572.2925952532039,-9.907085921429115,-0.5887190191301186,-0.04359220650245367,3,0.8012131192735802,0.18599569156256657
2021-01-08,575.3039820886437,3.3811316114322825,-0.35496247115592355,-0.014782304836536371,1,0.7574978012920792,0.15419241490685637
2021-01-09,567.2150536589238,-7.677542290862043,-0.3396950030476169,-0.07169113581029882,5,0.8003034176285293,0.1628943776294003
2021-01-10,537.8035194531233,-28.901730945197116,-0.3819997347120502,-0.12780352589141636,7,0.6419531430618107,0.20158452372402003
2021-01-11,521.467455583513,-16.086896194778465,-0.15141037515622585,-0.09775729967552264,6,0.5349455068050663,0.07845854146861564
2021-01-12,517.5247343151094,-3.795028772736127,-0.0982347338719269,-0.049457761795524205,4,0.528208696723117,0.07351150331272481
2021-01-13,522.2172345335719,4.763529494899477,-0.06402927643706297,-0.007,1,0.5885687738083791,0.1011218076000263
2021-01-14,525.0362644505987,2.9771862140663012,-0.14000420503600586,-0.01815209200348354,1,0.5482182962355494,0.15563933859020748
2021-01-15,516.8651521777466,-7.84232391313924,-0.20426485974043848,-0.12452349997242625,7,0.49788982355951455,0.1155816273307724
2021-01-16,517.359973350614,0.6900011973242794,-0.16887899907735374,-0.026301025379484415,2,0.5077934170190679,0.12509673517491463
2021-01-17,522.3187933639016,5.166001893701373,-0.1943354828562739,-0.012846397557492117,1,0.4785713478100788,0.09866397612738598
2021-01-18,519.5970111691931,-2.6527806928832844,-0.06900150182518018,-0.0,0,0.4873792662698065,0.09407534534593545
2021-01-19,515.2243634210106,-4.08789335252612,-0.2847543956564056,-0.0,0,0.48288543692184066,0.08693955118215
2021-01-20,519.3602395442525,4.1633063021980545,-0.027430178956121556,-0.0,0,0.4837348812702936,0.09426343699142234
2021-01-21,504.1852233548251,-15.079687216470024,-0.0786462693485708,-0.016682703608835774,2,0.42001528388161785,0.06325098714415052
2021-01-22,515.681005046873,11.555493708841365,-0.059712016793470095,-0.0,0,0.44556218495433547,0.08424918964307995
2021-01-23,520.0919927727175,4.53066921036535,-0.07152519354152745,-0.04815629097935912,4,0.5080706314664254,0.11711027057562072
2021-01-24,526.3833869118226,6.4995670999758675,-0.1910810935276368,-0.017091867343116605,1,0.5629839042316522,0.0816718931855171
2021-01-25,519.2397995176699,-7.051885604716299,-0.09170178943648895,-0.0,0,0.548184161860354,0.06921434408371814
2021-01-26,520.548242368181,1.347855939881399,-0.012663609343429229,-0.02674948002690846,2,0.5553880600552369,0.0762183485764288
2021-01-27,515.3197048500498,-5.2034504193398865,-0.025087098791368938,-0.0,0,0.514679109230253,0.06689415647002334
2021-01-28,518.1026026891939,2.971531808809143,-0.14056847248379403,-0.04806549718123674,4,0.6158281934871727,0.05746692621603004
2021-01-29,519.0345808298647,0.8462480463695387,0.1142797667774821,-0.028549672476230296,2,0.5575238850074524,0.06610350450409447
2021-01-30,494.8129147255483,-24.07033638870767,-0.05114842883240628,-0.1001812867763422,7,0.5194273371811912,0.12418145269304719
2021-01-31,495.4817088595463,0.68433585868556,0.017483271030642386,-0.033024995718204934,2,0.5037995992939903,0.11606284831797484
2021-02-01,493.3881711063378,-2.0011053397647665,-0.049403261947883005,-0.043029151495865725,4,0.5300016960642161,0.09125599891699172
2021-02-02,492.0523316456505,-1.3770602215954197,0.06324853699093488,-0.02202777608277899,2,0.5539216063685096,0.08510069430191407
2021-02-03,499.6428963464312,7.700087375064519,-0.03831107716259326,-0.07121159712123801,5,0.5526189784317552,0.11786181735608703
2021-02-04,509.92164898052465,10.42564176662478,-0.11841984476715213,-0.028469287764147463,2,0.5387053092319295,0.13184510336726163
2021-02-05,513.5159313468165,3.6045975553662135,0.05056147674958205,-0.06087666582395523,4,0.5603409417716474,0.12872983082940107
2021-02-06,514.5778878861425,1.1019234235148483,0.01563673314651151,-0.0556036173353288,4,0.5451836890776354,0.14820399635981651
2021-02-07,514.2559520498045,-0.36488661147213275,0.07116068144956798,-0.02820990631548896,2,0.5421399700350064,0.15029980133641
2021-02-08,525.0944902047034,11.086321994432025,-0.2477838395330433,-0.0,0,0.5761231588890191,0.16831044901867145
2021-02-09,530.5868598759627,6.031645918983524,-0.47698642159743115,-0.06228982612691149,6,0.6312794580539696,0.1770498937799986
2021-02-10,535.0633920977226,5.007978749643599,-0.4902050770538843,-0.04124145082966278,3,0.5400841834059157,0.1659841749108551
2021-02-11,535.006505313385,0.45855837172614455,-0.4547424604932785,-0.060702695570488116,4,0.4907271591871717,0.17434767765195028
2021-02-12,535.4001615095648,0.8559191561156352,-0.4186314364079551,-0.04363152352792782,3,0.41166948559817373,0.1851742404938643
2021-02-13,524.3513085536374,-10.46555396845076,-0.5051100873130862,-0.07818890016360859,7,0.3418450265731937,0.23058687023713217
2021-02-14,515.3276819343274,-8.302640618125631,-0.6872014671944031,-0.0337845339900529,3,0.29923854580459625,0.19057975831262197
2021-02-15,518.9779912939074,3.79124933127658,-0.10236424900600731,-0.03857572269050457,4,0.34693944107261354,0.1936258624419893
2021-02-16,522.9126549060924,4.239450795303103,-0.23995833659343066,-0.06482884652476785,5,0.394122252760128,0.20319932044895972
2021-02-17,533.3366792795948,10.81925265790341,-0.3952282844010108,-0.0,0,0.4040193383041993,0.2195137768269034
2021-02-18,535.0880524589429,2.330946455511918,-0.5212347373553354,-0.0583385388084592,4,0.5115569927982409,0.22473541985056347
2021-02-19,552.1849580485311,17.82833024143621,-0.6729841481195245,-0.058440503728402135,4,0.4665021577241492,0.19235189909837153
2021-02-20,547.4598773790219,-4.090647616396314,-0.6214516152993879,-0.012981437813551168,1,0.48244525291768825,0.15266555597774645
2021-02-21,550.6772643036293,3.3956935975606934,-0.17830667295329689,-0.0,0,0.4941107221372187,0.15793998734108403
2021-02-22,546.0314060673877,-4.483584955927267,-0.06837926993714932,-0.09389401037720778,7,0.43894886974344544,0.10395318479823272
2021-02-23,542.7562155595276,-3.217930839979834,0.0064945973814544075,-0.06375426526172895,6,0.3934349143309137,0.05489448952868771
2021-02-24,542.7729539578299,-0.052449962166210895,0.09135059702626466,-0.022162236557744255,2,0.40511942076369994,0.05337342220895143
2021-02-25,541.3484819302934,-1.4901082031511987,0.07494812640247957,-0.009311950787819127,1,0.3561439401205046,0.0261878539711573
2021-02-26,543.2354122958341,1.8777839682030526,0.018775210992965485,-0.009628813655383421,1,0.3286488598670262,0.0042322183520135635
2021-02-27,542.3813218136165,-0.8244124628575418,-0.005506729451345411,-0.024171289908582,2,0.36260311956001384,0.029676529912167873
2021-02-28,541.2162839534285,-1.149095665964289,0.003337916181652506,-0.019280110405319552,2,0.352439046767065,0.034500590971334455
2021-03-01,542.5352426826516,1.3335386791124475,0.01669708247881757,-0.031277032368206656,3,0.4633213585165436,0.06661518625115286
2021-03-02,538.5607417980906,-3.962917052114875,0.03835359573808725,-0.049937428184263735,4,0.4534125022698178,0.06561996791384561
2021-03-03,542.8138056494781,4.320791989971463,-0.04757379286619598,-0.020154345717754193,2,0.4191405538336065,0.08581553229439744
2021-03-04,535.6111805502691,-7.122662138118537,-0.05738778726150276,-0.022575173829084097,2,0.4108731052864867,0.13388339239675714
2021-03-05,537.704428336989,2.121035500764889,-0.01575916639194029,-0.012028547652979256,1,0.44256318926261795,0.10534939805016678
2021-03-06,533.8622188752295,-3.834356913653261,0.011788617923284343,-0.019641166029635913,1,0.4355156211300495,0.15148344777929273
2021-03-07,536.4648493640149,2.710763104115225,-0.08053779954806511,-0.02759481578170453,3,0.5216931101899226,0.16513098723906855
2021-03-08,539.747412843022,3.495168600750167,-0.17827590254842995,-0.03432921919470451,3,0.5524562473719642,0.14492813622310513
2021-03-09,546.3270249310906,6.840084680109894,-0.20664396703543192,-0.05382862500589682,4,0.5866240499970954,0.23266041761108064
2021-03-10,543.7463463225647,-2.2460140374094486,-0.31510592668853543,-0.019558644427868442,2,0.5790865245023356,0.2346777854999873
2021-03-11,548.1587562428549,4.941230687619818,-0.48763019982768285,-0.041190567501979136,2,0.6120431276824214,0.2712608315735535
2021-03-12,541.4846657796271,-6.217277052910481,-0.3544593426012082,-0.10235406771605135,10,0.6100406683764564,0.19488373688684546
2021-03-13,544.6885565874404,3.6017977088540825,-0.3664125136483654,-0.03149438739238107,2,0.7211845975674813,0.20035000097416894
2021-03-14,543.995514905281,-0.3974151237945427,-0.29562655836493923,-0.0,0,0.6904761160028503,0.19987469517657647
2021-03-15,534.4580522205101,-9.306890030839595,-0.1717231386073515,-0.058849515323875834,5,0.6558975369537882,0.13479720078772173
2021-03-16,534.2132771658394,-0.09266505443500583,-0.04099815932445732,-0.11111184091126186,7,0.6325446133186722,0.19409431792251355
2021-03-17,537.5901869168042,3.683247534124341,-0.2695812632981261,-0.036756519861316284,3,0.6265641488661158,0.2974018632953877
2021-03-18,531.5531044876175,-5.530854339111027,-0.45421316493455893,-0.052014925141138965,5,0.5746000811591382,0.2843458212696576
2021-03-19,537.0175122356668,5.7389340612913085,-0.23273386529466542,-0.0417924479472217,4,0.537409437268103,0.21798374903001957
2021-03-20,530.2563357459685,-6.387530234340147,-0.3138271812228748,-0.05981907413523896,4,0.6979172265212357,0.30232263842680507
2021-03-21,532.4618100234876,2.4434445076949407,-0.23797023017586327,-0.0,0,0.6907141317300747,0.3056593654402496
2021-03-22,524.6493768332433,-7.470018368089911,-0.27151866629604116,-0.07089615585831352,4,0.572791094904782,0.19961567905370062
2021-03-23,530.3757201052092,5.86395353878186,-0.1030047602874885,-0.03460550652846934,3,0.5261273286547036,0.18239039118464487
2021-03-24,520.0096242493105,-10.324011738434216,0.009425628280597134,-0.05150974574502855,4,0.41930672896085147,0.09425977760259802
2021-03-25,523.4918236072474,3.5236255158399574,0.011372066622111168,-0.05279822452521565,5,0.4319601003100991,0.04716107243244753
2021-03-26,526.1334650899901,2.7611270960337957,-0.015383968112854484,-0.10410164517823003,7,0.5814671724838306,0.1488241762971897
2021-03-27,524.6198235171471,-1.4975258206575517,0.0081425615152796,-0.024258313700679397,2,0.5834042506393687,0.2124559206600718
2021-03-28,526.0291260162857,1.4675404738701436,-0.047196655874668786,-0.011041318856872135,1,0.6120139756361158,0.24466219523445165
2021-03-29,532.247642298916,6.481512952513897,-0.20015411223647697,-0.06284255764709952,4,0.7308391485793517,0.29142885157281506
2021-03-30,535.877502486744,4.108127156891424,-0.4489657389524063,-0.02930123011101231,2,0.737677461552455,0.302931485148581
2021-03-31,540.3354019488459,4.950501493286861,-0.41076061902574806,-0.08184141215933047,5,0.8152019109512167,0.44623929374041116
2021-04-01,540.2721104012503,0.7690665992373475,-0.7710339893110113,-0.061324157521931516,4,0.777555302030857,0.4521655084545843
2021-04-02,553.1787891047221,13.825325582053184,-0.8461914206337403,-0.07245545794757971,6,0.8256566578903126,0.4880381156124709
2021-04-03,548.774522087142,-3.546099727462323,-0.8206506670534277,-0.03751662306432676,2,0.7839152142780338,0.3878297000530528
2021-04-04,570.9692066461804,22.492560252267467,-0.27161811376117384,-0.02625757946794046,2,0.8202603769446491,0.42584742810667847
2021-04-05,591.8952215411506,21.647761905540616,-0.6430090564208203,-0.07873795414955193,4,0.7469332761354277,0.329664045611576
2021-04-06,599.6159331532434,8.172085896347724,-0.38681035535283637,-0.06456392890208713,4,0.7942141460372877,0.4057657315208328
2021-04-07,583.6132938168631,-15.605769923417459,-0.2766836512106161,-0.12018576175213203,9,0.6494381026825602,0.254938950938146
2021-04-08,599.6886912862293,16.310496515230163,-0.20454598833776305,-0.030553057526279452,2,0.6916426553635489,0.34808640793989354
2021-04-09,600.8950150843109,1.4219309337641044,-0.19546619940172238,-0.020140936280808933,1,0.6405048708359391,0.30187078058031663
2021-04-10,624.3576410335364,24.10981146422288,-0.6248044825908604,-0.02238103240652154,1,0.7109862396233967,0.3803514949529981
2021-04-11,624.7149525744429,1.127973120260526,-0.6516858708940697,-0.11897570845992671,6,0.8788155654004248,0.39952043399645887
2021-04-12,631.0287138978675,7.334984112395649,-0.9811091814206347,-0.04011360755048142,2,0.9041321240811632,0.41364503270812936
2021-04-13,641.9423809732294,12.130839949794776,-1.1736768653161045,-0.04349600911676159,2,0.8459042119961083,0.4324620350351405
2021-04-14,636.5821069652533,-4.097227819878663,-1.1676344689656575,-0.09541171913182937,5,0.8879065114098419,0.4773951036495675
2021-04-15,655.4634064304909,20.25816335316363,-1.2837494504526876,-0.09311443747336445,5,0.8800242754999543,0.4657648789752987
2021-04-16,672.5975835085129,18.149407702689338,-0.8986532848483972,-0.11657733981899059,5,0.6332380077021693,0.27126239037886285
2021-04-17,656.1555710887868,-16.01584039935656,-0.3883470815436157,-0.03782493882591051,2,0.5344711358715689,0.17129925573220878
2021-04-18,666.3240051988713,10.286354602890883,-0.06472528477128242,-0.053195208035177494,2,0.5572955572376396,0.15697384433841574
2021-04-19,678.4737032082218,12.319176473105184,-0.13824913211337284,-0.03122933164140236,2,0.46941333223744086,0.1065646109583474
2021-04-20,674.0695350905543,-4.318532634862003,-0.04588730778793543,-0.039748175017516894,2,0.5631034644533283,0.18509345737470792
2021-04-21,667.6540421998463,-6.289413390592574,-0.10851648509324763,-0.017563015022120206,1,0.5790178831939445,0.13987247887006035
2021-04-22,663.1755686715181,-4.307797778124067,-0.07956562102061308,-0.09111012918360537,6,0.5906791696860728,0.16233139978223154
2021-04-23,659.0111493917407,-4.066288032035539,-0.08010293495627795,-0.018028312785622974,1,0.5575286738357766,0.19626779152683693
2021-04-24,654.1682153676339,-4.789063274980478,-0.025802884509374763,-0.02806786461686045,2,0.47437967233558154,0.12910540159395784
2021-04-25,658.8470037482276,4.668781636156909,0.010006744436748293,-0.0,0,0.47407245623234034,0.13527485331823175
2021-04-26,662.2464128692784,3.480363830916037,-0.033618462580856975,-0.04733624728446155,2,0.5532841627346552,0.16565811948662976
2021-04-27,662.8009835377023,0.7429946224407109,-0.12490461297181006,-0.06351934104498941,4,0.5914717189989439,0.18152210369682992
2021-04-28,673.0015004162769,10.326337816018393,-0.06636292821250224,-0.05945800923132614,3,0.5580180042659323,0.15542498493731707
2021-04-29,672.2778011563233,-0.6950904012105541,-0.02160885874311803,-0.007,1,0.5706011731108125,0.1694331680562136
2021-04-30,671.7459669065288,-0.30258391673085994,-0.11632234193257154,-0.11292799113107266,7,0.6455348228807388,0.21551024842895833
2021-05-01,683.1802043506717,11.695620025306987,-0.20870853166941725,-0.052674049494571606,4,0.6147693991876401,0.2477436520960733
2021-05-02,680.6842984339997,-2.313472569020669,-0.1364504551030946,-0.04598289254823128,3,0.6162640105191364,0.23922669980754976
2021-05-03,706.974378192492,26.62681114712841,-0.27070088182741836,-0.06603050680870522,4,0.571875777370357,0.22608882326590976
2021-05-04,715.8301904659436,9.139808392709808,-0.2084201377003553,-0.07557598155791159,5,0.593562393893376,0.1569807437918829
2021-05-05,729.9459471558181,14.403101798825972,-0.2042399477334209,-0.08310516121806003,5,0.5114464742375248,0.23229832399079714
2021-05-06,729.1038157091439,-0.5731673772102488,-0.18441315033534755,-0.08455091912868568,5,0.5575332546539212,0.24694473324120392
2021-05-07,731.8591314479044,3.1766352674509735,-0.334081667290643,-0.08723786139985788,5,0.5730314855606128,0.2658882058120863
2021-05-08,741.0692235649924,9.688948793136658,-0.4705221174061757,-0.008334558642443096,1,0.5963931522907537,0.2917246670525094
2021-05-09,740.4594510330777,-0.2624751075445251,-0.32863663652554503,-0.018660787844603115,1,0.6346067012658564,0.2556080941182106
2021-05-10,728.3931296271802,-11.718446834889113,-0.33315295635034986,-0.014721614657977751,1,0.5672315014141674,0.2148813570122209
2021-05-11,751.0667297706151,22.810005207382915,-0.07447027649485384,-0.0619347874531835,4,0.5937645698029398,0.23161633343898744
2021-05-12,714.4417271840016,-36.30233051144229,-0.20964898602319998,-0.11302308914801218,7,0.4756929893437768,0.12118007063813038
2021-05-13,710.3881754539939,-3.9641065204670674,-0.009247687597434006,-0.08019752194322875,5,0.5421665547947017,0.11128475552553144
2021-05-14,728.948473899207,18.634770561260453,-0.022707417659372994,-0.05176469838800121,3,0.47891250449687656,0.11910298509945345
2021-05-15,728.4829784840781,-0.35758972126466215,-0.0923639778858027,-0.01554171597841893,2,0.4549694908976463,0.08821056909222631
2021-05-16,730.7011474596832,2.2447005959416004,0.012444843944435187,-0.03897646428092176,3,0.5043287671369973,0.07250780154304669
2021-05-17,727.5332171775182,-3.0508274702754155,-0.012163613894649272,-0.10493919799486578,6,0.4502336761191272,0.0402644154222539
2021-05-18,742.9725702843494,15.454311516604488,0.006113443632162516,-0.021071853405323634,2,0.456166436005905,0.04814534676608304
2021-05-19,732.2955603150351,-10.697013151910292,0.06858983742219636,-0.04858665482621942,6,0.30956105875673773,-0.0005002551640137372
2021-05-20,731.2514693898618,-1.120970052567221,0.11741221826810247,-0.04053309087413812,2,0.36233842032329544,0.008795435307691668
2021-05-21,728.9893984066103,-2.3841397923937286,0.14976077211336256,-0.02769196297110693,3,0.32877588602471003,0.02239119243397876
2021-05-22,719.1542685999199,-9.928309341642013,0.10131968582729778,-0.008140150875788678,1,0.32081758244638375,0.02506196557925182
2021-05-23,717.2294563419268,-1.8960006440759418,0.03287285958269042,-0.06168447349980054,6,0.3502362372661336,-0.004175062164126052
2021-05-24,730.5756777201165,13.179826117316628,0.21862096630310632,-0.0522257054301587,3,0.35582505864012526,0.009931187408727903
2021-05-25,736.2437281201859,5.606492401039193,0.06155799903028046,-0.0,0,0.3573833422792729,0.01746972623532686
2021-05-26,739.1463316031279,2.853338864562877,0.10598802713997743,-0.056723408760840255,4,0.41931904993631086,0.02027407186024085
2021-05-27,732.8129130436721,-6.383273376349033,0.0755738372930706,-0.025719020399784638,2,0.4181196731934373,0.027412447716772145
2021-05-28,729.7120827131307,-3.0936717812137844,0.007562467448354933,-0.014721016776016458,1,0.35105279279906193,0.05210897386833819
2021-05-29,726.0475049194741,-3.6655651619713403,0.015263748954731194,-0.014276380640054551,1,0.3632073019456431,0.07541353947549584
2021-05-30,731.8335568126647,5.779020002562104,0.024948564440011742,-0.01791667381158792,1,0.3437847448329387,0.047739794859621376
2021-05-31,736.7052426980979,4.861748238074929,0.02698481433036437,-0.017047166972188603,1,0.40420779732299517,0.020966643837871175
2021-06-01,732.585024706335,-4.026317244329115,-0.008167839111639976,-0.08573290832211936,6,0.4107440195697282,0.061324304302301666
2021-06-02,730.3671159252235,-2.145854139315951,-0.004249514470444207,-0.06780512732524008,4,0.3564023166503967,-0.07405187553643727
2021-06-03,726.1241109455341,-4.11101698349854,0.009048155073679816,-0.14103615126447613,8,0.39017247832689933,0.015373935666968432
2021-06-04,725.619796740676,-0.4369218173000755,-0.046789493342193185,-0.02060289421576894,1,0.4029548211321166,0.055344644335124815
2021-06-05,725.4275987039284,-0.11742394275882861,-0.05052358276842475,-0.02425051122033938,2,0.41292923328515146,0.0751898458669463
2021-06-06,727.5131901651717,2.115564784597576,-0.02291696458191797,-0.007056358772400734,1,0.40642548805392914,0.06402611281343032
2021-06-07,723.5588986999243,-3.9194347546385098,-0.017661754577702585,-0.017194956031279525,1,0.4096405874688258,0.025009966656235328
2021-06-08,723.1810828445039,-0.33598899727687415,-0.025880956714265123,-0.01594590142926625,1,0.37911229396320684,-0.006941088989622814
2021-06-09,719.3222320322304,-3.75722384536864,-0.026127497765382958,-0.07549946913943595,4,0.40363226501445076,-0.005921819952623
2021-06-10,719.4109434528929,0.1185182215515419,0.002757460975848166,-0.03256426186504109,2,0.44809185684180586,-0.000782151306903764
2021-06-11,719.0389270448981,-0.3542821391520079,0.033997678219196414,-0.05173194706195705,3,0.39408238860376965,0.026469858131584256
2021-06-12,719.7927802693312,0.686701355213206,0.09890495104985972,-0.03175308182999757,2,0.3979585039755265,0.02029214541578703
2021-06-13,721.573162386531,1.8004146381989297,0.05365261871868549,-0.07368513971782875,4,0.4214957384563801,0.02560919613175725
2021-06-14,718.9917955416531,-2.5180068695957267,0.02285110717547345,-0.08621108245755242,5,0.46814449084046655,0.00485392223832104
2021-06-15,719.3102489121233,0.3572202561138867,0.008588020815765042,-0.04735490645954683,2,0.46599499497994995,0.013649236495848545
2021-06-16,721.2190674153147,1.9408197994121767,0.006444439879009892,-0.03844573609967913,2,0.36669711496884266,0.010176656931737551
2021-06-17,721.778255093025,0.6045086576993683,0.03955306127714936,-0.08487404126624026,6,0.4682214760833046,0.004624474705314179
2021-06-18,722.8349596247158,1.1047721801594825,-0.005474611087962537,-0.04259303738065551,4,0.521111877471088,-0.02937753220341921
2021-06-19,725.0979452353793,2.2440847846442447,0.06457582598761,-0.04567499996835623,2,0.5093957537785966,0.06379686736016067
2021-06-20,721.4937026584086,-3.570150025237309,0.03463583440553811,-0.06872838613893814,3,0.44644286829383883,0.02084280393698359
2021-06-21,718.606582795199,-2.820158288599604,0.008773708549075113,-0.07573528315901407,4,0.4948602017156982,0.0038163830486361767
2021-06-22,712.9072173383869,-5.5543050193444685,-0.021747499353566617,-0.12331293811408085,5,0.5438367050852035,-0.027136341939037897
2021-06-23,708.3589074448197,-4.4963796751258585,0.07958155401061395,-0.13151177245193532,7,0.5568473704512534,0.06463924412172183
2021-06-24,711.9493974649127,3.676375893249892,0.021281015158907658,-0.10716688831576715,4,0.5804379497750852,0.06257310578898646
2021-06-25,711.8610730158399,-0.046937814898563524,-0.01142747657392553,-0.02995915760040038,1,0.5817751054821738,0.002392532253326602
2021-06-26,713.3426173375016,1.4933524147448454,0.00467739247176614,-0.016485485554970026,1,0.5545381331832762,-0.028533540774704838
2021-06-27,713.5494494736048,0.24249286261290104,0.011620867200542643,-0.047281593710207716,2,0.5913777381385438,-0.12284619059255436
2021-06-28,692.1758110007708,-21.270748139902437,0.03342801664489667,-0.13631834957648387,7,0.5276014370008734,-0.11626436079206524
2021-06-29,687.280072678702,-4.828555501799267,0.020899287606811284,-0.08808210787624832,4,0.5640770444423316,-0.01912638646053812
2021-06-30,683.1441127733243,-4.037279635209361,0.023881990986538093,-0.12256226115496284,5,0.5301374972002644,0.03111991541811942
2021-07-01,681.8646050720674,-1.2227354767122334,0.016517538564741124,-0.07328976310942172,3,0.5399631934621234,-0.012885190483410068
2021-07-02,685.2965351891513,3.4968398618040277,-0.025320418943880214,-0.039589325776328954,2,0.46175326991028476,-0.01201880347609681
2021-07-03,685.7246172657352,0.44522644235249886,0.008011462152059338,-0.025155827920674875,1,0.5243101500555797,0.04104516358888777
2021-07-04,685.577526938277,-0.1369760695372481,0.0497521307775467,-0.059866388698510034,2,0.5392628965051023,0.039744870603275244
2021-07-05,690.8669867694576,5.308931846945383,0.05725984709314326,-0.0767318628578155,3,0.5761972233047702,0.07991426753944175
2021-07-06,688.0883769872881,-2.6912062928557923,0.03240947129337319,-0.11981296060712965,5,0.5869865243135459,0.05996061399899311
2021-07-07,685.7773545402515,-2.1680135847377535,0.02341505668777355,-0.1664239189866199,6,0.6010918273062,-0.021337562821682955
2021-07-08,679.2268186340866,-6.601924886867626,0.10361462003904559,-0.05222563933631557,2,0.5825387676143672,-0.04522153304248926
2021-07-09,681.2661532246689,1.9283818016235736,0.17199131149954125,-0.061038522540952406,2,0.6161261889670432,-0.038638339264727345
2021-07-10,684.3687588995758,2.804646122570317,0.3708571059073925,-0.07289755357082403,3,0.677579752464114,-0.07506882003521945
2021-07-11,688.1061055741496,3.317502620430135,0.456294069667172,-0.03645001552359501,1,0.6117231509836109,0.00583369067117176
2021-07-12,683.9715637079657,-4.262892200359181,0.22873469529808382,-0.10038436112280816,4,0.7158121806883598,-0.08770292767884497
2021-07-13,691.4264744555531,7.312917749478245,0.3110439872312731,-0.16905098912211508,7,0.7240072257219409,-0.035407246918613675
2021-07-14,701.1129403447695,9.510883776516687,0.23151829530966217,-0.055936182610044724,2,0.7187548635639927,-0.01866010868776491
2021-07-15,706.2613644731985,4.875045714186451,0.36245417421648224,-0.08907575997397954,4,0.6487015022772431,0.03848650294683711
2021-07-16,705.3290623605974,-1.058334407536008,0.23698998599619175,-0.11095769106119335,4,0.6930792576971366,-0.005232605392973002
2021-07-17,693.4595845660857,-12.143108660323671,0.3415581203146544,-0.067927254502749,2,0.698497158666368,-0.01884745949626101
2021-07-18,691.248697555113,-2.459708443472904,0.30545310192929725,-0.0566316694291122,2,0.8222024641301919,-0.021970523706431475
2021-07-19,691.8715210246343,0.31486271772457997,0.4061607080050663,-0.0981999562084242,3,0.83442684647606,0.1812669184036337
2021-07-20,681.8630489856646,-10.430638678106828,0.4539742673425911,-0.03180762820544875,1,0.7248370463360075,0.10199014465997089
2021-07-21,708.0491264712298,25.857878881476047,0.42375026057594806,-0.09555165648683617,3,0.9161942423141614,0.18553476608843858
2021-07-22,723.8836297840614,15.189358281515076,0.7583839971103665,-0.11323896579385903,3,0.9617678301267606,0.11996934438742808
2021-07-23,808.9678575161478,84.49248541824898,0.7489994579996627,-0.15725714416227898,3,0.83066357549834,0.07391000076817326
2021-07-24,812.4701976604384,3.2743134435134884,0.29429781981095976,-0.06627111903384231,2,0.8366577917906339,0.07823981419360021
2021-07-25,818.0711595645555,5.204395895802633,0.5059607165714786,-0.10939470825702795,3,0.780375751377879,0.13958327780541502
2021-07-26,807.8106529620636,-10.210713053065422,0.14158100256958706,-0.1913745519960447,5,0.782731071870933,0.1340346095483549
2021-07-27,823.8843214730492,15.835964035141068,0.30751869304308366,-0.06981421719851937,2,0.7851697491736966,0.13574203426811884
2021-07-28,804.1407119562704,-19.754080602677305,0.1497377723469877,-0.13926668644848683,2,0.8825600416623617,0.2103489251773093
2021-07-29,792.2024335007933,-11.813738911619968,0.04216544710195497,-0.1667049909590194,4,0.9223886419160382,0.20035608547490655
2021-07-30,795.7171320914933,3.63969362710411,0.0010162211975082366,-0.12601125760154402,3,0.9884098773243334,0.28044166097042567
2021-07-31,794.4945388101651,-1.0240171633661364,-0.08971838308757293,-0.10885773487466943,3,0.9259787869877528,0.19323351401264063
2021-08-01,782.2640302056512,-12.087703217917896,-0.03873220547841764,-0.10407318111754006,3,1.0528648397167313,0.2454235326696649
2021-08-02,787.4300926083824,5.322901224402275,-0.009701359823847698,-0.14713746184725718,5,1.0247719183303496,0.15467407446586837
2021-08-03,776.2433634596356,-11.1556199457018,0.014711979485698298,-0.04582118253069563,2,0.932134803758655,0.17257528750906564
2021-08-04,801.9284971563577,25.536719094386186,0.17032457789382321,-0.021909975557904946,1,1.0005669615920383,0.2379228403526321
2021-08-05,792.1659418501167,-9.616811479822754,-0.0006932589624808437,-0.14505056745579553,4,1.0249810924644573,0.34679694738151823
2021-08-06,795.9479965147306,3.9477552870174115,-0.03818358187518381,-0.12751704052829793,3,1.0074957258452866,0.3176280955720513
2021-08-07,790.4581119098619,-5.47643018910816,0.10565476879022137,-0.11910918455062385,5,0.9888640585048658,0.37582994574170664
2021-08-08,785.6685580485808,-4.653265439281073,-0.0348052265165671,-0.10148319548336539,3,0.9283586174851999,0.32593535715822747
2021-08-09,794.3895352765786,9.04482458405501,-0.1359684838238011,-0.18787887223349609,5,0.9797421830002305,0.4204477164407318
2021-08-10,804.5082955304182,10.36033427137427,-0.12634349233033101,-0.11523052520432853,3,1.0619900473073487,0.4978162879701235
2021-08-11,805.9713999852324,1.7495913944259893,-0.13760046794231529,-0.14888647166945312,2,1.1093759506315073,0.5166272895922331
2021-08-12,796.2201423997218,-9.56088513631816,-0.12443151307022737,-0.06594093612229283,2,1.0631635734981788,0.4808951667040881
2021-08-13,833.4181354823207,37.44035398456013,-0.15070460575653155,-0.09165629620468593,3,1.0718513057968788,0.43026912605523093
2021-08-14,844.1262665332733,11.239094874471968,-0.3883222183523582,-0.14264160516702135,4,0.9968707202217004,0.49842702173181325
2021-08-15,837.0958631122461,-6.623899166507775,-0.2726667147326274,-0.13383753978690205,4,1.161456706016208,0.5299965441190615
2021-08-16,802.1501961495343,-34.460874309135036,-0.20043724734917207,-0.2843554062276124,11,0.9745238416782984,0.36188710084692205
2021-08-17,801.754151787669,-0.01893981522201038,-0.20160178844681087,-0.17550275819640362,9,0.8868558450661954,0.3013865570681152
2021-08-18,821.8835862679599,20.313736041969786,-0.07572283011299433,-0.10857873156594433,5,0.8960424258715622,0.3240301706323712
2021-08-19,835.4021293052804,13.80899990640944,-0.166856255744479,-0.12360061334446966,4,1.0510018439631925,0.5466785005232915
2021-08-20,854.7946995692404,19.766238650661744,-0.34478305021088046,-0.02888533649081857,1,1.0192931464902613,0.5091255898487589
2021-08-21,834.1066028600217,-20.171373142291948,-0.3320935519258926,-0.18463001500087717,6,0.960345649507184,0.48882712258177785
2021-08-22,836.5769063135589,2.7297038088637877,-0.15739822918027327,-0.10200212614628312,4,0.9882694348410531,0.5056157049141442
2021-08-23,849.9543172041739,14.00847468660194,-0.5847523676447657,-0.04631142834211896,1,1.0810472286261175,0.5919777922749744
2021-08-24,834.8456671780355,-14.568325565178817,-0.4666538291242876,-0.07367063183524122,3,1.0528212948427613,0.4591770790391503
2021-08-25,837.3632113194271,2.820542060090511,-0.21471255332123323,-0.08828536537754664,2,1.0939610761372973,0.4881371535389568
2021-08-26,816.6932437337664,-20.327426772301088,-0.21022789475231424,-0.13231291860734867,4,0.9010900309941319,0.24415802880212373
2021-08-27,853.7515037440916,37.20366274439398,-0.02549322879937916,-0.11990950526946413,3,1.1486925987588623,0.47777973652015054
2021-08-28,851.2358065062217,-2.146547777818449,-0.34673024029516386,-0.02241921975619703,1,1.1079456611569098,0.43904539856479485
2021-08-29,843.8162137846531,-7.177579548985018,-0.18539993908784452,-0.056613233495751814,2,1.0126720206632558,0.44568565853044734
2021-08-30,840.5686173779825,-2.758678098606383,-0.36763783976351777,-0.12128046830071171,4,0.9712811956698659,0.33714992192116633
2021-08-31,837.6674979287604,-2.692616150818817,-0.16565996907743863,-0.04284332932586727,2,1.0649060247479663,0.408168855294943
2021-09-01,852.7698967593651,15.468274827070648,-0.2951016486396778,-0.0707743478262468,4,1.074594579447175,0.45610743197201814
2021-09-02,866.054534487455,14.228262775178063,-0.8361772506777193,-0.10744779641033518,3,1.081293786887852,0.5841455223397801
2021-09-03,870.5353275341756,5.416441044249597,-0.8459294835182505,-0.08971851401072514,3,1.062552164275324,0.5437664440715558
2021-09-04,844.6350754597564,-25.056484467446396,-0.739024387491666,-0.10474321948122103,3,1.0785843807455233,0.626398916245725
2021-09-05,858.5105336400843,14.99348002187533,-0.9322147248333398,-0.18580711671420758,5,1.0173099359907318,0.6373381660758227
2021-09-06,883.4331608634163,25.61360675906221,-0.6405496488093083,-0.05042988692082521,2,1.0936230456954608,0.6597240973255727
2021-09-07,841.1923527384149,-41.20672946482091,-0.7233644142862188,-0.31071424589424235,7,0.6650932579322775,0.11618974029003742
2021-09-08,858.8358854250835,17.824002457753306,-0.09405988755515275,-0.08640988352968984,4,0.6165256636704246,0.07956287465512045
2021-09-09,857.1363439924796,-1.60763519268597,-0.054661133682717376,-0.0372451062351375,2,0.5898399762234152,0.13992069309732427
2021-09-10,866.923728753703,9.951039009390422,-0.07946756764145513,-0.08418668052560246,4,0.5210241738692337,0.09802532314615628
2021-09-11,870.5004133882348,3.638133845345963,-0.04437627662074533,-0.017072934193423085,1,0.556013874371672,0.12982017785636837
2021-09-12,866.7556174734505,-3.5902828370660735,-0.10881636437767382,-0.04569671334055577,3,0.5598279611716028,0.11941444416424733
2021-09-13,859.4101513900479,-7.235658413186289,-0.04787056091634786,-0.06193710929997345,4,0.5197263543381035,0.09638767463231446
2021-09-14,843.1963593766721,-16.06743753468887,-0.05030750560963362,-0.09604697307725582,5,0.6045330163812723,0.15891850071533797
2021-09-15,846.2920756851527,3.2648385295772435,-0.1065527920356331,-0.06256942906108795,5,0.7014237148734883,0.1552808635977364
2021-09-16,850.8487632297637,4.7414294356910265,-0.1779860349005239,-0.006755856179416576,1,0.6804615883087851,0.148678797169961
2021-09-17,834.3461586233207,-16.305963033155066,-0.08228427212126298,-0.11435730116672312,6,0.5337972985914129,0.12566164725944312
2021-09-18,852.3128264568071,18.084164451650313,-0.05529128301591314,-0.062205335147970206,3,0.5800307002271786,0.07833730381387609
2021-09-19,858.147209603026,5.926498317704711,-0.034467057476652976,-0.0576481140090824,4,0.5554510533850766,0.02640502209490543
2021-09-20,839.4862704151515,-18.575109257640456,-0.02149194075209885,-0.06433798948190621,4,0.4445883694096953,0.04826436227985745
2021-09-21,832.3825938850841,-7.008911324225217,-0.02463780336157188,-0.07012740248060985,3,0.4661900302226617,0.05795092179347714
2021-09-22,863.1619678113839,30.87597167383859,-0.025409226998039557,-0.07118852054073196,3,0.5063017015019147,0.04579261102277024
2021-09-23,872.3464876758331,9.264468963060706,-0.04002796166564622,-0.03992113694579165,2,0.47468288424103033,0.12130627719207945
2021-09-24,882.256087971905,10.086946475005778,-0.06817568490668185,-0.10917049402723208,5,0.46784833209116367,0.02355155506126923
2021-09-25,877.1577401523185,-5.063682562215157,-0.02766525737141084,-0.007,1,0.46929209935757166,0.029316072919027967
2021-09-26,873.3097776549104,-3.7610743847629475,-0.057621247948446454,-0.02926686469674213,2,0.40838274503621325,-0.022736560760740224
2021-09-27,876.2785552490125,2.995246834543689,-0.026469240441574664,-0.0,0,0.4042535270643581,-0.019241386071880265
2021-09-28,867.2285593903625,-8.987523361922491,-0.038159385991278376,-0.024313110736162047,1,0.4244930995647769,0.010244909362350613
2021-09-29,865.7028692739317,-1.4300725127432035,-0.07254277559539896,-0.023074828092290757,1,0.4001737716425523,0.04668882019577476
2021-09-30,870.7409251333204,5.095627594939544,-0.002447227881659266,-0.05512450766922704,2,0.5110329817715378,0.046399796786012824
2021-10-01,882.2317514323034,11.662861699656954,0.009866327948865806,-0.18190172862268594,7,0.6199272773402773,0.11409749623166202
2021-10-02,886.2021644243446,4.034734531388473,0.02477427011550137,-0.08909580946278538,5,0.6621676662807626,0.16074332373399225
2021-10-03,900.5148779871901,14.189487007443088,0.19311913509128273,-0.06989257968881128,3,0.703505198926772,0.20085082720296343
2021-10-04,895.2362637900386,-5.352860741323173,0.10793356779725953,-0.03368702362559566,1,0.6522167708577179,0.2498118384182962
2021-10-05,892.4324209339477,-2.7211890893731177,0.05885518344855342,-0.1415089501663619,6,0.6784903132811628,0.17150855295991074
2021-10-06,893.4537771171939,1.1655538814435866,-0.0043816044448509485,-0.13981609375249351,4,0.5971311083826294,0.16301702407965102
2021-10-07,891.3859487103339,-1.9694637995378397,0.030208972083744817,-0.12857357940596692,7,0.6397900421277208,0.23181863077719161
2021-10-08,883.7693734978197,-7.613432117235489,0.07397052044286863,-0.07711361572151768,3,0.5229156907087635,0.2190929894037199
2021-10-09,884.0006185188091,0.28495900758077597,0.01071748806304234,-0.06443147465451456,3,0.5473409586812049,0.1551571069567511
2021-10-10,881.9560364256473,-2.038240959479794,0.03743700188907625,-0.043778135571099885,2,0.5926844260392492,0.22411653536830317
2021-10-11,900.0830525400612,18.197324609973705,0.0003428978120170352,-0.07065139337184864,4,0.6745219279203364,0.2382639335378218
2021-10-12,894.7040180178558,-5.308983971440611,0.03407038063920782,-0.10412093140406561,4,0.6539100253457988,0.24284511654778923
2021-10-13,899.843147313477,5.208368547727016,-0.008464579944458176,-0.06077467216145224,2,0.6712339510327912,0.24591863057777863
2021-10-14,905.7519993203638,6.065672175463305,-0.047236331655996756,-0.10958383692052284,4,0.6892111671481806,0.2592777422847486
2021-10-15,912.1131072688164,6.560223628200956,-0.06025547727537571,-0.138860202472983,5,0.7087533526420232,0.1947924335580833
2021-10-16,905.205431246063,-7.017105896435499,0.19188165980234476,-0.08245178612030085,3,0.8082307814696157,0.24635659179666058
2021-10-17,919.3402375038653,14.182637501652257,0.018424603449491865,-0.06625584729938153,3,0.7394706204438679,0.31785559901159804
2021-10-18,914.8354549230507,-4.447309884610415,-0.05747269620415052,-0.0,0,0.7346967839046716,0.31455944394596147
2021-10-19,925.098384867614,10.138594351285795,0.13556578279510278,-0.011230189517700606,1,0.7260298260988705,0.3046871587737537
2021-10-20,934.0199199725496,9.127634587702088,-0.06896240419205601,-0.1371370785743719,5,0.8169187963673133,0.374392423724554
2021-10-21,918.2949358913097,-15.317108200707567,-0.3386630099298569,-0.06921287060243063,3,0.7811645280177921,0.2564506617737237
2021-10-22,925.1526243556333,7.108344763609095,-0.14900800084089813,-0.10164829844463762,4,0.7799174258001104,0.3377875371464263
2021-10-23,926.7401482175206,1.7336701500780678,-0.11747599435841469,-0.02867029383227403,1,0.8302563915491783,0.2948843152245117
2021-10-24,935.1186325683572,8.617080520931543,-0.15885247060100258,-0.07974369949397275,3,0.8029031090203693,0.2857988109346928
2021-10-25,954.5053622058117,19.642035813244494,-0.16984074027795487,-0.08546543551202268,3,0.8448568071335326,0.3284513549888074
2021-10-26,935.9341718786208,-18.385013980699075,-0.12176465042492485,-0.06441169606691512,2,0.8529778533413893,0.41364049511070866
2021-10-27,928.9864966827533,-6.684315825503059,-0.20490292541424024,-0.05845644495009282,2,0.7104993340548952,0.3196459285578251
2021-10-28,943.3027744345482,14.389216408901088,0.06358288250765076,-0.13652153961394486,5,0.7408997990138766,0.33670328054735565
2021-10-29,949.5466059297622,6.4174437092671175,-0.11019990489985355,-0.0634123091532162,2,0.7499282775531341,0.33471942044869335
2021-10-30,939.2516518107731,-10.158567061266364,-0.08966344614693919,-0.046723611575925084,2,0.7483846916420531,0.3337765572682316
2021-10-31,928.5739757257675,-10.65944881816823,0.11499675625815482,-0.1332240230955265,6,0.7805342714407625,0.3297159641452463
2021-11-01,943.1651998837566,14.782459251177372,-0.13030470226579463,-0.06093039092245783,5,0.7544385931251639,0.31419382715942146
2021-11-02,972.8096989073252,29.90737140576481,-0.20666931074835962,-0.05620307144786092,2,0.7723663804967682,0.3377667922128723
2021-11-03,979.8568021267455,7.366852191013133,-0.18769154560601825,-0.1320574259869318,4,0.7648308780098618,0.3059819626536065
2021-11-04,971.22477557585,-8.336239692334447,-0.22019598614258265,-0.07559087241853592,3,0.7149526830605462,0.26592979064855726
2021-11-05,961.3659669172195,-9.716548526333021,-0.142260132297502,-0.0,0,0.712352559317903,0.2585498772255245
2021-11-06,982.7309487577327,21.713437367133643,-0.07493447336628374,-0.27352105325416953,7,0.8900846676547454,0.43259675575413137
2021-11-07,992.9689712382723,10.356794465846855,-0.046234367710760976,-0.07253761759649455,1,0.9979368240536077,0.5429255075315436
2021-11-08,1021.3984854855527,28.883692977293094,-0.4106309217202054,-0.04354780829244663,2,0.9546078914271514,0.5746410082316153
2021-11-09,1015.5640417494973,-5.286794527836371,-0.47950167014251693,-0.06814753807644088,3,0.9952649582318914,0.5580670727753707
2021-11-10,1015.1584398611403,-0.1543356147315107,-0.18800664744491005,-0.06325962618054282,2,0.9852731626748453,0.46911654687306115
2021-11-11,1022.7464002617188,7.6521722457212995,-0.01270030115256629,-0.05151154399023428,1,0.9197395535769101,0.4011667740814161
2021-11-12,1015.7813876601134,-6.7419866375830075,-0.0637494930286594,-0.15927647099371614,5,0.9782724337421499,0.47112397924951566
2021-11-13,1026.1464323677294,10.651590308451492,-0.1610806938309542,-0.12546490700439628,4,0.9544009189542237,0.5041220337533986
2021-11-14,1041.2970869176418,15.319852516186037,-0.14825108799306924,-0.020946878280603345,1,0.9802393214470515,0.48276209874821835
2021-11-15,1031.0297514918477,-9.970415422381624,-0.2554082303831412,-0.041511773029355256,1,1.0251072243753496,0.42038148574486905
2021-11-16,1017.0912546172875,-13.546828248607527,-0.10774469590510084,-0.2839239300475803,3,0.5782299455763114,0.014033525617505349
2021-11-17,1021.0941533808965,4.124706643880564,0.0014785129785139118,-0.12328639325009091,4,0.6568464333017184,0.07162285022732001
2021-11-18,1043.2127202859458,22.266500755196713,-0.02626605763209655,-0.12166779251538301,6,0.622867606080554,0.003781039819052721
2021-11-19,1044.12362684255,1.0139171792395825,0.011163133231888169,-0.11417375586728873,4,0.7294980344552954,0.07350120017003021
2021-11-20,1049.3608481233193,5.310481035418155,-0.03271235241066674,-0.04054740223819353,2,0.7961167777850879,0.13339518176692697
2021-11-21,1034.810710774617,-14.391870518754455,-0.049555607258720845,-0.10871122268920286,4,0.69487491152051,0.14664002737152734
2021-11-22,1070.7106403160374,36.06176692056261,-0.04643810334084632,-0.11539927580163752,5,0.5724920315885385,0.14751461051098333
2021-11-23,1078.7134035193926,8.104452201421033,-0.04682431005934528,-0.05486468800656037,2,0.6555624189380453,0.17586533007327299
2021-11-24,1139.4157972010023,60.85629608094239,-0.12169557763451114,-0.03220682169814181,2,0.6107086750423832,0.1795260694689133
2021-11-25,1135.5372255651691,-3.695935827330608,-0.12732740191481207,-0.05530840658783362,2,0.6878266017620539,0.24646564361362078
2021-11-26,1110.1887607663434,-25.040870665980634,-0.11856089122599787,-0.18903324161918897,6,0.6045824977724557,0.0915328142444213
2021-11-27,1106.1064335991657,-4.007006132289012,-0.030746761542771762,-0.04457427334587336,1,0.6653640214072407,0.030678930255847798
2021-11-28,1125.5780893534222,19.5679908330305,0.0007064032736457081,-0.09704148204762222,3,0.6933820989194682,0.17069703419226384
2021-11-29,1107.666335117725,-17.770399278005527,-0.07025187690235174,-0.07110308078923977,2,0.7899551380155936,0.13575847148643433
2021-11-30,1103.2416583599163,-4.3027706523963225,-0.02903577122558433,-0.09287033418690487,3,0.7596560296261119,0.10643024208872558
2021-12-01,1106.3104542219098,3.222271536543162,-0.11197951480984827,-0.041496159739752105,1,0.6971803804223842,0.16263136249972787
2021-12-02,1092.4108316755905,-13.68717294601695,-0.054454892011683846,-0.15799470829077494,5,0.7690246409710149,0.1531488700110981
2021-12-03,1077.456694286293,-14.707693703089625,-0.10336153022710626,-0.14308215598093357,4,0.6328842295323698,0.04564705472239628
2021-12-04,1103.8278643566496,26.701317224072056,-0.2534730194706219,-0.07667413424470021,3,0.5810150489071896,0.06849718946088568
2021-12-05,1092.2010613386017,-11.570888300828841,-0.023187117976253318,-0.032727599242951405,2,0.5302245642249749,0.03413703407896458
2021-12-06,1095.8965044339702,3.6767107205588525,0.07968078878827303,-0.060948413978654734,2,0.6216032426164282,0.1168270706961815
2021-12-07,1090.0636541392394,-5.959926870361827,0.1390807686641494,-0.012004193033228985,1,0.6143066571818427,0.0962527316089327
2021-12-08,1093.7857744957003,3.86701460377662,0.04489752701686084,-0.18979177433256378,5,0.6527414470817237,0.14314869115175824
2021-12-09,1077.8320308031264,-15.901047653184031,-0.008171214116389443,-0.0445248252734221,1,0.5579273171812412,0.07150099358349692
2021-12-10,1069.125112136258,-8.80231206098887,0.09539339412032688,-0.0,0,0.5368799010778743,0.06385010349364317
2021-12-11,1067.223556186662,-1.8749038750337341,0.0819018335365583,-0.1085539080985429,3,0.529891188705041,0.029507201025676277
2021-12-12,1070.9989256516326,3.7467562648000676,0.09395293046758968,-0.06533973029713167,2,0.5435703502767175,-0.0542530288171439
2021-12-13,1069.557957896879,-1.4016836315230208,0.038129671768420054,-0.07741379499886238,2,0.49436697035010585,-0.04775384412715498
2021-12-14,1062.393388783398,-7.094681003722997,0.04380577588630395,-0.11369388564440035,3,0.4669111375691121,-0.06964831244929244
2021-12-15,1057.0979469597942,-5.255674294064147,0.043008059637468364,-0.08277558917706904,3,0.5710559491052594,-0.04271339439892566
2021-12-16,1062.5357463289824,5.48594085512857,0.030938617490626902,-0.07908010343079899,3,0.5378015532250622,0.026365787841052542
2021-12-17,1077.2391183120599,14.709724968727814,-0.006352985650416865,-0.0,0,0.5296214589907239,0.03966094092174953
2021-12-18,1088.5614544500727,11.351386649035502,0.0074367410385412225,-0.03648725206130884,1,0.5038690266703849,0.09756027006718561
2021-12-19,1081.2732749268578,-7.3118537066978035,0.09811331814417705,-0.07443913466128993,2,0.5142140303491114,0.07861114848204363
2021-12-20,1083.9548917865293,2.7381353631485235,0.048672661423795255,-0.10519116490073468,4,0.4990081975555325,0.019468961160631196
2021-12-21,1091.530640604903,7.452386996111668,0.1662022430384878,-0.042840420776401655,1,0.5789559463350002,-0.029907303753630255
2021-12-22,1074.879979912948,-16.58407681317934,0.07225088779644226,-0.13883476657194993,3,0.656124775671901,0.13871926946765012
2021-12-23,1096.5950212399378,21.68288856315107,0.3341995202996603,-0.30204675646113205,9,0.729643105180585,0.18530163044422282
2021-12-24,1086.0010666807236,-10.897930360273056,0.5122678683556208,-0.20829206729671015,5,0.7732907541139168,0.21377601651448483
2021-12-25,1103.7738007529724,17.858263569516495,0.11635905083615511,-0.20188854810394916,6,0.752518567696168,0.20145028229534176
2021-12-26,1112.4407570480437,8.695324804254966,0.1455997309887056,-0.17396824017227908,5,0.6727201439833956,0.2325292043619426
2021-12-27,1079.5684005636938,-32.90928087651058,0.18116615068000594,-0.14424175851920207,4,0.8380822289866966,0.2719904941976569
2021-12-28,1054.7981453900104,-24.568406474402096,-0.051910173773402804,-0.1499385255078913,5,0.6722640160533777,0.24146473869260066
2021-12-29,1060.7615021352885,6.026628301178015,-0.0333534228568167,-0.029918133043154074,1,0.6234029165314896,0.20549670812032034
2021-12-30,1068.211116031846,7.64432302673268,-0.07257476615732683,-0.12213436401791121,3,0.6887863354193416,0.2353050625977548
2021-12-31,1069.9647958709718,1.7764584925392914,-0.02277865341337333,-0.0,0,0.6828918870234065,0.23657969214956842
2022-01-01,1085.0860219152903,15.156810154625443,0.008234024246367093,-0.04381813455323167,1,0.7621768175076253,0.1895623139016607
2022-01-02,1072.2154673752857,-12.739526407753,-0.04710199800606653,-0.08392613424550521,2,0.7643275071156541,0.1775846834352277
2022-01-03,1089.3148872038212,17.257177231471015,-0.07562768543897404,-0.08212971749666682,3,0.7402278193776012,0.12349328138162431
2022-01-04,1083.2703042192497,-5.981588426860695,0.00805857378875001,-0.07105313149933509,2,0.7195646603251534,0.10582294691261125
2022-01-05,1076.2103615019319,-6.923518371177044,-0.07110815089698519,-0.06531619524385938,3,0.6738160967095166,0.013382594789140077
2022-01-06,1083.6929371656288,7.530203013149108,-0.02397964782167674,-0.023647701630610966,1,0.6406852352172631,-0.01093459254506361
2022-01-07,1074.3866394761392,-9.216026032526639,-0.01491220028232055,-0.07535945668057525,2,0.60044548482004,-0.02471232073066244
2022-01-08,1058.8341221377677,-15.547856452858124,-0.004660885513257657,-0.0,0,0.5822795923593449,-0.039759243488805454
2022-01-09,1060.5843882923566,1.883478429403238,-0.04622461909604193,-0.08698765571836922,3,0.5969172916674711,-0.029552794340129432
2022-01-10,1074.1571725968856,13.635148150906657,-0.06236384637767385,-0.0,0,0.5829549955813247,-0.01648556152526376
2022-01-11,1083.2732037234753,9.209790749172914,-0.030971472854637163,-0.06278814972864398,1,0.6986953201165005,0.07495714199209233
2022-01-12,1077.6946892118606,-5.396871676513147,-0.0926738464788602,-0.0889689886225634,5,0.7481173263735568,0.11869802583598425
2022-01-13,1098.4363539519336,20.965092160975914,-0.1509861102409504,-0.07244131066208828,3,0.643874755376006,0.1998446759175291
2022-01-14,1108.9225633720787,10.6046795954914,-0.008631366220925247,-0.10983880912546257,4,0.7280787272155936,0.2572298221753819
2022-01-15,1103.8994657893113,-5.078447389421413,0.08999746618016163,-0.034647659526124884,1,0.6837871701787697,0.20896182766264712
2022-01-16,1127.009253520551,23.17744592507645,-0.03052567753415565,-0.03713251630246545,1,0.7373889731396704,0.17817408629458442
2022-01-17,1084.5837124474149,-42.32122867181237,0.012806175534480331,-0.11711857685829503,4,0.7067316027028538,0.15276220522200615
2022-01-18,1083.8991656268006,-0.6733330761101466,-0.011213744504189691,-0.0,0,0.7009120175367756,0.15223746988476056
2022-01-19,1068.6212213908996,-15.432792586599625,0.18164425703422732,-0.026795906335521237,1,0.6456148668418417,0.10415047500194961
2022-01-20,1065.8848175145833,-2.8610936614129843,0.2125250922030529,-0.08783530710636128,3,0.6022268664404724,0.06949131136921391
2022-01-21,1054.4961979989428,-11.305432449058397,-0.0461345254004109,-0.03705254118174453,2,0.521149990404857,0.05291099770580226
2022-01-22,1048.2176182241133,-6.174314475660869,0.05009298531933129,-0.154358284487977,7,0.5490948597729786,-0.03756598917437848
2022-01-23,1059.809825616641,11.52144489311955,0.0707624994082678,-0.0,0,0.5815212060944446,-0.026283854076624136
2022-01-24,1060.799375531542,1.0661657756937513,-0.0019010135028666763,-0.07471484729019649,2,0.6604285951702952,-0.04335069366215837
2022-01-25,1063.0035200959085,2.146152474684736,0.05799208968167237,-0.0,0,0.6685891350213886,-0.04124185429511713
2022-01-26,1045.230823091827,-17.75045463779408,0.08438931199213236,-0.10663167827942785,5,0.6875924632245819,-0.08739886994709578
2022-01-27,1025.1223952059208,-20.21111794323898,0.2256023417480508,-0.12291228441525082,3,0.6444631896350443,-0.04708707134080312
2022-01-28,1015.981409991303,-8.90617566072673,0.01973628105656052,-0.2545458349475967,6,0.5763282004273095,0.04575282161033191
2022-01-29,1012.9094669093079,-3.0147281568500106,0.10145675382848915,-0.1586716789736681,6,0.6707775500759688,0.014146592291745596
2022-01-30,1018.3187085477703,5.334201228103129,0.17922883423935287,-0.10418842388015809,3,0.6957379284976128,-0.029224839765526874
2022-01-31,1010.6272190757189,-7.63698677469376,0.06232015173888642,-0.11682284909644206,3,0.6824994328784154,0.01294863394173727
2022-02-01,998.7520403942029,-11.874766878610103,0.16044533097159025,-0.16085713387751469,3,0.6840144307586782,0.01864831448096098
2022-02-02,980.7652088442449,-17.704891578229677,-0.04523414762857297,-0.23670582409994156,5,0.578241184122529,0.021431022161944896
2022-02-03,979.2702200520297,-1.4032165388388669,-0.012091149492667881,-0.07968110388370853,2,0.5973118238203444,0.022195056857917148
2022-02-04,983.7266369433798,4.63897887421859,0.086569066249334,-0.26913104911769875,7,0.723760867161993,-0.028771237036767913
2022-02-05,984.6150370202813,1.0396953167303904,-0.022324097956737295,-0.12897114187219327,3,0.6685307228665721,-0.08427483549181318
2022-02-06,973.4361404678639,-11.076691176478809,-0.014927102918826348,-0.08727827301985479,1,0.7050690455702696,0.031464093486781405
2022-02-07,966.3544628372872,-6.773106497164003,-0.037445006126905864,-0.2711261272858274,8,0.784982953620017,0.03083773529731003
2022-02-08,981.1901296104927,15.06452468470825,-0.081095178723539,-0.14776273277929908,4,0.7580143561975669,0.04987727929635448
2022-02-09,976.3880039490875,-4.646855251426276,-0.024314997242460563,-0.13095541273645392,4,0.824999658061292,0.120818642862336
2022-02-10,974.8829969365748,-1.3814720569591419,-0.0015862422014018829,-0.12194871335218987,6,0.7897432692973709,0.027970491858259464
2022-02-11,976.0446998212025,1.2469212031112218,-0.04085658423729156,-0.04436173424631569,2,0.6735853967058173,-0.035714581453974055
2022-02-12,979.0414781795378,3.0336286792768954,-0.03685032094161193,-0.0,0,0.677481719828864,-0.032506691457428634
2022-02-13,981.3426495739925,2.343757558682385,-0.007950769588393709,-0.034635394639269595,1,0.6126923376796308,0.020377687152507745
2022-02-14,976.088383383749,-5.125924630405465,-0.0069994469368466275,-0.121342112901168,3,0.5852230658646195,0.05285973479214191
2022-02-15,982.9091506938134,6.934983060337658,-0.005281571189971109,-0.10893417908319722,3,0.6745371880401262,0.10371096473687656
2022-02-16,984.1039035017625,1.2922920762380996,-0.036329380321278554,-0.061209887967768675,3,0.6311273758912935,0.07397664505322941
2022-02-17,977.9599812832718,-5.980351340277762,-0.06436369892886694,-0.09920717928408199,4,0.6240340353286276,-0.015452160459338598
2022-02-18,978.2288199096477,0.2981020420255649,-0.02926341564964506,-0.0,0,0.6120459565867133,-0.015143177352864688
2022-02-19,978.2490502197102,0.07347364943425672,-0.017548153975207842,-0.035695185396550026,1,0.6659433860493135,-0.06719468916678138
2022-02-20,977.7878109546888,-0.43425282684074307,-0.004163947679607854,-0.022822490501073323,1,0.6606152993131901,-0.034326298046818735
2022-02-21,976.6446038149941,-0.9928556515259706,-0.010457157911803988,-0.13989433025689618,4,0.5692333648663958,-0.016375994944895965
2022-02-22,975.8254062809943,-0.8073523237926938,-0.011845210207053022,-0.0,0,0.5961135561330736,-0.017217095712702777
2022-02-23,980.745948446665,4.9383131435329375,0.04235441628722669,-0.06012539414949832,1,0.6621582654343758,0.07548423121760259
2022-02-24,987.7617813531012,7.078173927333168,0.04241222894776381,-0.10475324984472158,3,0.7319919013578138,0.0183079844201935
2022-02-25,994.294686200585,6.629748782866152,-0.013775246508415162,-0.08306868887390458,2,0.6641098162118856,0.02928056258283882
2022-02-26,991.9283427381923,-1.7958715805791103,-0.0007166688503165951,-0.5697552129632594,10,0.7039869440279413,0.021088928944898656
2022-02-27,981.05794191081,-10.899807082265914,0.06818779425216694,-0.03878153936859131,1,0.7283922921474902,-0.04625955094295806
2022-02-28,987.4910977062243,6.539092223135674,-0.04263326552497881,-0.06330316219637112,3,0.8186955581207819,-0.045388433410882945
2022-03-01,984.7006923683059,-2.3299194189176404,-0.07490069137227783,-0.3855852276284331,10,0.7988588505605841,0.0912053724958937
2022-03-02,984.8455462082775,0.34296494278387346,-0.07181248148649308,-0.12629862132579156,3,0.7369912467705246,0.13862178773884398
2022-03-03,986.5876864388277,1.9211259363605506,-0.07962060578451025,-0.09936510002578217,2,0.7380529996176907,0.1256310424889894
2022-03-04,973.1751960028731,-13.345353004248679,0.01980656916954527,-0.08694400087546439,2,0.7054837238615466,-0.013980040841974078
2022-03-05,969.0762761826009,-3.7023624183745536,0.07366823847303788,-0.4702256403707266,10,0.7511691645288975,-0.08261291422232013
2022-03-06,970.3496869904346,1.3185858141860614,0.014262388667949419,-0.059437395020247655,2,0.8072842469288075,0.006359495893492048
2022-03-07,983.0490693622252,12.756484670267547,-0.0003529664390136411,-0.05674933203796205,1,0.8621294510821544,0.101722179468372
2022-03-08,977.4503572114219,-5.092915336753589,-0.03010388717409461,-0.47569292687552844,11,0.870201090707693,-0.0398449512913111
2022-03-09,995.9886302027272,18.467833741760295,0.2341435543420221,-0.16370430479694534,6,0.9314187979309118,0.03139664220898536
2022-03-10,1002.0137124830605,6.0100280984971,0.05465369801166624,-0.039599516175429735,1,0.8237535676774509,-0.019251244157606904
2022-03-11,996.0032179141823,-6.250242462240508,0.2793502782018577,-0.03960238483957182,1,0.7487021746334868,-0.08244460168270241
2022-03-12,994.732613772991,-0.8627764096140669,0.2586904758464308,-0.6665182074235305,14,0.8293335003808235,0.043502502551550325
2022-03-13,988.1722567825162,-6.5538101506754405,0.08520613886038797,-0.0917529786598214,2,0.942508612957531,0.07938122634673783
2022-03-14,991.7247488674808,3.704669988868802,0.058427427122197215,-0.21060533102635487,6,0.9903753781506666,-0.07294233733736957
2022-03-15,994.6766664016462,3.1032063603011997,0.3578031778790699,-0.5090920040148599,12,0.9381426437756649,0.016410552588897342
2022-03-16,978.857692608639,-15.972302599287634,0.2151964527078662,-0.06186764642741366,1,0.91794668691312,0.09064978888436326
2022-03-17,986.3368252781595,7.230466445602058,0.2923267581060062,-0.04366053418750806,1,0.8391037845989013,0.034056842521819876
2022-03-18,1002.1294015759636,15.668140490172544,0.1712191588243867,-0.046783351192872254,1,0.9273754342168385,0.11584633390312006
2022-03-19,989.5742753784828,-12.75646328346433,0.28854061123272245,-0.08720352524928099,2,1.0929079785506588,0.07757420463538102
2022-03-20,993.1025693996922,3.4552385141601927,0.1033849320512891,-0.03032942500203283,1,1.0110650008857096,0.03714915960158721
2022-03-21,994.4831950693635,1.16688116081141,0.4270219886301839,-0.21327747977032435,4,0.8433800061929609,0.19252203449479618
2022-03-22,1007.0345573069618,12.595005154502367,0.20692896898932694,-0.25057188589341794,6,1.1031383469230542,0.2661150909768317
2022-03-23,995.1206730738091,-12.114834627681422,0.2888085471085632,-0.08785815257981375,2,1.1168893075786421,0.24354089426598582
2022-03-24,989.3530013172226,-5.845641839684507,0.2300170776605386,-0.15204699456253334,3,1.0860428450874904,0.019504610109231334
2022-03-25,1006.0321556181585,16.79430974852926,0.04855167981579038,-0.16370712740905902,3,1.0969450331003663,0.2683399110675813
2022-03-26,1005.0486718660796,-0.624173958605593,0.02498261529373265,-0.38429240876704435,6,1.0314158805631615,0.250128705444709
2022-03-27,1011.2178593439792,6.240948059691916,0.0007997763018533291,-0.07256035809432067,1,1.1668728000558732,0.3572821843923141
2022-03-28,1006.2822436315997,-4.909815153242159,-0.025800559137241,-0.0,0,1.1703197485001935,0.354155419898441
2022-03-29,1017.7305292765446,11.880140975983155,0.052447930740069176,-0.4843032617783558,8,1.3666458615588934,0.28499872776409085
2022-03-30,1079.0152249700052,61.85404071087512,-0.36392765377158937,-0.2054173636428739,3,1.0835328843666543,0.4504402382899158
2022-03-31,1065.5550385509798,-12.863595883179974,-0.5306705600190862,-0.06591997582621911,2,1.1010720211508134,0.4717336803234621
2022-04-01,1082.4287417699693,17.57992138908687,-0.26538404363017287,-0.4408341264671862,8,0.8271102313795105,0.3128699352176903
2022-04-02,1067.981605787679,-14.242613322604148,-0.12619677916627817,-0.07832588052001982,2,0.8869880437847183,0.3610936838926579
2022-04-03,1071.2459140438402,3.9571201217831744,-0.17957469915613225,-0.513237166465819,11,1.1096668466730908,0.3658318833559686
2022-04-04,1061.3557777734077,-9.733792763879553,-0.07219381840109679,-0.08414968815191254,2,1.1116966959468828,0.24680534348310756
2022-04-05,1044.4083715743304,-16.558633319622786,-0.13337444618002264,-0.2553984332743681,5,1.1311268104100836,0.3115614858835672
2022-04-06,1028.7197262254351,-15.330011474685733,-0.05142357489460664,-0.30721029931488525,5,0.7385196651876427,0.10906844139033124
2022-04-07,1034.0811503018917,5.411230705337039,0.011830297658695515,-0.061636926539123504,2,0.8452227653760216,0.061480163368662556
2022-04-08,1031.8450921006604,-1.5852578481508708,-0.043951554611075916,-0.6068487984694407,13,0.7904785201063786,0.11909818369573688
2022-04-09,1038.022086272325,6.41082703511085,-0.17201298203501653,-0.06181988141141152,1,0.8981704149378446,0.039486237913140466
2022-04-10,1040.6071154676843,3.273901979898576,-0.22264955976412468,-0.4662232247750976,12,0.8842577119939278,0.027564664231574405
2022-04-11,1043.648823970703,3.325827852753555,-0.23957461372979913,-0.044544736004928684,1,0.8700204538050244,-0.030302840223560164
2022-04-12,1034.8970014157035,-8.472668543532794,-0.1782091175040969,-0.10094489396257911,3,0.8825549969012857,-0.05676120296641756
2022-04-13,1030.1400992562455,-4.449451679316338,-0.1648061905209847,-0.14264428962064968,3,0.8295003285538558,0.020038438984205865
2022-04-14,1035.261741239393,5.338255716238264,-0.1188611366975,-0.09775259639332776,2,0.8140137932087516,0.0186995935086983
2022-04-15,1027.1934259021132,-7.766124848692752,-0.08401498101727267,-0.21817550756954796,5,0.6128131724626779,-0.016353584131551968
2022-04-16,1027.7135215105516,0.6660756329661486,-0.14598002452768402,-0.0,0,0.6117575571001627,-0.01569719395458544
2022-04-17,1029.4453943659464,2.0175021624753744,-0.017244332714087235,-0.26838497436641034,6,0.7832457039929936,-0.04448263875163191
2022-04-18,1012.5842213484458,-16.484873746492752,-0.16630836903419619,-0.2099909019737043,4,0.6925105505223552,-0.046461942980017885
2022-04-19,1011.3583412512521,-0.7997929706423061,-0.12567296847416543,-0.30041415807711314,6,0.7507934493237154,-0.027530509321861154
2022-04-20,1024.228155728044,12.965438156716496,-0.09562367992471132,-0.0,0,0.7369102836788173,-0.014525837823963838
2022-04-21,1019.7968237898898,-4.265859962139299,-0.02200233277709173,-0.14346964323773903,2,0.7090886591351224,-0.01566350200455628
2022-04-22,1022.8868306376017,3.391229166945343,-0.15219250495446152,-0.14902981427896222,2,0.7099959480388501,-0.016081157946772093
2022-04-23,1034.8849524743277,12.704714654092381,0.01462665200688491,-0.721219469373112,11,0.7142060189959901,0.09544372762736153
2022-04-24,1032.4384795345475,-2.2495359760779223,-0.052439391214811205,-0.14449757248750686,2,0.7094366141709799,0.09636906555610396
2022-04-25,1060.0393109664103,27.635119222332428,-0.03428779046963368,-0.0,0,0.7156603180299013,0.11992975111775823
2022-04-26,1054.4737757363926,-5.096855239940639,-0.06734723880277302,-0.40133275127440343,11,0.7615547113035818,0.004878724279470703
2022-04-27,1055.7943156902893,1.4188981684201663,0.037204799337568845,-0.13556301386096917,3,0.8382731217693514,-0.04935692973053398
2022-04-28,1061.7155528467442,6.062764675824372,-0.04798372123221342,-0.09354379813717015,2,0.6942957755997589,-0.16923741771573117
2022-04-29,1085.8774951366543,24.82538055874792,-0.1908726297887755,-0.4725656390491878,10,0.6721555494757414,-0.03804625839198601
2022-04-30,1109.362379734589,23.812697676350997,-0.20419068276954006,-0.12362239564653738,3,0.7530854142365695,-0.008700355866586445
2022-05-01,1090.5424147174185,-18.378479573184674,-0.16607668239653006,-0.27540876158913263,7,0.8344876107272232,0.08740141872159196
2022-05-02,1090.7385455487336,0.31728045987611386,0.031740770041263994,-0.15289039860219356,5,0.7431162914719464,0.011391009017672024
2022-05-03,1077.2993672863256,-13.260873998236255,-0.04512870232537919,-0.1331755618464153,3,0.6724571193000524,-0.06270792022480444
2022-05-04,1031.1502019341106,-45.866705409703314,-0.07163163716940896,-0.21082830534242997,4,0.6548965353290093,-0.08362395597060335
2022-05-05,1049.4268226639845,18.495269480259857,-0.09867266896443622,-0.11997608142144248,3,0.7380927045550241,-0.010102774231460243
2022-05-06,1059.2657149958584,10.12117165632854,-0.18414109837223158,-0.09813822608240935,2,0.6083022870234425,0.1318994028113855
2022-05-07,1057.1575511117524,-2.000819762149603,-0.01516103864019716,-0.09218308331630237,2,0.5943807259864318,0.005699790381058679
2022-05-08,1067.6061997129061,10.609087579145795,-0.02630717210284423,-0.13413180588914186,3,0.6414546467339362,-0.031221271381500437
2022-05-09,1095.7208223215803,28.317393736725435,-0.10103154347355928,-0.10173958457759083,3,0.575772989408796,0.020668349791872948
2022-05-10,1097.5548412456214,1.9554226291747954,-0.0034050896973677226,-0.11799861543645483,3,0.6504343459949078,0.06827240051224726
2022-05-11,1088.3995875178434,-9.588201955203633,0.5611856368290333,-0.1282374094034259,5,0.5594722505890223,0.03315230854526097
2022-05-12,1029.7862884505762,-60.246515334642794,1.7230817440147335,-0.08986547663930929,4,0.5484989771499857,0.011851805014754486
2022-05-13,1028.6622561833533,-1.304950363122889,0.3777241670696245,-0.19680607116973195,6,0.5205980052470704,-0.04801406104904086
2022-05-14,1022.2034145167756,-6.472954655645433,0.045966210013586986,-0.03185322094581882,1,0.5851857395341783,-0.010133605038488478
2022-05-15,1011.0705536431994,-11.102716497162257,0.14028460518430658,-0.17042898159822795,5,0.5735366472048429,-0.04578254393431102
2022-05-16,1011.0529321980005,0.26236586230354675,-0.27998730750257583,-0.0,0,0.5248257998377175,-0.0455238442170312
2022-05-17,998.9094442567193,-12.014850011218721,-0.007579246196035569,-0.12105868386639139,2,0.5073296471876929,0.002465610662090176
2022-05-18,1005.3196570643823,6.143442458495378,0.2983025079177498,-0.03153215875013583,1,0.5096322870156048,0.05336840370057934
2022-05-19,1022.2378614045892,16.747504513035977,0.21757622139922175,-0.0468763942283104,2,0.5585225355127662,0.0033588389551950848
2022-05-20,1027.64876812753,5.441223714710478,-0.03031699176966511,-0.0,0,0.5358257092521304,0.00863598180654871
2022-05-21,1029.6248951277964,1.9800225963909437,-0.003895596124656543,-0.0,0,0.5481724268241709,0.010542459407136991
2022-05-22,1030.972785257312,1.4510388022249208,-0.061648740566880925,-0.041499932142545236,1,0.5078451953319566,0.06944066403490241
2022-05-23,1026.660393113215,-4.280109601433162,-0.032282542663886055,-0.0,0,0.4823791762045273,0.06556337973128051
2022-05-24,1032.1225661606725,5.584885902855153,-0.12271285539771006,-0.0,0,0.4877582718932967,0.07062747536154022
2022-05-25,1036.8794096351137,4.849824881056705,-0.047499540423466206,-0.04548186619186717,2,0.4917935822931098,0.08922126250331026
2022-05-26,1034.261540792005,-2.542642015064865,-0.018407557061894446,-0.05681927098200715,2,0.532986483533519,0.07577704023305987
2022-05-27,1035.4793446312628,1.672053574863116,-0.009859710321382636,-0.44439002528386295,15,0.490758999491307,-0.048507816042368423
2022-05-28,1029.7650460689201,-5.265094581625244,-0.4492039807174848,-0.0,0,0.511201921178248,-0.05388990076767149
2022-05-29,1028.181389263265,-1.0013104592491002,-0.22994154871562872,-0.35240479769056693,12,0.5837641879466086,-0.006003779828104811
2022-05-30,985.5810129005858,-42.06446646855349,-0.18796830203807705,-0.34794159208748804,7,0.5134464182132856,0.025767329325078022
2022-05-31,997.8069931544138,11.624839840947704,0.67271931263384,-0.07157889975365443,2,0.5143032252321912,0.03876655745146435
2022-06-01,1003.3145991288106,4.509611204338547,0.997994770058322,-0.0,0,0.4730902817190487,0.043048464925592986
2022-06-02,1004.9378879132835,1.0324724057198162,0.5908163787530549,-0.0,0,0.4848669403602911,0.04400632742336003
2022-06-03,1009.374386888495,3.5372092978869056,0.9301372779212448,-0.030847600596661143,1,0.5068850375010817,0.00365853763393903
2022-06-04,999.2970057617455,-10.658618048989961,0.5812369222404142,-0.0,0,0.5132019624871113,-0.006970684218666714
2022-06-05,996.0121320856463,-4.034116896704797,0.7752483124367068,-0.026005091831171896,1,0.545515874172785,-0.04834281671960312
2022-06-06,991.9230028679915,-4.356636844715565,0.3771232753119801,-0.10961564825117848,5,0.579821488143542,-0.0505186859276315
2022-06-07,1034.1161300833928,42.0586163517416,0.22840265942542837,-0.09389179576584875,3,0.5243782695439689,0.027716579086249596
2022-06-08,1024.8839080304308,-9.434365753871894,0.34778549759094296,-0.14564179668101718,7,0.44079582746264434,0.01853446137129766
2022-06-09,1030.3040895523,5.395413126863254,0.08019176395048543,-0.05542336894453125,2,0.368226608134905,0.025340686504416374
2022-06-10,1025.2842407784194,-5.006937932317301,0.06367917251125482,-0.07659001407465571,3,0.38583256423517387,-0.00938757081326708
2022-06-11,1030.2981521343552,5.062918298981442,0.029218560998739193,-0.07822550404433201,3,0.39104485350182566,0.027322279021250912
2022-06-12,1025.733832417216,-4.591097749750695,0.06393226676929016,-0.03715423415759692,3,0.4006019290431912,-0.028777915475879132
2022-06-13,1021.1500706685522,-4.616712718189831,0.13074188644427306,-0.09779091691827557,5,0.3868743018890813,-0.017054338149259243
2022-06-14,1017.8689098501516,-3.3601519906156674,0.1985242147955555,-0.11953304258058846,6,0.4388969300873575,-0.03854756819938778
2022-06-15,1010.9178616970108,-6.894373951694538,-0.025389235973710914,-0.03128496547258452,1,0.4313343928718691,-0.0014224077036169545
2022-06-16,1006.694993803228,-4.255662870453882,0.03279497667106714,-0.0,0,0.37740175229767303,-0.005655735113120683
2022-06-17,1010.527906011805,3.818200361566964,0.037980877334852295,-0.023269030324847402,1,0.4212466031967177,-0.03475101632207441
2022-06-18,1013.0915240228403,2.684576348685164,-0.12095833764990674,-0.0,0,0.38995755297342954,-0.032013193909923195
2022-06-19,1006.1022240648542,-6.9892215986374335,-7.835934865874083e-05,-0.0,0,0.42090380353607404,-0.039182417117029494
2022-06-20,1007.2580737081728,1.1697486382281228,0.013261844657650304,-0.027160839567109366,1,0.46693878677676254,0.0005454719385966757
2022-06-21,1010.0776118711248,2.8970806544864285,0.04539966653141833,-0.12294215806584104,5,0.4565151104367656,-0.01645365034600684
2022-06-22,1001.4662751978749,-8.681896916689878,0.07056024344002254,-0.0,0,0.4360484716191683,-0.025264316324329343
2022-06-23,1003.5166802045998,1.9739621442242647,0.13062899345080314,-0.054186130950160755,2,0.3959064099748046,-0.02224433757031923
2022-06-24,988.948820369819,-14.447143065051723,0.017658511760646527,-0.13837528148968298,5,0.4456917606835065,0.07032774213110674
2022-06-25,984.2093070966025,-4.628159680960012,0.036255036166602465,-0.14760862842307965,5,0.41350206628389624,0.0315352344900778
2022-06-26,973.45232559743,-10.6868693415355,0.004462583145397402,-0.07457474078235315,3,0.4369726982363779,-0.012176933428887591
2022-06-27,972.620860791878,-0.7390588849966494,-0.03828625716251512,-0.05411966339270974,2,0.3567370355201384,0.004233750126992141
2022-06-28,965.4207538682294,-7.114771372208807,0.03279032981041902,-0.11812588125015613,5,0.38969303207006906,0.05182994954519198
2022-06-29,966.1781932721573,0.648733708971642,0.12162706663782266,-0.012921371681609827,1,0.40178579126684333,0.033355482967794
2022-06-30,966.2141540678589,0.047700076089504995,0.010757770545964662,-0.02249705093385687,1,0.4302742539292192,0.06666605355103619
2022-07-01,964.055502532998,-2.2006518602902716,0.06819108117695621,-0.0261907557475626,1,0.46120028734628765,0.025722240325117704
2022-07-02,975.6721967898609,11.61049018861078,0.029107394810618265,-0.022903326558515673,1,0.4352471579021619,0.07085084076362368
2022-07-03,968.9140869006379,-6.803562676187159,0.04545278696418101,-0.0,0,0.43397330778823046,0.06432317748153189
2022-07-04,971.2764705516108,2.3885982697068244,0.0012609422886444635,-0.02747556102257273,1,0.49425076361495135,0.0262143996657251
2022-07-05,973.6970659207143,2.3740687259226263,0.04652664318088648,-0.0,0,0.48386597136004206,0.02858743164082207
2022-07-06,976.7012556005578,3.0917573425453373,0.04575198664277127,-0.13331964934458504,5,0.46485203068177605,-0.0034488897548433056
2022-07-07,974.7014894139395,-1.915857205354449,0.0020456283462932795,-0.08595460961025582,4,0.5100607435057043,-0.01647831041845158
2022-07-08,990.6981415451695,16.015808785519006,-0.019156654289043874,-0.0,0,0.506073731817347,-4.6053303683229084e-05
2022-07-09,983.4777378568227,-7.174931909628153,0.011004756177726125,-0.05647653489630662,3,0.5130917810478427,-0.06904205184913427
2022-07-10,996.5731175629923,13.162914090588457,-0.03871105152585786,-0.028823332893161666,2,0.45005879003180227,-0.03297424093118823
2022-07-11,994.1854168718868,-2.2305106678420707,-0.08922368113787046,-0.06796634212552136,3,0.45697245926628155,0.021927663543582828
2022-07-12,991.2611088473675,-2.670107683875859,-0.07809895732428418,-0.176101383319195,7,0.45357738484831966,-0.026755779197108347
2022-07-13,995.7496784624701,4.516862733315693,0.03609688294437338,-0.0643900011574813,2,0.5715083465277419,-0.022099028598897685
2022-07-14,1000.3844106465722,4.687936869388702,0.06579740092253089,-0.1190020862092151,3,0.5431711166219172,0.06011005961455656
2022-07-15,994.3540219802137,-6.017159570699402,0.03499434212897447,-0.048223437788000284,2,0.5339450920312763,0.044417402678387494
2022-07-16,997.6857493920857,3.4602044614287086,0.04816780328548832,-0.1766448528423245,5,0.5815262585291946,0.04753435836792468
2022-07-17,999.5294206455318,1.885803310069526,0.09351869594391476,-0.13565075256740655,4,0.5987246919879702,0.08001278970757458
2022-07-18,1035.114261854097,35.89650053260363,0.009306734700697941,-0.32096605873894346,8,0.7621535706888297,0.14730921302006872
2022-07-19,1012.881241756847,-21.99200316613442,-0.06370364776828469,-0.17731328334740676,5,0.6775731676292649,0.12787964675186192
2022-07-20,1000.374026439725,-12.340239979210292,-0.03265809204048631,-0.13431724587123417,5,0.5623156230092792,0.14040196896443038
2022-07-21,1021.0956990417432,20.7614961868383,-0.02890800103406707,-0.010915583786029717,1,0.5892655205606043,0.17315680644691692
2022-07-22,1004.2511607542774,-16.791954321177748,0.016976439923857875,-0.06956040621180809,3,0.563095728376699,0.148872790198851
2022-07-23,1001.8917008145482,-2.158696402406063,0.03202357910450207,-0.2327871164276084,7,0.6239788789339706,0.08451031289698578
2022-07-24,1003.0146324941616,1.2273229197591395,0.03230573550559725,-0.1366969756513962,5,0.6929835070277329,0.10407045036272636
2022-07-25,982.5451332694034,-20.281994766999418,-0.07577894565477884,-0.11172551210388923,5,0.5473015289013403,0.08127631727504418
2022-07-26,990.0539694197702,7.582362671004009,-0.04244247168944963,-0.031084048947791685,1,0.5075550950157683,0.13317031287502332
2022-07-27,1023.9194152149831,33.91952892775214,0.12228843621260288,-0.17637156875173846,6,0.6947631737432837,0.07428612228914269
2022-07-28,1052.5974866002828,28.865424244538932,-0.01281782634934926,-0.17453503288987673,5,0.6922635409660989,0.2506648904608092
2022-07-29,1023.1176837860017,-29.167803756200744,-0.06466024059473396,-0.2473388174855156,8,0.6869536261081901,0.25706054290522723
2022-07-30,1011.8867804987792,-11.038031999079838,-0.06820145171985706,-0.1246698364228856,3,0.7227094367539564,0.23942090461545865
2022-07-31,1007.035650101888,-4.645327110427806,-0.06729385095240534,-0.1385094355109868,7,0.7050491852689937,0.27414254746029115
2022-08-01,987.2755023773917,-19.54163267482011,-0.07709526699757943,-0.14141978267855818,5,0.6467632838410468,0.10655328476224787
2022-08-02,989.791808809839,2.7112815401950496,-0.045475222564018425,-0.14949988518365495,5,0.5839712849049009,0.17676996924417412
2022-08-03,992.4488071369271,2.729562019824254,0.03152656053215444,-0.10409025326828357,4,0.5886673128838249,0.18681472488063
2022-08-04,987.6570769614186,-4.608308261516496,-0.009185955763165832,-0.17423595822885418,5,0.6515697129908776,0.19614480954518695
2022-08-05,1003.739087594006,16.265810040103123,-0.06163007680959005,-0.12216933070617018,4,0.6878847495592627,0.18131214837475967
2022-08-06,1001.2774383445504,-2.3275743612010933,-0.05172587320314718,-0.08234901505133728,3,0.783933925267943,0.19163103124947278
2022-08-07,999.7081231949874,-1.4969527034762642,-0.0564543771533789,-0.015908068933444975,1,0.7632955112181292,0.21316690661102067
2022-08-08,1000.4110010933866,0.9427565893529373,-0.01880771602428675,-0.22107097492939368,5,0.8613955752251632,0.3235335345227013
2022-08-09,995.8327485546038,-4.376223076103821,-0.025226802293957636,-0.17680266038509956,6,0.829387075372012,0.17330991908147753
2022-08-10,1013.2448462132141,17.581568125151662,-0.08060507116647907,-0.08886539537477225,2,0.9037361874118199,0.3129745265442071
2022-08-11,1005.2156308958118,-7.871188317449002,-0.07063926750957643,-0.08738773244379777,3,0.818800511190666,0.41193972989389654
2022-08-12,1018.7341450170978,13.841576996378695,-0.14265207820735368,-0.1804107968853797,4,1.0608216383743485,0.5668061693676733
2022-08-13,1029.6272924086331,11.18017687094729,-0.14558164038920718,-0.14144783902263486,4,1.1330884966071615,0.5991375420603228
2022-08-14,1007.4041894098976,-22.018770401246556,0.043129725295246224,-0.24746232278418756,7,1.12439153437557,0.5475539236127557
2022-08-15,988.8281852536818,-18.258717476867226,-0.16098480195153206,-0.1563018773971233,6,1.0555669293826893,0.47239192050378964
2022-08-16,980.2671110110991,-8.176096952847754,-0.14106256860687164,-0.24391472112804402,6,0.8673502705186169,0.33860107321658084
2022-08-17,967.6818880597199,-12.010867405500145,-0.23433779303075103,-0.34001775284837865,9,0.7525912264219536,0.15332262135677474
2022-08-18,962.9764001959792,-4.244112403818293,-0.2661277974649566,-0.19524766245739028,7,0.7847868705015264,0.06665012101616018
2022-08-19,944.3655189490288,-18.153951847858615,-0.2767373820017026,-0.1801920170899849,5,0.6557175427457042,-0.10290520574289833
2022-08-20,946.0254275182756,1.8097562817155148,-0.07874782647728516,-0.07109988599143191,2,0.6528755561867687,-0.10022525547561184
2022-08-21,944.9914866852687,-0.8316362482328248,-0.13923447721600463,-0.06307010755814993,2,0.6606406860095176,-0.0058700240492478425
2022-08-22,962.8609178781297,18.06068590260085,-0.1001420473371143,-0.09111266240268484,3,0.7172221442363427,0.07498924645347804
2022-08-23,962.4524584865408,-0.3982212319272629,-0.010238159661668366,-0.0,0,0.7294770143360592,0.07460731468458506
2022-08-24,966.8459243443982,4.427324484725435,-0.033858626867945246,-0.0,0,0.7199068168578593,0.0788474316377512
2022-08-25,964.8377864389241,-1.9106824359672896,-0.03691807113254205,-0.06053739837417952,2,0.8149639439570712,0.0557126368297206
2022-08-26,957.5456540887735,-7.044919978786836,-0.028996944934595436,-0.21821542642917394,7,0.6435529312818471,-0.059216545720546514
2022-08-27,952.4988916378675,-4.862863632737158,-0.11117767525175484,-0.07272114291714236,2,0.6515208494653959,-0.06781455614614242
2022-08-28,953.0599189394086,0.6893159035898417,-0.11317877338126346,-0.015109828667453697,1,0.6464286316137974,-0.04440277394592785
2022-08-29,950.3310998908199,-2.6247600692424395,0.01815826266918531,-0.1222172420154092,3,0.613234962951737,0.02222456931479087
2022-08-30,948.6391715974173,-1.6519127155375473,0.06343101587371912,-0.1034465937387944,3,0.6685314703210873,-0.02300407920599022
2022-08-31,955.7685855925674,7.085766624481867,0.08149763226856878,-0.03785026160029756,1,0.6135237725378555,0.04115535796241092
2022-09-01,962.0378989841697,6.305029655814775,0.00035971615719689954,-0.036075980369715904,1,0.5663429107532172,-0.006129786461637958
2022-09-02,962.6687948310729,0.7316208756766732,-0.015691354260727593,-0.08503367451280608,2,0.5703562828744091,0.006255855819226279
2022-09-03,961.6916973678647,-0.9125293208634797,-0.025871842886176017,-0.038696299458573204,1,0.6284868311710776,0.06279581681376352
2022-09-04,959.7988145946689,-1.8406449240242613,0.031209422267357997,-0.08344727143890007,2,0.6310223287410666,0.05181535212719397
2022-09-05,957.3097519757356,-2.218994554093608,0.007632543626889503,-0.2777006084666157,7,0.8306415686864556,0.24012407722637852
2022-09-06,925.8313932916041,-31.241773313376395,-0.08929326665412507,-0.14729210410100899,5,0.6454518667371184,0.06741332875333574
2022-09-07,933.044140599429,7.17576013317812,0.13575602527158137,-0.09876885062468557,2,0.826467848385868,0.22580656700680207
2022-09-08,931.9371439551749,-1.1012061907669881,0.06695526431938979,-0.0727457178065738,2,0.8247419063435867,0.21793794225222743
2022-09-09,945.3589917700804,13.630162336618,8.769845598793902e-05,-0.20840222016847068,5,0.8217534362684251,0.19114612470217643
2022-09-10,951.7633359680472,6.509382488810602,0.04569484054690835,-0.15073313139066735,3,0.9373739414724888,0.27628859575256726
2022-09-11,947.1147840772951,-4.636391385034939,0.12265383310083042,-0.13481433881792637,3,1.017956223121769,0.22881907577861224
2022-09-12,931.0147641285236,-16.10993258154357,0.2828075046621694,-0.27289487189016914,7,1.0534293653115512,0.3712425041261418
2022-09-13,894.6529109652254,-36.42332306294337,0.44058290236153436,-0.3791130027164412,7,0.6617501061395409,-0.006136570194706181
2022-09-14,897.3569040602299,2.89997442864915,0.025427373322824125,-0.22140870696734388,6,0.8318341037762043,0.12735440270452353
2022-09-15,880.6480348581578,-16.63560562702481,0.16275918324246713,-0.23602275828975772,6,0.7168690181512403,0.07022554316776825
2022-09-16,882.1336572190952,1.0751404623632452,0.5878170535062095,-0.17733515493208438,5,0.7725810193252926,0.002988784688616336
2022-09-17,876.9949413899101,-5.193755664312777,0.13586632090387502,-0.08082648577619497,2,0.7963900129146128,0.12874550904074678
2022-09-18,869.2554468218999,-7.788868685013769,0.049374117003637766,-0.0,0,0.7325740388517593,0.12093141533334331
2022-09-19,880.4337973296218,10.956788443682058,0.35426769430214944,-0.13270563026228274,3,0.7006370200608266,0.031585524256775785
2022-09-20,872.6915068372737,-7.545147884847817,-0.08178810247401641,-0.11535450502629213,3,0.7013229055264418,0.008588160038873884
2022-09-21,867.4855059971316,-5.069183133636814,-0.08530352568734006,-0.05151418081798709,1,0.7682664817585385,-0.0820371697269906
2022-09-22,884.4200214534104,17.08071799380376,0.03668377947798175,-0.1828863170028945,5,0.9499816697352779,0.10039561704198131
2022-09-23,885.8033321881936,1.6044189979227559,0.011549502066749234,-0.2326577652063367,5,0.8857459956370144,0.07415991922104487
2022-09-24,883.0982096158482,-2.640204065763659,-0.021945442092705485,-0.04297306448899336,1,0.806148818912852,0.14091410249411665
2022-09-25,885.8152098763376,2.892668038440222,-0.13181092240451908,-0.04385685554627476,1,0.8669276596485839,0.07301862528332057
2022-09-26,871.0111307864914,-14.673280828766977,-0.09238196357235814,-0.038416297506798806,1,0.9472105733327213,-0.005594299298854461
2022-09-27,867.2182065049877,-3.797401206956134,0.004476925452445161,-0.0,0,0.9315322099492052,-0.00999759702941568
2022-09-28,866.2318445778745,-0.7797877349639766,-0.1327909002357076,-0.07378329191346565,2,0.9035163144428291,0.11077267296737275
2022-09-29,877.6229524810607,11.504890677764067,-0.05585122154927513,-0.05793155302863656,1,1.0078851576952965,0.21674349838144052
2022-09-30,872.1228954376757,-5.318533942555249,-0.12943028647296162,-0.052092814356807626,1,1.0856675030897698,0.12668194974812816
2022-10-01,866.5729728513878,-5.382344503258949,-0.07408908709704487,-0.09348899593177887,2,1.0997957568611143,0.27540161101431737
2022-10-02,853.112845116727,-13.236801256161094,-0.0615484951781747,-0.16177798332147,3,1.0108456660876526,0.1929364430329398
2022-10-03,858.0532245643973,5.0836264663157875,-0.03508226352750102,-0.10816475511805346,2,1.0533047985818116,0.21805739973092908
2022-10-04,862.6396496945783,4.800248398392428,0.01211781245381438,-0.22594108066517715,6,1.303185773139264,0.16246279781474277
2022-10-05,866.7961326506694,4.237865705267835,-0.08138274917676504,-0.0,0,1.300127810860643,0.16657286674670435
2022-10-06,865.2175937715277,-1.267409790761072,-0.10832330688746025,-0.20280578149310352,3,1.1994798296240854,0.0701863838121914
2022-10-07,868.2326526946475,3.3567801529083203,-0.1417297974303973,-0.19999143235815503,3,1.2757683259443375,0.1593920210292678
2022-10-08,860.1836046112629,-8.14114385692527,0.18198268877433615,-0.08988691523366193,2,1.1162428699300946,0.002137141959682404
2022-10-09,866.8372982901449,6.708974982471954,0.0830611164397733,-0.138342420029743,3,1.1770961910130975,0.06640712392917987
2022-10-10,881.8468254018929,14.84489162856342,0.16463548318462007,-0.0,0,1.0945699781274538,0.08211070385103762
2022-10-11,889.6039445214141,7.932233606896278,-0.10030169351953404,-0.07481279385557937,1,1.2021444227889249,0.21044951304015613
2022-10-12,883.4335551866956,-6.170948732473951,0.0005593977554922275,-0.0,0,1.1977011076000872,0.20493422185259808
2022-10-13,894.5674538759916,11.381128105919009,-0.0669483976340498,-0.18028101898894966,3,1.0402291273762057,0.12292326690864824
2022-10-14,908.6361118154051,14.25522216169737,-0.00303272900575291,-0.18353149327816468,3,1.2239463728226814,0.08839773670364501
2022-10-15,907.8779106072138,-0.6097651559621611,-0.14843605222917175,-0.0,0,1.2190359317026704,0.0877999229680635
2022-10-16,917.0546340931469,9.26271192066954,-0.08598843473650569,-0.0,0,1.234553853819222,0.09702183406376208
2022-10-17,913.117862900436,-3.6706251017834184,-0.08149181996131417,-0.18465427096623785,4,1.3691113446267367,0.09673223512207958
2022-10-18,931.8740445675124,19.015501731232344,-0.14018528187266402,-0.11913478228325272,2,1.3192170677767596,-0.06744378486108919
2022-10-19,940.6525832551157,8.81795314554087,0.01986022453780928,-0.059274682475460236,1,1.1621389427442121,-0.14746068817032099
2022-10-20,927.5875288574091,-12.805651872256785,0.03918469521376958,-0.2985872206635623,5,1.088392413096322,0.17011795171745356
2022-10-21,911.6849387301233,-15.790547165815205,0.015805707281136665,-0.12784866875165277,2,1.123423083074299,-0.04456826075687791
2022-10-22,896.7448756564963,-14.754421331420659,-0.04330423964630892,-0.14233750256005664,4,1.295856738378527,-0.0010125292701985335
2022-10-23,902.6482208850621,6.01738755923786,0.010943417621081263,-0.1249857482931516,3,1.3164395001287734,0.03707745470015096
2022-10-24,898.2412627854769,-4.089146786468229,-0.11701977631881066,-0.20079153679805228,5,1.1471383084232745,0.22888408740206578
2022-10-25,893.1768812365113,-4.482451488658614,-0.06838902708388568,-0.5135410332230498,8,1.207944222416604,0.14721807774132828
2022-10-26,918.0192631755807,25.014463273118565,-0.09741653265531433,-0.07466480139387846,2,1.3430140451341566,0.10239816284392124
2022-10-27,922.799639376294,5.130798073075024,-0.020084555846589417,-0.3303373165151634,6,1.0830027819589525,0.19277585676217832
2022-10-28,933.1720927138339,10.743826301165127,-0.020272371153632764,-0.351100592471576,6,1.4759540590831586,0.33492264998267224
2022-10-29,1048.7778207427905,116.02883703089665,0.0548597044208365,-0.4779687063607163,8,1.3290224518289209,0.3201234958022385
2022-10-30,1012.4780931687015,-35.98899748113155,-0.08970311193022178,-0.22102698102722673,4,1.1796458798613985,0.4143776624106589
2022-10-31,1019.4858617839578,7.14133843481298,-0.014454383573063088,-0.1191154359836839,4,1.0741930374482243,0.3155480064497257
2022-11-01,1039.280340862466,20.236951045770006,0.04765709107259235,-0.4901290583344917,8,1.0804141205852518,0.1825533073043893
2022-11-02,1016.9263805324973,-22.08396963340327,-0.013972928283811118,-0.25601776828143064,7,0.9892891652594985,0.10497449450358327
2022-11-03,1023.0690086583787,4.468304880281032,1.9529266654587072,-0.2786034198583038,6,0.9439864429757052,-0.10184717922658039
2022-11-04,990.9274988633647,-31.889167449449037,0.2952478673113988,-0.5475902128763678,10,1.2715158776219204,0.5107987000034779
2022-11-05,990.8503672849088,0.10380733385631835,0.19738075948816908,-0.37831967180044695,7,1.176533320455285,0.5784410498688031
2022-11-06,980.8499784476415,-10.224503530003702,0.3731240388657169,-0.14900934612920247,4,1.0179498337594823,0.35688794046659095
2022-11-07,975.3308181530355,-5.392333351557854,0.09702956184500232,-0.2238565048932318,5,1.0510339317112285,0.16148951589508076
2022-11-08,944.3761289808823,-30.154635039109554,-0.5241717145313164,-0.27588241851234857,7,0.7745736671593281,0.061411449664024814
2022-11-09,929.7885533598419,-11.554199958094706,-2.9188376795619457,-0.11453798338381076,4,0.7900925241512644,-0.0081353616353666
2022-11-10,955.7509487208109,33.79171912713518,-7.749697782617967,-0.07962598354825307,4,0.8580400915535291,-0.021711384099900553
2022-11-11,966.2749601418587,10.53951887716865,0.07993166053693812,-0.09543911665778325,3,0.7938989248854688,-0.018946344732969862
2022-11-12,974.6949455528253,8.667246293033987,-0.2472608820674302,-0.0,0,0.7498694575976187,-0.009890409561098849
2022-11-13,962.115555771065,-11.888291999032774,-0.6910977827275001,-0.0,0,0.7287346165176046,-0.022376131514087967
2022-11-14,949.6120411441415,-11.813124843984347,-0.5742584578970586,-0.11613132504217508,3,0.6819380882387837,0.022739361090637376
2022-11-15,949.319682481361,0.040890373125338275,-0.2884041338582137,-0.04484490204755273,1,0.6225640785354962,-0.04469483261802283
2022-11-16,959.3404222639831,10.34476276247265,-0.32402297985065,-0.0,0,0.6133360999316083,-0.03344477184783681
2022-11-17,962.4081932893627,3.406664517452006,-0.292851525875895,-0.04604196619648719,2,0.5971167538875262,-0.04090699601402361
2022-11-18,964.7772792612917,2.3547277930532733,0.05419471162880886,-0.03983653275307017,1,0.6557614119173789,0.02062116573259338
2022-11-19,961.4220807203092,-3.2300247164068074,-0.12517382457574014,-0.0,0,0.6513249134120845,0.017333497730565264
2022-11-20,937.296922914294,-23.957267094426598,-0.1678907115886306,-0.0,0,0.6071390322052049,-0.007780308952121262
2022-11-21,942.9054562970013,5.8931947252804,-0.25182328017025657,-0.03283806240295166,1,0.642191374244843,-0.05123608343841273
2022-11-22,939.2383245924922,-3.529706495573323,-0.08734311875001759,-0.0500820901856885,2,0.6597387925140289,-0.06457764028978766
2022-11-23,939.2579849732209,0.29077303139175015,-0.11415342634585962,-0.1569592243171336,4,0.6902372617784034,0.03368772872886618
2022-11-24,938.1679721973078,-1.122770609207988,0.10345087794652263,-0.07069304465164322,2,0.6778395073472803,0.1401761361294854
2022-11-25,944.9916218370687,6.801252582372973,0.19304045321911362,-0.17064339583125196,7,0.7001460526932843,0.09126866892621104
2022-11-26,948.1017994984916,3.2753323307240416,-0.04435741829680412,-0.12079725100434036,3,0.6558643366312983,0.05285178283899638
2022-11-27,948.2823766420315,0.07024761426742243,0.1841709275345057,-0.07384139826190357,2,0.6278921692627393,0.08549599012800095
2022-11-28,944.0636535169537,-4.244143125601622,0.0859298952459086,-0.06050989472213164,2,0.6230074775994819,0.08964918735068175
2022-11-29,954.3716493844497,10.428369861951774,0.04733767416143855,-0.16771166861717957,4,0.6373644992143981,0.06682095571095223
2022-11-30,966.5478275922628,12.290248145652457,0.09263656451075199,-0.2067065023500977,6,0.7338321828150126,0.03783007382851919
2022-12-01,963.2977100537015,-3.258551454330977,0.1337065808916633,-0.12527266512198393,4,0.6512128218722535,-0.03394134720875762
2022-12-02,955.0537249838832,-8.048327879694616,-0.09377151893242477,-0.10188567119129914,4,0.6966719907812082,-0.005007113416643329
2022-12-03,952.3548740062929,-2.5968959375582727,-0.04145062028262883,-0.060504419749394925,3,0.7049888077158524,0.016126672039721016
2022-12-04,955.3184760040217,2.996902906706122,-0.00044972090335298337,-0.032851188074030695,1,0.7642265920240238,-0.02991154444272568
2022-12-05,949.9844311388039,-5.227903811373562,0.04934383735824863,-0.1554848912025199,4,0.6614305639136405,-0.006768348953768908
2022-12-06,943.7964785709903,-6.064070836570221,0.019557844784926906,-0.1434395760283277,4,0.6782765928970447,0.10063388157562594
2022-12-07,938.1007783355537,-5.550558372640246,-0.00864450788171216,-0.13649735491463488,4,0.6734762374479766,0.0016135124973302606
2022-12-08,940.0326688939375,1.7894631118563507,0.2506493211740839,-0.10822187464665789,3,0.7346307093654385,0.053777675140948014
2022-12-09,933.3793433360717,-6.6500025656994195,0.14574260796876934,-0.1490656001352804,4,0.7122405936579601,0.031987905281632256
2022-12-10,937.4916815243137,4.098508326459855,0.052962079806450096,-0.03913221802423951,1,0.6533926235231892,-0.023411205331917376
2022-12-11,940.9351031818143,3.3867806228058077,0.2165882846951867,-0.15994725000036134,5,0.558149984074476,0.009976867085838165
2022-12-12,939.2566893877193,-1.8095096216060753,0.2854343734026573,-0.1543385458914798,4,0.5725026630641081,0.06755406870134435
2022-12-13,937.6280177042079,-1.5581540996247019,0.12078178458696046,-0.19129936847378473,5,0.800626286997034,0.05975820960747734
2022-12-14,933.12632541856,-4.728195043821446,0.2654460696412398,-0.03894331146774805,1,0.7357042644354397,0.11459978756981926
2022-12-15,923.1575996176624,-9.962855054263253,0.04773311697681783,-0.05360386361108482,2,0.6429064330389399,0.12076415878201083
2022-12-16,913.5626242166127,-9.518398953385724,0.012477205785760614,-0.08905365344986269,3,0.678373871172018,0.0877101724093644
2022-12-17,916.8579415878761,3.3277882959246723,0.09073823202949582,-0.12320915669080347,3,0.6124842645882904,0.01608927189769116
2022-12-18,914.8371889143363,-1.9299015996364224,-0.06086220220617028,-0.029988871697216382,1,0.5629981745688265,0.060844619206968244
2022-12-19,903.8262313334147,-10.84571537893507,-0.04041596512368528,-0.12482623686278431,4,0.622800307385309,-0.009947520241494034
2022-12-20,901.8842675299095,-1.9366039249529066,-0.005359878552309197,-0.0,0,0.6513814104815386,-0.012116226049561207
2022-12-21,901.4808422664355,-0.10577429792078141,-0.1622542417094626,-0.1353967238437956,5,0.6723459483386603,-0.03519445584272597
2022-12-22,900.7056699454525,-0.595384218941122,-0.17978810204185483,-0.0,0,0.6807976042689048,-0.03588576489932394
2022-12-23,899.5374490191929,-1.2907082041636717,0.12248727790405958,-0.0,0,0.6824101050789838,-0.037367227074274985
2022-12-24,899.8628634201345,0.18274376822686678,0.18057611172249277,-0.037905479007727595,1,0.6210214009656596,0.023025961830355365
2022-12-25,904.3309626773117,4.393979535810606,0.12143807344458532,-0.0473183520780694,1,0.6843151294805319,0.10251980429024886
2022-12-26,905.9735614639407,1.671112097457185,0.1852803340486318,-0.21379364487689367,7,0.7066534967347068,0.09145499365668067
2022-12-27,905.8473436247258,-0.03615087577426568,0.010885679819004016,-0.10095264325960307,3,0.7185585590065876,0.11494465156649582
2022-12-28,917.7301153110097,11.803383660726261,0.12052542758292484,-0.04113740202525249,1,0.7393109954357568,0.062281898363773056
2022-12-29,915.7755190243353,-1.7445905049500425,-0.10211846173630476,-0.10788731998810958,3,0.5678535728503766,0.025482544363009826
2022-12-30,914.1671751468871,-1.070489690119905,-0.42021754187984517,-0.11763664544842624,4,0.6563659008425655,-0.020680158061541738
2022-12-31,910.9617094476986,-3.027452039975527,-0.1353583079797771,-0.04265535123314027,1,0.7304964486050198,0.04281589656968598
2023-01-01,911.1028232512298,0.20410180724835664,-0.0629880037171873,-0.0,0,0.7385545185715288,0.04303328135675649
2023-01-02,908.608008640382,-2.297108712411045,-0.024459825773740125,-0.17324607266303854,5,0.776058839649786,0.029525479216252367
2023-01-03,909.4758584938187,0.5689488541142705,0.38591029526977444,-0.08700929594721507,2,0.7814092314233194,0.03616270777679196
2023-01-04,906.4231502305804,-3.7156534149893377,0.9494654294478178,-0.28652027769678523,7,0.9886842210681929,0.21238483481299747
2023-01-05,901.4808427610303,-5.324626341296825,0.49122511291834015,-0.10890624117153164,4,0.9968592214822418,0.0350596026683625
2023-01-06,912.7696584204244,10.916655847497568,0.4489656083355874,-0.07680579643913228,2,1.1221273473544169,0.16679430669608544
2023-01-07,919.2603600376453,6.305262487946703,0.37284610772699833,-0.18740697845284365,4,1.1294533198561028,0.21725902220218515
2023-01-08,933.359497072073,13.323836083692992,0.8541390094976058,-0.07883805876294808,2,1.268254273833246,0.3489194059835401
2023-01-09,945.0906386342014,11.706192072021313,0.1590989113256194,-0.13414942121863335,3,1.3627659043347178,0.43269596235112584
2023-01-10,950.1919081635989,4.885826751182376,0.2674550394339088,-0.05201226121872211,1,1.4690434429610304,0.5137130260348054
2023-01-11,955.1582846271629,4.987010063462474,0.28513623094398644,-0.3057698308424467,4,1.8128783515234794,0.6673917720205291
2023-01-12,973.3341616358699,17.943198299513977,0.27611551529767175,-0.043436806104637564,1,1.8991201393290478,0.7371163849633932
2023-01-13,1022.6541552992852,49.29866025092479,0.3053456876390394,-0.28401227514850863,5,1.5031459789496477,0.6994059708970491
2023-01-14,1077.6033433090677,55.61103360855491,-0.5413022157465066,-0.12054338302587408,3,1.3442608611931823,0.7660075973970076
2023-01-15,1070.2537799555005,-6.688796744123876,-0.17738274847268845,-0.48338386097066466,7,1.469444075844906,0.6699394176594213
2023-01-16,1083.8002065566745,14.00765695317115,-0.23250097749716686,-0.22872937449987507,4,1.6073975509324214,0.5652064868921862
2023-01-17,1081.0484306538647,-2.425344819907586,-0.12423335351840412,-0.2021977293839917,3,1.572824674868625,0.4156115216715801
2023-01-18,1066.7574137231786,-14.134517492819933,0.06376477702603567,-0.22026421489220532,4,1.6055783197823903,0.34419189328160577
2023-01-19,1066.8235429025297,0.29447625496519514,-0.10692154187962911,-0.12142553373447112,2,1.6092573800178531,0.5070461576775109
2023-01-20,1110.245495054614,43.60025429457676,-0.1373404756401875,-0.04096166685225939,2,1.6936806884966717,0.5791923519972317
2023-01-21,1127.5532039155414,17.887393924111684,-0.1296612026213888,-0.45002386056294374,6,1.7794139795972108,0.6878726879354015
2023-01-22,1111.3287785677996,-15.867560247891587,-0.23349317368445222,-0.12337192616564091,2,1.6603511044853152,0.6574820708556731
2023-01-23,1106.9593232668321,-3.9216677271385896,-0.28637235268339756,-0.1614152211455227,3,1.7719145111529881,0.6524627103489046
2023-01-24,1072.1049146827738,-34.3792024340467,-0.20533449890854705,-0.2698716511031899,5,1.7413680722302072,0.46648680643015594
2023-01-25,1106.3463660245595,34.49616016026871,-0.15351032991477476,-0.1011984885682555,2,1.8299919222731154,0.6139019824256877
2023-01-26,1071.0739077440255,-34.99538808821217,-0.06822111183714741,-0.20884908048478043,5,1.6504992585389862,0.5845810850193902
2023-01-27,1070.4132397508486,-0.16797999651947615,-0.019486267563741194,-0.4732017290936552,7,1.6379358787376388,0.6438375800251975
2023-01-28,1048.5407201514838,-21.550058064255442,-0.07973513994076037,-0.24272639516856595,5,1.5593498687518013,0.556822731791904
2023-01-29,1079.0271028240247,30.576259581251545,-0.03761117526819202,-0.05226573344249461,3,1.559956151166001,0.6386242750129614
2023-01-30,1035.8486458954728,-42.74382197783934,-0.09112799924641375,-0.34350695146620297,6,1.404037337775904,0.36246404893016054
2023-01-31,1041.1072899946844,5.786987153949835,0.11363692302642592,-0.6419799777647912,8,1.4697948864813233,0.36918368201253166
2023-02-01,1073.8932455508536,32.91582501349201,0.024462005572652185,-0.15433146289557878,3,1.4246507390852394,0.4087599030766598
2023-02-02,1073.368626243937,0.08845936024183398,-0.3225567232253995,-0.29052194393311487,3,1.4374807507984362,0.46371465078033575
2023-02-03,1082.8155954394947,10.066580762959408,-0.30592086075561964,-0.31369070664604054,5,1.5240488578191167,0.46198526357384256
2023-02-04,1063.5282704131305,-18.74970189344551,-0.2616682602271124,-0.27595487269155006,4,1.5838321142484804,0.6347381014449957
2023-02-05,1038.8344259371415,-23.753436001022195,-0.5787031034371555,-0.3617053715294619,6,1.3667875737493447,0.3207058356967627
2023-02-06,1033.0075323572885,-5.4121443799162305,-0.41474919993679726,-0.0,0,1.3419568968443731,0.3172756326305883
2023-02-07,1045.2122411013067,12.705791305687796,-0.3470588211718405,-0.15402374049763695,2,1.41195718826052,0.5362430735144906
2023-02-08,1006.0602876016479,-38.766726625677755,-0.24483540109557206,-0.14039147288551151,2,1.4379224016103258,0.31922724214050124
2023-02-09,971.4024283312889,-34.13120278982858,-0.22036052821020816,-0.3062959523202334,4,1.249462581352847,0.02377350021816073
2023-02-10,977.4609047674996,6.44098873677777,-0.23813111589697034,-0.14438118467000094,2,1.206023761656068,0.06295075008395984
2023-02-11,989.2005006061013,12.068875872595838,-0.10661441889608002,-0.22266561509805885,7,1.1319328535979638,0.15733650213367592
2023-02-12,969.8301928468209,-18.982178213931533,-0.17389479976579042,-0.2142347455830954,3,1.0211610190635338,0.03321012134319861
2023-02-13,965.056856574994,-4.660027893986165,-0.05360435485473627,-0.05970402298599161,1,1.097353265365063,-0.05983410254265969
2023-02-14,986.7484855072936,21.905206028716833,0.010192859559570139,-0.22376995597680951,5,1.0676461903552528,0.12038437671565136
2023-02-15,1013.0531225111486,26.903870747466865,-0.061741451306994724,-0.537492292304989,9,1.2982600600352314,0.529287264941101
2023-02-16,993.5611929417283,-19.154301731946436,-0.22872611553304212,-0.10890172194071437,3,1.2414242039102326,0.36381043140891534
2023-02-17,1018.0308824085192,24.74345818723301,-0.21229007989944373,-0.061478640542639885,1,1.3566625453250054,0.46564207624786424
2023-02-18,1003.6610386258835,-14.003705691031612,-0.23910918608941037,-0.12702890551458335,3,1.3823934475503143,0.47068641488628116
2023-02-19,1003.3452061216577,0.1142640128323047,-0.26957574778599064,-0.16052076927210684,3,1.3144259034370047,0.4078563054528532
2023-02-20,999.0320233582972,-3.9443021621968786,-0.16624492049431025,-0.20263568066935456,3,1.278862305934146,0.5328729681230224
2023-02-21,969.8972328295126,-28.601750359218222,-0.26477533696953864,-0.2682648325968055,5,1.3598920717412768,0.4701168459563946
2023-02-22,954.2550599990358,-15.371457954317828,-0.18920990478220037,-0.08150497137682827,2,1.2505252449644098,0.3396973306593586
2023-02-23,952.4121822708933,-1.709240982604181,-0.08752336437851949,-0.046113381159734526,1,1.3083044440801497,0.40772779023150335
2023-02-24,930.0932391474221,-22.100317273500586,-0.029337670324163116,-0.18928817964639894,4,1.1578760360993137,0.26360041596894546
2023-02-25,918.5495853125892,-11.365376746881662,-0.0633611050448419,-0.11491598290637312,2,1.1761890189898128,0.0758172440874117
2023-02-26,928.7285200247466,10.298034149830785,0.036684894246541006,-0.15578433192004837,3,1.1737538179212255,0.1257763764654851
2023-02-27,927.3294441539912,-1.1001282387806741,-0.003417686476568403,-0.2955299454982048,5,1.1671176295971266,0.10445763516552721
2023-02-28,922.8179515008424,-4.5560456813203505,0.05305595035070113,-0.008502922179273372,1,1.1304358556828744,0.086868231441875
2023-03-01,939.8503913213481,17.01581836015295,0.024336569920301757,-0.007715109567561594,1,1.1639746260373118,0.11512573473980313
2023-03-02,934.5451757186561,-5.234616544256151,-0.021692839730151924,-0.048906218705731565,2,1.1972337255690368,0.1603474909495665
2023-03-03,905.6390871838919,-28.648343425625242,0.096750938307132,-0.3544960474460668,7,1.057331478818134,0.022181951958702206
2023-03-04,896.1582555292977,-9.31942620319234,0.003425048571322732,-0.16483049997319202,6,1.0054266619457959,-0.03675131090131832
2023-03-05,899.1782161978102,3.112862036813015,0.022274514203334025,-0.11517588250377568,3,0.9590686419248368,0.07125789553016987
2023-03-06,895.9674694758892,-3.103529927647954,-0.01944567389639944,-0.08777112037676349,2,0.8278357134188463,0.056750443908537736
2023-03-07,886.5975099921302,-9.232712678132165,-0.008203503095343147,-0.12904330253151958,3,0.768487434925756,-0.043601870623725
2023-03-08,886.9776357084495,0.659897189009417,-0.039281066611277685,-0.24049040607878144,6,0.8545250768013827,-0.0017558920378539004
2023-03-09,890.9461312034397,4.0975125459333555,-0.07979603653491042,-0.04922101440831653,1,0.8841402894677338,-0.07607155687385689
2023-03-10,885.3800870858311,-5.398518925792016,0.002558870196293637,-0.170084062012821,4,0.8755160125828872,-0.08985901015225137
2023-03-11,876.8687892574468,-8.579062814142322,0.11582564158119657,-0.048060655823147995,1,0.9342796689000672,-0.02221582241207531
2023-03-12,878.939742110235,2.2314150513361595,0.049226404340134484,-0.20968860288820335,4,0.8731762516653708,0.016430868292089996
2023-03-13,888.3877710789817,9.662969500595878,0.03381603828752527,-0.24875657013667182,3,1.1630832059516716,0.2774374391893103
2023-03-14,892.3756509148359,4.136451282096235,-0.0989281439462709,-0.04964330229572675,1,1.2687822102915425,0.201360801399642
2023-03-15,886.2946308336558,-6.099767093863437,0.22615834267202467,-0.20741132998867928,4,1.171568994096182,0.32946874250751157
2023-03-16,898.3761617816812,11.83594972164259,0.2953606850962572,-0.04977945871343579,1,1.267255151789579,0.259054975728928
2023-03-17,936.5741032481458,38.02903212772194,0.22627624459769724,-0.05736690585499961,2,1.255435105771004,0.22294565217996468
2023-03-18,948.4985382136744,11.71259664358214,0.29482972539111757,-0.082991403444683,3,1.1048867543925638,0.30772405119360635
2023-03-19,954.62190952115,5.796079906344119,0.4137483829996504,-0.08645698186823761,3,1.075123042255084,0.4203309004710669
2023-03-20,950.9130109561481,-3.8889553049449175,0.22034354803945894,-0.04028680809639075,1,0.9825012989148362,0.35735713427346966
2023-03-21,936.2525252668934,-14.790234076841145,0.3700099919950272,-0.24026160440861463,5,1.2212205428193623,0.3785613343518762
2023-03-22,908.6065656621694,-27.73400520085918,0.20162725991605318,-0.11358166378096123,3,1.033126747031294,0.3744881450534933
2023-03-23,938.7516308531636,30.341030214607123,0.0016850582901945,-0.19765008190299016,4,1.145661336898298,0.362474116859219
2023-03-24,926.639618538246,-12.123695892770867,0.12137408957411222,-0.10969051172079261,4,1.1070763439138374,0.35033351336267715
2023-03-25,923.9544192414991,-2.4827315802897516,-0.1328732257019225,-0.06959449075529275,3,1.1744796832807205,0.2924827941363574
2023-03-26,933.233622682866,9.331896509634923,0.018338370980534115,-0.07103143924846342,2,1.2484970790642893,0.3504064333917638
2023-03-27,936.1099805458201,2.9752535208654134,-0.042735449223928565,-0.056160208687390405,2,1.2409262799261211,0.31693765418909975
2023-03-28,952.1232647877142,16.0904071707465,-0.03338476092658061,-0.04373816792572273,1,1.1998860583952764,0.2628817304311977
2023-03-29,958.1173234783539,6.12345624612486,-0.03957898999506808,-0.08981856549006975,2,1.218448378717804,0.279780459944407
2023-03-30,952.4598024456315,-5.500521650958126,-0.04895873131964784,-0.10804065044462935,2,1.2125370455353106,0.28460721169397596
2023-03-31,952.221113386541,0.13482136066734118,-0.13018524122167052,-0.24332517853606667,5,1.1559896436321029,0.4779757382431649
2023-04-01,944.8508356573132,-7.453389369273563,0.13042951195131613,-0.047317871905698396,1,1.2266876752746771,0.4022732753818056
2023-04-02,944.3021685493893,-1.5735082178813857,1.1063650115668529,-0.08152390160935429,2,1.2332616279573905,0.42628124167641096
2023-04-03,961.6784473497404,16.37813291321256,1.2036820579090688,-0.20553617077049144,3,1.3917070712514574,0.4774119257985247
2023-04-04,954.7586959830215,-10.01265274724489,3.092901380526073,-0.0,0,1.4084094425471398,0.47038493463369946
2023-04-05,940.860778118275,-14.861831203618564,1.0168126573277003,-0.052899318455685754,2,1.3489793154195382,0.51088691918899
2023-04-06,925.075939759638,-16.006234222681606,0.2626719448010498,-0.04127608075640775,1,1.277531749731139,0.43856010410272017
2023-04-07,917.3055776520125,-7.835081747268748,0.1863809487224818,-0.12166130907912862,4,1.213807679556834,0.5336024955366865
2023-04-08,906.015120538381,-11.353238766417348,0.1479483057158502,-0.08516665293002276,2,1.2186657534311387,0.3934334554855018
2023-04-09,904.6899409945495,-1.379252954217549,0.07224539555941498,-0.018171985173405722,2,1.255468542937735,0.4211800841308987
2023-04-10,920.060093586174,15.607732934374678,0.05434095106260209,-0.2919212938126925,6,1.2987714964599977,0.5312834369229998
2023-04-11,914.2906956026924,-5.613049571572056,-0.0038798498378662116,-0.15246856207170623,3,1.2904585704410736,0.5596775373912016
2023-04-12,913.9921504032719,-0.09229307955195232,-0.11287468130246539,-0.09337743856599784,3,1.2633989262326724,0.5402225761492687
2023-04-13,922.7884142558839,8.955144226381888,-0.0960201572980519,-0.06286021647175662,3,1.290245122573635,0.5360496524057088
2023-04-14,917.5752743432188,-4.954428635119281,-0.0568660564779602,-0.2018452210679366,4,1.2708970682652156,0.5029710255490972
2023-04-15,911.774768261272,-5.515128767797211,-0.04300523418946355,-0.24237207996014465,4,1.2796474666772308,0.5023256653448104
2023-04-16,925.7334923884524,13.744092214459318,0.23557311232675116,-0.02094119960561942,1,1.3174258680236295,0.54191402049004
2023-04-17,917.6014153045677,-8.226809365283076,0.1799399340954331,-0.0852076526970312,2,1.3459140297557552,0.5879256783707555
2023-04-18,927.5799685039644,10.059598006300325,0.025152382922479295,-0.10619718982609762,2,1.519728534349243,0.7560009137372246
2023-04-19,884.4842111039953,-42.77125361511865,0.050126980907939225,-0.37463076575837573,6,1.047866360880482,0.139395639135357
2023-04-20,882.3941314919088,-2.06820376018935,0.026430519895905866,-0.04830637179314998,2,0.9433634487302798,0.05917529789308223
2023-04-21,874.5453366128434,-7.5511333145958766,-0.07340841744077854,-0.22425314702880572,6,0.9323724908612983,0.08157711526274408
2023-04-22,888.609457165269,14.05057135601967,0.12648228330203612,-0.11293308689610407,3,0.8163855938456211,-0.040071433313979034
2023-04-23,873.8792047157098,-15.146546724468639,0.5188581484235768,-0.10256387351406117,2,0.8087939246906695,-0.06905106118894624
2023-04-24,874.4262659825602,0.22976769689570808,0.3312524377878487,-0.013958867833157175,1,0.7819746902435525,-0.09155003871181304
2023-04-25,881.6397067798695,6.867232660053277,0.4282080929982598,-0.08199995574228078,2,0.9407754342189605,-0.09784694474280589
2023-04-26,896.7870274065219,14.699806520610037,0.49338513008161367,-0.04587102403917977,1,0.9833582638571235,-0.006730595588022395
2023-04-27,899.1723503238024,1.8824498870094457,0.6199193457982562,-0.11704631552722776,2,1.115105943614848,0.10699227125859835
2023-04-28,889.9150548546808,-9.462274511085305,0.42760503572351743,-0.22262599375989606,6,1.0800891293162327,0.06924202149121383
2023-04-29,886.0805342271657,-3.813271443088756,0.15563767949010163,-0.17688686391635147,5,1.0977338177549685,0.07124838017603759
2023-04-30,881.9739272592111,-4.128222426731684,0.1256709575157483,-0.10405549873855242,4,1.0867534955277132,0.07767411248747501
2023-05-01,879.3478476787477,-3.023561129854139,0.5003962802721132,-0.10291473088136018,2,0.8931712956274698,0.10032453889722293
2023-05-02,873.393096360553,-6.151237586652503,0.4419830006883232,-0.2454967322304356,5,1.0023010343349124,-0.0764883974992191
2023-05-03,866.8590869557544,-6.507096794144507,0.2110168271104409,-0.237929437764563,5,1.0852109882011702,0.0428379766577885
2023-05-04,865.8467174004201,-1.1035439980777793,0.20965219075508507,-0.11847774801165291,2,1.0459233694527807,0.031780806108512534
2023-05-05,874.3736959173632,8.806953364931815,0.01568172382796575,-0.2956565718166103,6,0.9590105162934678,0.24585112832257391
2023-05-06,873.456794958348,-0.7664532814673617,0.015284178084228328,-0.16573185563199966,3,1.0245389835403402,0.1592566887359693
2023-05-07,869.3008483635625,-4.288685070926423,0.18852482566087725,-0.05578634952001179,1,0.9330322839363456,0.06340769932900335
2023-05-08,886.6848448177884,17.354695269632458,0.11753330509535799,-0.0882321205019633,2,0.8639157390192286,-0.06041698429306987
2023-05-09,883.445922177135,-3.251917635222913,0.06845244352270462,-0.05545744895322722,1,0.9507237481827432,0.025357732189593897
2023-05-10,875.5461159528282,-7.830765160586804,0.02342753104032411,-0.09246859476026702,3,0.9788684803311944,0.016901644266173976
2023-05-11,881.8793081089132,6.414735868679633,0.06866933701720554,-0.15021304961186818,3,0.8200631654317827,0.12071222482892392
2023-05-12,872.7920674244481,-8.892533953752894,-0.00042870603500341775,-0.19427802467712707,4,0.8571985447213228,0.10353613431731436
2023-05-13,873.0711023163008,0.25638073913535075,0.022654152717330497,-0.0,0,0.8475276554930322,0.10379669791229504
2023-05-14,868.8949839345947,-4.081730962143132,-0.0031488891636208827,-0.09123853039935999,2,0.8558536705530528,0.09840046973048674
2023-05-15,871.3999620381363,2.635538394338512,0.013414882452264243,-0.14397517324914758,3,0.9243748078562466,0.014251279718096328
2023-05-16,873.3611533443001,2.2304965445352565,-0.029560805344911567,-0.23974443302659415,5,0.8406191450121913,0.11151591587197168
2023-05-17,878.0344372012614,4.896619984233915,-0.05178698756916297,-0.17154913970342645,4,0.852426496887367,0.14701236614710506
2023-05-18,868.3619013945088,-9.545114755895021,0.035167032128503944,-0.16258808298611271,3,0.9124419803385041,0.02779563693028527
2023-05-19,871.8200936560697,3.4877996869613472,0.010151932109031559,-0.03975935750937936,1,0.9701571351821145,0.09683598094697773
2023-05-20,871.4843599566631,-0.22027755111652692,-0.017019540343372653,-0.0984366079467034,2,1.1369075986401354,0.25798168320161574
2023-05-21,867.027610693338,-4.35587185863371,0.036504584395430834,-0.13738198908677335,3,1.0956482393782607,0.17015252337744285
2023-05-22,863.0357132503825,-4.031506390224457,0.09528172874083403,-0.05567278147194524,1,1.1941874845097957,0.07411383267830496
2023-05-23,865.2440402621395,2.3596730655127782,0.10030532304071194,-0.2516513767965128,5,1.2124742938318673,0.06812196419807952
2023-05-24,868.1464091346108,2.747102158888804,0.3624232157365964,-0.20715650215399348,4,1.1348343067649596,0.04517882894133903
2023-05-25,862.2397349764007,-6.939362311500934,1.2013213762060202,-0.16863322291535385,3,1.0201954581973511,0.15800763307653806
2023-05-26,861.5454259975104,-0.8386361343810118,0.2746719803447001,-0.130344824853986,3,1.1045755451673962,0.14733857616336035
2023-05-27,848.3736636667687,-13.3141966826491,0.43758648046289345,-0.29515212855548395,5,1.0816674471409427,0.18923073158136205
2023-05-28,868.5412461678486,19.721603641248528,0.9009497981395165,-0.45497093830816454,5,1.4157206359412369,0.5220161292802388
2023-05-29,873.6873168441364,4.389300424074333,1.1932311328514302,-0.43646088063806787,7,1.616414818292083,0.5929502294886196
2023-05-30,918.6138461747119,42.53817109174102,2.5523829992421727,-0.1640247604077414,3,1.4699888102862475,0.5167058480958331
2023-05-31,917.3625142529941,-3.242414911690525,2.1738811115874492,-0.18279812161468637,3,1.1611537008952704,0.2292120667090324
2023-06-01,905.9088427210635,-12.883102911151335,1.4294313792207944,-0.0,0,1.1672380224102148,0.21788887092577905
2023-06-02,909.224209605545,-1.2985901360998522,4.845486850520027,-0.2315298299387435,4,1.3817999875567983,0.3794690691649887
2023-06-03,883.0893219193488,-26.383678483007497,0.24879079681129856,-0.0,0,1.3959291272381853,0.36082282741878957
2023-06-04,887.3775172153555,4.405549134492874,0.053185204371004366,-0.17053904285716304,3,1.4511284373638902,0.25646951542341223
2023-06-05,885.7974360727701,-1.3227094621735365,0.011605268417280325,-0.26897694882918594,4,1.199388111292681,0.10694903930403754
2023-06-06,895.1353296219538,9.59391137756569,-0.005414532970432044,-0.2506032954115167,6,1.150069876529118,0.21830903864416112
2023-06-07,890.3420993562455,-7.779121031370795,3.1524068710470066,-0.16651610538454614,4,1.0180082630784721,0.13737041907364692
2023-06-08,891.0348058729835,-0.30497816692610424,0.9976846836640758,-0.0,0,1.0233762543665645,0.13692135069967537
2023-06-09,913.8970380242862,22.43417088242927,0.42806126887341756,-0.0,0,0.9844417525551377,0.1580439086827885
2023-06-10,912.3190818550788,-1.321195319760732,0.04563842651007306,-0.3023992759567577,7,0.9471765510644772,0.18120814595486287
2023-06-11,916.3086671520101,4.048281368176417,-0.0070478204635157915,-0.05164825078158577,1,1.029530699336714,0.26535943053816613
2023-06-12,960.9966586478236,44.129331700889736,0.6868709872137534,-0.1282111922901455,3,0.9805602064395164,0.24970655302210096
2023-06-13,939.9363898139484,-21.58965267858556,0.5758320626784337,-0.04644821796812824,1,0.9169315112886117,0.1617374483723144
2023-06-14,941.6704585739061,1.447859527563283,0.47127087233791765,-0.18506163994341412,4,0.8857181334919556,0.022592221662446503
2023-06-15,939.4347042568445,-2.8843919599549417,0.648637642893346,-0.0,0,0.8864784929739289,0.019575640211921
2023-06-16,931.7365942295834,-7.929220434455989,0.27693852795989465,-0.045828120765024655,1,0.8278037009272985,-0.05903806821803619
2023-06-17,919.6579103318501,-12.235625749409788,0.2016931390419262,-0.044751287365481694,1,0.9120765431073274,-0.003602582875043591
2023-06-18,906.8484120115577,-13.150117445011226,0.3949170821773646,-0.054297957458491225,2,0.9271523856010134,0.014329679808169855
2023-06-19,901.4789112888424,-5.360734303914007,0.14405260136657083,-0.1528190201678441,5,0.9936987156198431,0.12049294875671607
2023-06-20,898.065286260319,-3.264231886762743,0.1222627420254224,-0.27165588378601735,5,1.0065391223229994,0.26096676133895264
2023-06-21,912.4530816555999,14.636937960579651,0.0023225789464546703,-0.25146514424510014,5,1.1304859211966942,0.5110514517964388
2023-06-22,903.2384627882861,-9.018716691302998,-0.10477321497716988,-0.09112896103366389,3,1.1951524225252093,0.5765211442109593
2023-06-23,914.8979081020008,11.782223679809784,0.07782347068258208,-0.20060183677772173,4,1.2197443454837806,0.5465653600486963
2023-06-24,904.5993813722591,-9.961757664702773,-0.07227612901276978,-0.26449293602599727,6,1.2225375672085133,0.4669507620529636
2023-06-25,891.8895934492198,-12.616118022039544,-0.05415046689560206,-0.03951943410423853,1,1.1734922361532472,0.3961599290124096
2023-06-26,902.55201857096,10.796749118553794,-0.12732399681368586,-0.007,1,1.1594508090313755,0.4145219992291106
2023-06-27,908.1307376844229,5.542055010513428,0.09740458082438243,-0.06074047787494435,2,1.245624033085904,0.322528022400976
2023-06-28,905.8531426331397,-2.197257862136384,0.0345601878443395,-0.11489737699121282,2,1.1541499121597345,0.27530725952969876
2023-06-29,913.7328318531092,7.895627329827924,0.17513423540691953,-0.19107234526526284,4,1.1656324262928284,0.4871693280704099
2023-06-30,957.6745282614328,43.38142218844639,0.5602742198771391,-0.0,0,1.1777739131409608,0.5101148850696355
2023-07-01,948.9706453466126,-8.81858897954649,0.20562959694959632,-0.09092353222329369,2,1.1927380848783766,0.5030748381166616
2023-07-02,958.6713225654487,9.945443843550349,0.023003797389599977,-0.267770422103943,3,1.5834163809785176,0.7461270368880498
2023-07-03,951.9460429987348,-6.674306566416043,0.07387940403562508,-0.12485240433346426,3,1.7091695809276446,0.799548386124524
2023-07-04,935.9102571687276,-15.814928395804854,-0.008563635117364,-0.21229379908494406,5,1.6535416181580047,0.9111839418199246
2023-07-05,930.2457931505868,-5.300719536559075,-0.03564214724357183,-0.3281023343381008,5,1.3756409093975654,0.6515125164164774
2023-07-06,906.970377974243,-23.695417198253413,0.6483052602892627,-0.22830323837973332,4,1.1227824913772224,0.3951392297347065
2023-07-07,908.6515584333246,1.3896445516448725,0.502271793142512,-0.21073588570579743,4,1.347615443253306,0.46354537407089824
2023-07-08,900.292255697758,-8.796072105062395,0.5538997528893348,-0.11713038339346302,3,1.3082159802788855,0.42483999805707023
2023-07-09,894.6115717608265,-6.056601016944366,0.4836783566009749,-0.10776127658819948,4,1.2583289408192602,0.3097350801168754
2023-07-10,897.4014858379909,2.4304847085618615,0.45202198826860995,-0.09259261966595432,4,1.2946249757865913,0.3432814850547318
2023-07-11,904.4623533207669,6.9148751859448225,0.39463329840587025,-0.2486410015746731,5,1.3375184098835635,0.40362804890060555
2023-07-12,914.6055580358629,10.273810726315222,-0.024130626815321042,-0.10647538440374901,3,1.3162779448997937,0.5200455214006319
2023-07-13,941.717836981606,27.313722287578432,0.261380527102144,-0.46282386893760485,8,1.6701799037228047,0.7985116585481202
2023-07-14,916.173275288672,-25.015728037430954,-0.13836749036209567,-0.3904661651408897,6,1.2932180386015364,0.5241285934169116
2023-07-15,924.1968029587968,8.104378985289785,-0.014933887669063554,-0.06591742749595025,2,1.1937693543737136,0.42645596074458014
2023-07-16,932.0648530268403,7.367878163573107,0.5815813454872462,-0.08140944101682718,2,1.183859633273811,0.5555367885158693
2023-07-17,918.8108760498578,-13.247765944174425,0.14411286524867487,-0.15032389805675625,4,1.0951254957004573,0.44802716010953064
2023-07-18,898.3028529763714,-20.463728998485994,0.09237372661898503,-0.1366678016193858,4,0.8821233298933568,0.2181322047765034
2023-07-19,909.6955771486355,11.372369199147819,0.1188272342669395,-0.09847226115058827,3,0.8672095109439698,0.23054544854125372
2023-07-20,910.4524582239325,0.9149949873632774,0.015125858710291231,-0.1732397707766493,4,0.8868026430056466,0.20503648240681777
2023-07-21,899.2210991207539,-11.3630696357354,0.1880168332141982,-0.056306300657300565,2,0.9291038471493668,0.15622811882961907
2023-07-22,894.6091956489644,-4.673553705982593,0.06165023419302985,-0.0,0,0.9147824448411015,0.15180937965100652
2023-07-23,893.6384336248946,-0.9635461834938187,0.07680129885936651,-0.08401713943534257,3,0.9748402494634067,0.2852059581992821
2023-07-24,872.0866089249257,-21.264580267697497,-0.04151702975454856,-0.2457274025168067,6,0.9170888147374684,0.10725733480028835
2023-07-25,876.9640556199191,4.990206944393108,-0.0372495635784839,-0.07551068582122464,2,0.7907505824585201,0.11479682484569505
2023-07-26,888.0224286578112,11.219317426489543,-0.03897414499254653,-0.12197024360492553,3,0.8359313417040632,0.1678002826453757
2023-07-27,888.780785442264,0.9754898306258537,-0.012686906678468272,-0.20444613949462326,6,0.9189243256917411,0.11454077191949899
2023-07-28,882.7375424470212,-5.887644148487793,0.013765870373020123,-0.16936471712815054,6,0.9824287471477053,0.10532331874234771
2023-07-29,895.9892045135192,11.701496598075503,1.6300558209870164,-0.07989035256444593,2,0.8658936061098507,0.10398639744308778
2023-07-30,880.3930699926328,-15.46485779771987,0.06408668605307642,-0.19536340921954576,6,0.8869255934200425,0.11355212345735892
2023-07-31,874.7949818377186,-5.60764161069513,0.0672235543405957,-0.05767009855965181,3,0.8986201939804231,0.013691214658929677
2023-08-01,878.1790981454518,3.6655762477657214,-0.04907018307059872,-0.2323897569620194,5,0.8432711135772226,0.1764022494548612
2023-08-02,871.509868119427,-6.884561215836665,0.40951648401231777,-0.19418529420042446,6,0.7834365306552289,-0.03292743363206007
2023-08-03,878.4252800398821,6.841830653048907,0.2712339244224845,-0.19765265701629137,5,0.6726008260794023,0.07596814572412863
2023-08-04,883.3259105162275,3.0970765910280402,1.9060926997673189,-0.10253881444988588,2,0.7172234957384832,0.03963677808822805
2023-08-05,878.1759470597887,-5.615948082742497,0.5019569525105464,-0.035972326206832037,1,0.7765748010033531,0.09199213747629846
2023-08-06,875.6598682941612,-2.8391998040089286,0.3733234154165197,-0.05020237703499147,1,0.8516408621720067,0.00711280874372808
2023-08-07,875.9131742510135,0.2731646631878182,0.013218529822242253,-0.03307723615779347,1,0.8002471250278961,-0.046524735416906604
2023-08-08,863.0101991232953,-12.528651868080031,0.02025554596971152,-0.39457880560795083,6,1.156096480071034,0.46290793158410654
2023-08-09,854.2483025621059,-8.63245406749141,0.04006601032003047,-0.1695085040179184,4,1.0175693957139154,0.312695652232589
2023-08-10,860.7774498234032,6.579264403315522,0.06340408871801573,-0.11352123073622646,3,1.0520521438339763,0.19350822542545879
2023-08-11,869.8941746447925,9.008377165355778,0.2642568249187714,-0.15590916888527814,5,1.1595825461387552,0.19166920314607522
2023-08-12,869.8679807973044,0.11662928727215638,-0.03183955221409568,-0.11098358254622503,2,1.2084377544494382,0.24481913461910532
2023-08-13,864.8205223138901,-4.842721191708759,-0.05478461798256817,-0.14995267372296003,3,0.9519020557455165,0.12509420103154292
2023-08-14,866.5540459032169,1.7698071038725243,0.00601024070528213,-0.042293755251096875,1,1.0299494570850616,0.05716226155065784
2023-08-15,871.1998983687856,4.865349539967843,-0.0010720240088818393,-0.21842505039020274,5,0.7840056285772595,0.15139386875037278
2023-08-16,860.5088591614368,-10.508733916075219,-0.03590448576196245,-0.14640080551153953,4,0.7593799452387542,0.06182591271507311
2023-08-17,867.948889951557,6.555018109668589,1.0093798720462894,-0.12436719159475308,5,0.8917277224920221,0.012323569945658457
2023-08-18,884.6198546315075,15.584700669076847,1.2191725081258322,-0.132908497252308,3,1.0064854002086692,-0.024863366211592953
2023-08-19,901.9661225483711,14.768808241563436,2.7580398546928855,-0.18058017939267557,5,1.016158309034955,-0.021635851100314272
2023-08-20,895.0890404193906,-8.22398532858417,1.489742193791426,-0.1428389941877584,3,0.9468480429676555,0.03470541709724678
2023-08-21,921.4693102700609,23.758158140112904,2.876859430324286,-0.2547477197668644,5,0.8710925903230262,0.007283694587370262
2023-08-22,906.9502975160308,-17.567701545688116,3.159129772253779,-0.11044098059571872,2,0.8539178163780864,-0.012060074570081921
2023-08-23,901.0882074944883,-8.216859887004418,2.418362248145107,-0.06359238268320143,2,0.9047313308206099,0.021829257975596462
2023-08-24,885.3063961878372,-16.625936654188973,0.8441253475379126,-0.0,0,0.8916754709512528,0.0034385273833830213
2023-08-25,872.5590020442198,-17.379343237804807,4.7997184525804535,-0.1677693583929485,4,0.8934070284533954,-0.028213445173926016
2023-08-26,872.5836237334357,-2.7861718861129656,2.845100210519235,-0.03430663519035889,1,0.829624917575617,-0.08757160255624566
2023-08-27,874.0729695305708,0.47521977031464857,1.0141260268204446,-0.0,0,0.8365407244597475,-0.08687870369122817
2023-08-28,861.5023745567244,-13.604445890493135,1.1553244281790946,-0.12147351153244043,3,0.810211079831321,-0.07634803487456326
2023-08-29,864.0624086488712,1.9472063537259747,1.0579519134531785,-0.4451241750323271,9,0.7745559629250848,0.12377336948922081
2023-08-30,859.3335947127457,-5.2448188289636635,0.7674531753005939,-0.2514482824623846,5,0.8190773606589202,0.17220669930614213
2023-08-31,851.4529640890825,-8.066993769303137,0.3822292172975097,-0.19586607165767678,5,0.8186039683669437,0.09140676030844166
2023-09-01,871.5984170352556,18.83505811672419,1.4437091832446947,-0.13331435379574647,2,0.809681849016383,0.11210028246581287
2023-09-02,854.6604795726032,-17.050901946644704,0.2012701624788603,-0.08830567848660517,2,0.8299817532491129,-0.05323218231591483
2023-09-03,872.1674702690251,16.81482901808323,0.6921616783386599,-0.0,0,0.830031524912745,-0.03288429622339169
2023-09-04,870.3921572465654,-3.912425245582329,2.2515582090924706,-0.11444598596979913,2,0.8086091086544085,-0.014160068150999659
2023-09-05,873.8468101713312,0.599346285410833,3.0073111860846455,-0.15200454672974667,4,0.8478311410404409,-0.02698583363396045
2023-09-06,889.795122136379,13.856062318544229,2.271382558536277,-0.1791329120327128,4,0.8496581566562978,0.02920121130827291
2023-09-07,889.6714977344141,-3.9590232579424693,4.011175802534385,-0.1757769465567629,4,0.8681462821305669,0.14739353366390473
2023-09-08,877.1950852447469,-16.064677021068913,3.7239632778223877,-0.1356987464206518,3,0.7860152678787621,0.07354783957038268
2023-09-09,867.8447266253994,-10.577371680875192,1.3637218920397918,-0.1367088305121372,3,0.84290008158682,-0.005932694172459889
2023-09-10,896.0925945145268,26.756693368916828,1.4911745202105713,-0.0,0,0.8151423891503625,0.02411361967383829
2023-09-11,918.8590004048538,12.121895537856707,10.64451035247026,-0.0,0,0.7759104236563528,0.03670849557947561
2023-09-12,922.0473861537498,-1.7398921872212632,4.963308420550047,-0.035030484432738644,1,0.8342695040172593,-0.019579806952909166
2023-09-13,933.757645807714,9.458236960682248,2.2927850103150624,-0.040762317033063156,1,0.7861604447682456,0.05315791398015855
2023-09-14,942.4940879967812,7.272368595525259,1.5907804884562815,-0.12670689491429005,3,0.7571907541483965,0.14139548465692472
2023-09-15,955.0668787589102,10.440399512882646,2.1745222492211846,-0.04213099997480948,1,0.8270583882459583,0.21348447446694374
2023-09-16,939.7446241558813,-16.851138692492817,1.5705036148374871,-0.04161952537356609,1,0.8870569812154584,0.13576491304258215
2023-09-17,941.7166604488422,-1.1681836407654878,3.354792970929501,-0.214573037203141,5,0.8237662782887396,0.07421387058288252
2023-09-18,971.976657186729,24.312497278914886,5.98764291577728,-0.04014345680537169,1,0.7781920709172723,0.15591807679630365
2023-09-19,1020.9037488674358,40.80989145571144,8.243736403317284,-0.12653617832193623,3,0.9696485922465163,0.3654845934109249
2023-09-20,1001.5224081673512,-21.764166763976533,2.613398882690151,-0.23057281879822003,7,0.9392587315938565,0.3065855867127646
2023-09-21,986.873675719069,-15.182837724194599,0.7565160556035753,-0.22241077969117504,5,0.6808350343005107,0.10796690539674664
2023-09-22,1008.89203652826,21.85129641868444,0.22234442642090466,-0.05528003591434236,2,0.6136830015354442,0.048993858149625986
2023-09-23,987.093992298284,-22.210544651544808,0.5070782286376739,-0.09457780706881364,3,0.7001303616449632,-0.012418680505841976
2023-09-24,982.361876586192,-4.9870394510683305,0.25492373897636444,-0.0,0,0.68899564292263,-0.017555083092787003
2023-09-25,993.1116769451731,10.770324698364881,0.13791310013171357,-0.15843743951539976,5,0.6955314456137571,-0.05566487331771416
2023-09-26,996.4228158429555,3.085486561553253,0.22565233622908318,-0.0,0,0.697994858376041,-0.05238333395827119
2023-09-27,1002.0226191884373,5.386384312746719,0.24615243210193816,-0.03273339936681175,1,0.6497245328504386,-0.09338268629547207
2023-09-28,988.23834689626,-13.577133612567037,0.055900916063554365,-0.26303959567375385,6,0.6821756773692006,0.05240996950090512
2023-09-29,989.1338572553578,0.9391840164938521,0.03506433941302123,-0.07873799680912295,3,0.717602963603738,0.08593794763320708
2023-09-30,988.2018016225802,-0.8206363909465564,0.018053643148942006,-0.12947288498001905,4,0.8003766501184798,0.16418790769660402
2023-10-01,1001.0388822363626,10.681725079210835,2.6141302878002945,-0.4587747532287218,7,1.2169429814615575,0.5562281500451556
2023-10-02,988.8529282371287,-12.04806198830687,0.16778204737193592,-0.3056740582990206,4,0.8968571018735534,0.23507513329319102
2023-10-03,971.3717873576436,-17.505611668398235,0.10115428907336538,-0.07668350016028692,2,0.8304490914807602,0.30319805772582176
2023-10-04,967.7083034231308,-3.553614285366521,0.048117801112067045,-0.15798745025840924,4,0.9245251243014231,0.39682749095427255
2023-10-05,966.2945606210468,-1.3478687530106592,0.15048690411765914,-0.21636095319108448,6,0.756635814319163,0.2371598604078395
2023-10-06,964.2202699814683,-1.8645556066621336,0.039493023511656906,-0.2492280564279945,4,0.9205677392835102,0.3651953764126193
2023-10-07,961.4344777099363,-2.699057169434097,0.057767433799497926,-0.14450253589735648,3,0.8735848279467131,0.3158373402339431
2023-10-08,960.0005941348909,-1.4067820478834796,0.005326930617582076,-0.03242845777963355,1,0.9175917018633089,0.36310029034093866
2023-10-09,960.9293685383359,0.978299042490038,0.0055860812135563875,-0.05511072025857861,1,0.8136437501574331,0.2818367322281919
2023-10-10,949.8163126432804,-11.367411035280615,0.2987391308706755,-0.04438399064553058,1,0.882407103013416,0.2064105222912802
2023-10-11,944.1300096298651,-5.647956067740882,0.08013036651269098,-0.11847731218714903,1,0.7022126131560292,0.022402446448587972
2023-10-12,941.4251245144562,-2.6703022010290054,0.041695963112253376,-0.07627887749208619,2,0.669852224579106,-0.0008316360947345998
2023-10-13,943.8109466874155,2.3722163572425727,0.013605815716657843,-0.0,0,0.675618801327696,0.0016839105848310233
2023-10-14,941.4473249977397,-2.2943197529205137,0.04171605580068968,-0.11101799255592598,3,0.7246451364899273,0.03403158438889742
2023-10-15,941.8117497383741,0.6304332293291512,0.004567714073886578,-0.2705762027685813,6,0.7394645768623963,0.1098598704417221
2023-10-16,946.8831351911673,5.661933723768572,-0.0015994896781893475,-0.5889487812971703,11,1.188631120505238,0.49038618927406685
2023-10-17,947.0976597186338,0.3565489197620386,0.04094888747008814,-0.18297327976555128,5,1.1334731959562978,0.5385362314028012
2023-10-18,933.5210519907364,-13.403981184240166,0.010934744659338164,-0.18356128831658447,5,1.1967243211267349,0.5029466121552381
2023-10-19,946.0110590741613,12.506340327961494,0.12443816991413627,-0.14077141445081498,4,1.1869981319512741,0.4416427870520729
2023-10-20,965.6655655063932,19.612830432885332,0.19554883668414455,-0.15387283733753276,3,1.328717249573732,0.6805980804062832
2023-10-21,989.1331239258484,23.495389397150888,0.053484465691869404,-0.08131544338762403,2,1.347358298463312,0.6856525778882091
2023-10-22,991.0997621352259,2.2910266571221354,0.07413589944572144,-0.3985243471903738,6,1.4259202767101906,0.8776250527673899
2023-10-23,1069.9936536354348,79.20092292775855,-0.12622982188722387,-0.1808016056622742,3,1.5464615079109874,0.9826968692577965
2023-10-24,1054.1235535444252,-15.247914432941048,-0.29336923520784747,-0.32881642286072393,6,1.647689777078816,1.0344239570725682
2023-10-25,1093.1593129852704,39.538171866554734,-0.2805037175981255,-0.22190870811134017,4,1.645134005463582,1.0341680472316952
2023-10-26,1089.1239181277153,-3.5390453708895553,-0.24763496816512773,-0.24871451850032616,4,1.6395701008673684,1.0333149844544611
2023-10-27,1083.3910102130649,-5.3009212078604495,-0.3357769875902985,-0.09620971919980838,2,1.6270418437119973,0.9070268057035842
2023-10-28,1074.094178621988,-8.778343791919118,-0.36126999833519013,-0.15721780082256256,3,1.70670166974818,0.9937308534830296
2023-10-29,1085.9038849457029,12.268558420040037,-0.3219753505976898,-0.13687674572747605,3,1.8302067819377186,1.1098735639028097
2023-10-30,1116.9776641000983,31.570933116995924,-0.40224049040995885,-0.0949134721903557,2,1.8177685567127724,1.107032733638163
2023-10-31,1172.1590112043868,55.704377361682,-0.322036925509021,-0.20099333188445484,4,1.6420465342957642,0.9466835496177118
2023-11-01,1201.3230795490147,29.636860321783836,-0.1976816998772707,-0.2751102772787703,5,1.620554597535112,0.9898825694721453
2023-11-02,1173.1369190069884,-27.72816679661028,-0.34518976703213555,-0.11280397838400397,2,1.643306873275669,0.9734496407816311
2023-11-03,1195.4366139129947,22.7306485865242,-0.43095368051789407,-0.0,0,1.6361282612667847,0.9743054106140304
2023-11-04,1217.176829264097,22.149279719350176,-0.3145943495570347,-0.09447001869071847,1,1.7470995014842374,1.085977631580647
2023-11-05,1247.761286847801,31.114347847155596,-0.4599736953181156,-0.06991656813330724,2,1.7727556786786702,1.1163592373384301
2023-11-06,1297.0604064949796,49.969217766419206,-0.38512865007506675,-0.2849694691656304,4,1.6109506279324552,0.9121231935092052
2023-11-07,1291.4154080988292,-5.11213908715462,-0.3902480956696402,-0.14261121332602283,2,1.5789448346047872,0.8863485786783306
2023-11-08,1331.9293770339282,41.014029242111036,-0.2927829213947781,-0.20727738561742237,3,1.5122477597956017,0.8159331261194267
2023-11-09,1374.2015604447545,43.55041882278201,-0.9346311584846687,-0.3436042534710875,5,1.3388111382812555,0.6420880545353036
2023-11-10,1458.6456719189885,85.07459603676284,-0.5260683964379729,-0.1044161660908809,1,1.2297416677803374,0.5609772590537382
2023-11-11,1457.1242527575846,-0.8281964861118611,-0.5462477505441732,-0.14697492474774748,2,1.381264522614824,0.5478950751125656
2023-11-12,1463.008399097976,6.5876633088316385,-0.5358272213520485,-0.16768974708820317,2,1.3834797209675365,0.5549014368556603
2023-11-13,1414.3070262625677,-47.936572307282965,-0.4973432981977806,-0.2674572299277948,4,1.2431161746355828,0.4577815603790617
2023-11-14,1422.6727749927736,8.844260171968754,-0.23838906065245216,-0.2401223811101706,3,0.9926252057756247,0.220188345486951
2023-11-15,1477.3554064516175,55.21568550246974,-0.1250663431366563,-0.4079877004892281,6,1.078431572052084,0.5004438925803681
2023-11-16,1413.5929993148782,-62.89584541508843,-0.3928399153666054,-0.47372180628408406,7,0.8666313806996185,0.14622200509554148
2023-11-17,1411.635761201978,-1.5758368899523216,-0.10711328331336804,-0.274287939634434,6,1.0165115592613465,0.14855674248803016
2023-11-18,1395.118560033686,-16.383868554890366,-0.0903624585190527,-0.042970154882703115,1,0.9677414924578556,0.09457132170830111
2023-11-19,1408.8274925622327,13.89166135527048,-0.08649579909792425,-0.09623302762583075,3,1.0774676434105679,0.20109319470574588
2023-11-20,1383.336255458892,-25.281903287183155,-0.012919258954337199,-0.19641455720304068,5,1.0788494347869158,0.19386209722878653
2023-11-21,1359.8874879696098,-23.22662225916853,-0.07636222907586084,-0.14578300103796582,3,0.8668740056399246,0.026979007945171794
2023-11-22,1396.6126276126809,37.08935204436989,-0.16155927514284138,-0.2026531261560549,4,1.118169305492426,0.26011667526237714
2023-11-23,1381.3823173275562,-14.925555221453017,-0.16847315692604806,-0.13628190674559365,2,1.1162323990108887,0.24494562025911634
2023-11-24,1403.4905451187742,22.45239023403457,-0.11500804989035213,-0.2291543929261201,6,1.136909634006062,0.2518834686307433
2023-11-25,1395.1835186423734,-8.25129231807733,0.022475336297357575,-0.07820949462081181,2,1.1734138308626991,0.26701521277119994
2023-11-26,1392.6061870521148,-2.3829110539339604,-0.1287069208875519,-0.0657136154371006,1,1.086366904986638,0.3332089939188514
2023-11-27,1383.001920219784,-9.359823345992684,-0.13935909942699207,-0.10508438691123502,3,1.099707274140982,0.22020832074338426
2023-11-28,1396.9231853754163,14.054680616037778,-0.039213822552482104,-0.0942016378530398,2,1.0106101287398639,0.1317391282624964
2023-11-29,1398.7850395759397,2.20680778512806,-0.06005513111271549,-0.28489845349182724,5,1.042361351393803,0.17298784257548752
2023-11-30,1403.7805162476395,5.217476249151638,-0.02165759715512034,-0.20034198029648018,3,1.0032209815767457,0.2704392715723888
2023-12-01,1406.341465402782,2.9875835646289337,-0.08470330028378815,-0.34193110920276093,5,1.263797740156333,0.38332964513912055
2023-12-02,1442.6060894247041,36.41586094160154,-0.0425296512431,-0.10870726843631372,2,1.2941026807806149,0.40629479542273983
2023-12-03,1470.1656235905762,27.591357317479297,0.02619398796772139,-0.05801713957495478,2,1.2320491611032136,0.4237759025782959
2023-12-04,1505.8383011310248,36.22695272159452,-0.05331320781361107,-0.5009619733322576,9,1.1895008021136355,0.36949722867666135
2023-12-05,1513.291774743506,7.835474704857122,-0.06796399317493182,-0.3140370992009863,5,1.2146285148815876,0.4276391244690411
2023-12-06,1523.8215384064154,11.07924997779324,-0.30008247350948986,-0.249403841374414,5,1.2421281800116757,0.6059206966670067
2023-12-07,1498.089928192595,-25.42217028662462,-0.30943992719590363,-0.0,0,1.3078811460242816,0.5993584370092282
2023-12-08,1564.4939115410068,67.03713793051591,-0.4162127591299505,-0.2169418229740388,5,1.3147329893131565,0.5646133800075391
2023-12-09,1561.2999250000137,-2.221077460845156,-0.8782534822200602,-0.09465559792783826,2,1.3183023544422727,0.5848572074799796
2023-12-10,1595.5780993021822,35.129567650819105,-0.6673169660540546,-0.18407638259636847,2,1.1668087371509515,0.42950001712406716
2023-12-11,1544.5795061939527,-50.33341480393811,-0.2855031003671757,-0.37967520392417414,5,0.9022811803585375,0.2831749948067884
2023-12-12,1534.8403014945134,-9.298681121158433,-0.185062301500496,-0.2554612767803268,4,0.9273071309162201,0.28005633866232443
2023-12-13,1585.5851472902311,51.07115583080713,-0.326310035089367,-0.0,0,0.9318660965485107,0.3033031129993997
2023-12-14,1594.5161606872314,9.321174770766689,-0.28609509403217764,-0.10406627973418645,2,1.0369708275803677,0.29958044134994083
2023-12-15,1584.9306329911678,-9.074234867069114,-0.3891543313754826,-0.12213849761891693,2,0.8888789933463246,0.18557787081766852
2023-12-16,1587.5389006324897,2.737867033516702,-0.12959939219487768,-0.0,0,0.9088995335247362,0.1869975716371066
2023-12-17,1573.217062829047,-14.115701066970264,-0.03717319519881482,-0.16896354127358182,3,0.8628175422384478,0.214379648000835
2023-12-18,1614.8143260118873,41.77548197255694,-0.1225122496959389,-0.05570654002086702,1,0.914370090627332,0.18544573567906875
2023-12-19,1607.2521427376662,-7.220980159914941,-0.2260715538236744,-0.11513156048241421,3,0.7960049468008389,0.19726068263710217
2023-12-20,1665.376194260943,58.42702525696438,-0.21327386844118165,-0.0896998652461953,2,0.836029348034279,0.2474383889698497
2023-12-21,1699.630042561758,34.67230736145909,-0.21762605430706383,-0.2008330063370295,4,0.8808990771499152,0.3527611924438066
2023-12-22,1658.308068147141,-40.89585977709746,-0.2939181159400816,-0.13219652157961848,2,0.8934767499476258,0.45077259695823196
2023-12-23,1718.0622727992832,60.32581332994411,-0.30542148166259553,-0.2661871961394421,4,0.8280600221761486,0.35104585716981673
2023-12-24,1724.9404367409916,7.249307018375051,-0.2742406742135597,-0.09690240245290474,2,0.8418020903729088,0.3741302464642391
2023-12-25,1752.7568881328139,28.447347448790346,-0.5604641012937067,-0.07043195567449265,2,0.8101260779098596,0.34499886715833133
2023-12-26,1724.8147730429052,-27.67956764920372,0.09898159308229956,-0.3615290337873128,8,0.7802252926899969,0.2565412691478982
2023-12-27,1681.0239821636571,-45.55931592064126,2.1492190034726013,-0.3806939620795161,6,0.7249967026571957,0.3069239682244278
2023-12-28,1641.7522013901932,-40.160620477263514,1.0902009038742513,-0.20136120007474834,5,0.6596488114558416,0.20812247155222174
2023-12-29,1647.7603350605714,6.359298250038122,-0.25784111059245685,-0.09332346906767873,3,0.5688750883758883,0.13031360082260837
2023-12-30,1638.0689178676653,-9.747874911316483,0.0564577184103366,-0.0,0,0.5631632437372984,0.12513375072760755
2023-12-31,1641.9479691387983,4.163381543763939,-0.07597035103273468,-0.20835992159822256,6,0.5897871408942981,0.1598191788654273
2024-01-01,1658.1543377756275,16.82805752361027,-0.3828322905233155,-0.23885659625790437,5,0.7937509439298548,0.3741910680421538
2024-01-02,1661.7319155768255,4.418568980347961,-0.7978877157587015,-0.043103463391169966,2,0.8064434124568097,0.3389889368181888
2024-01-03,1659.5843124906287,-1.6777674434927636,-0.16109628283857869,-0.308739359865422,6,0.6052260271183176,0.15452112225974943
2024-01-04,1672.1758524778954,12.679503325399342,0.028239346490834066,-0.11620268462340397,4,0.7174518838428597,0.26021435981606444
2024-01-05,1648.3810189720696,-23.831790606106104,0.0899340492286988,-0.05297694894843642,3,0.730717742750206,0.2724745372696164
2024-01-06,1626.2603836704704,-21.912428252779478,0.08203719096841962,-0.2902442397880709,6,0.648411555211854,0.20064207085513244
2024-01-07,1626.9879099950188,0.675880059272238,0.12940249875341964,-0.07775623347747213,3,0.6552376309817246,0.132694162214145
2024-01-08,1641.0589056905073,14.194404446760846,0.018924240442123888,-0.1423329917142534,3,0.8139439537512384,0.26410937834056564
2024-01-09,1638.4732025989897,-2.342507463425796,-0.10662556504699171,-0.13657006304485322,3,0.7565707891194372,0.3142251657966059
2024-01-10,1672.1804280359845,33.903502754060916,-0.13291087158230677,-0.06336644548382037,2,0.7659467031185488,0.2950926571617735
2024-01-11,1667.311511423196,-4.696135482152139,-0.11780686045368732,-0.05497427018285172,1,0.8202636272503825,0.24603522244079853
2024-01-12,1650.0083147235616,-16.92785329503181,-0.10657141533679501,-0.2687719892657114,6,0.6493362265297266,0.10104020192949398
2024-01-13,1644.506002668262,-5.336013226014001,-0.0654980968445604,-0.1008007324409935,3,0.7303298341806693,0.10483651354608567
2024-01-14,1618.004899057135,-26.393863394474806,-0.05765363971153817,-0.04958657694089301,2,0.6707502797661359,0.12191990978125188
2024-01-15,1626.5389595619665,8.817938947139456,-0.09275261712453349,-0.1911258251831331,4,0.6578976692618906,0.15397614030236817
2024-01-16,1629.2333460271868,2.7534266031518593,0.037818368268375084,-0.09685850619986851,3,0.6928112013912255,0.1427871472719908
2024-01-17,1615.8465137936541,-13.292470491866847,0.02053679081896393,-0.11489853248478321,2,0.6981598849164296,0.15015154867243505
2024-01-18,1596.881571498508,-18.93205554895549,0.01356581878814039,-0.046452564978899956,1,0.6300440355937895,0.09852264351311013
2024-01-19,1599.6460583971425,2.865573253653016,0.0650339853259752,-0.16612034034469952,3,0.576455793165469,0.11393919318750474
2024-01-20,1583.0835858551932,-16.267638428919444,0.030749975163866426,-0.32558408819369133,6,0.5900979100756105,0.10985960974688563
2024-01-21,1575.0804609985564,-7.980222205222231,0.022883031436686158,-0.04578568285114896,1,0.5410908698509656,0.06382442476050591
2024-01-22,1577.7331681169226,2.6745407244319304,0.09366760802535752,-0.11550121409125232,2,0.5267849479363391,-0.03916922744969362
2024-01-23,1574.2161832726338,-3.3441949736162933,0.09373932280215475,-0.26652919347465315,5,0.5465049837099105,-0.01895680951800458
2024-01-24,1566.7879813420616,-7.768581664035584,0.6301588184026908,-0.2897790849392369,5,0.5922079238172308,-0.05209511701097428
2024-01-25,1559.944109686551,-6.839791835617395,0.14751418530285754,-0.1515940051961443,3,0.565218435989319,-0.07407101494692307
2024-01-26,1574.6396164300459,13.174306555797688,1.6375106069775591,-0.11631041928025093,3,0.5063978969931549,-0.059600019194452514
2024-01-27,1571.0772864288342,-3.638377142890985,0.1512498220835911,-0.0752026804043926,1,0.5806282906459976,0.0063303518911175735
2024-01-28,1563.709250502903,-7.288971634961674,0.04800131966628347,-0.12706561063571972,3,0.6482753550651217,0.01859270316080623
2024-01-29,1587.0014061927338,23.439053142554204,0.014981374221291976,-0.1618788269445858,4,0.7102974205178105,0.17880771940298656
2024-01-30,1580.7068262260334,-6.044230427926668,-0.04866861226607042,-0.2016809265075378,4,0.6338295274921195,0.11173581155956991
2024-01-31,1565.8362790287756,-14.560787858961715,-0.03835244402399256,-0.27140689427212195,6,0.6575530033887949,0.11757328702102876
2024-02-01,1576.2295055126372,10.579562433856546,-0.04395183274023809,-0.14238411725479297,2,0.7945888860737734,0.15291088408842946
2024-02-02,1581.4825560963743,5.475215360451395,-0.05805310754080495,-0.1641116691735798,5,0.8237727830202296,0.16884204237741648
2024-02-03,1571.1327441074186,-10.214062870833086,-0.08102176671218644,-0.054727351410443326,1,0.7710233236785178,0.2132147100411906
2024-02-04,1572.4673259655835,1.6133272660377889,-0.09903408879437964,-0.17971131907848553,3,0.7010530754115236,0.13606822129312302
2024-02-05,1580.6101357842876,8.311865431402836,-0.06223424763566448,-0.10682136506316384,2,0.6972689942661152,0.23717211418571357
2024-02-06,1582.4615622892818,2.3429564194009878,-0.08602210433340761,-0.4055078100734763,10,0.7940758664788182,0.21495590165298928
2024-02-07,1577.502254866068,-4.641842534763921,0.11633793460766517,-0.4338028230576749,7,0.9215844128155137,0.32836570874333626
2024-02-08,1569.3840113376136,-8.124790334030529,0.3176697521467672,-0.3111229465705373,5,1.1283216040079675,0.39665793461962207
2024-02-09,1614.263676461944,45.28944819942885,-0.013189960530289244,-0.3965931145682531,5,1.1840238420837372,0.4502024376621356
2024-02-10,1628.8235736902466,14.76188696347582,-0.03251678593284817,-0.16947294924044248,2,1.1617760981230119,0.4761298117830885
2024-02-11,1643.2218415858654,14.446947393106003,-0.048679497487095595,-0.0,0,1.1583968037317491,0.4807497009653282
2024-02-12,1669.6882065630869,26.730067159458645,-0.14548907919548776,-0.11821310304159346,2,1.1926147204772752,0.4991026552397059
2024-02-13,1676.4183786186738,6.910182547386131,0.0025198201920165475,-0.1825303119910356,4,1.226341066096156,0.5456778230090304
2024-02-14,1708.9297144930385,32.65825942190703,-0.03079716554605312,-0.1161263819963822,2,1.2440636749643235,0.5525974483445716
2024-02-15,1701.5257478109008,-7.261755919274724,-0.14221076286288198,-0.0,0,1.2490157017495611,0.5507342130528482
2024-02-16,1680.7696466559623,-20.3420080710471,-0.07814873507916559,-0.33594434881226987,5,1.192165023510056,0.5093484144579148
2024-02-17,1675.0533199454712,-5.2446266648827535,-0.2949810650570723,-0.17671898055109464,3,1.2543890937323783,0.4727087117077583
2024-02-18,1691.186979051349,16.45228403186736,-0.18798197904501152,-0.13064294694460568,2,1.2768084989740045,0.5882834805484413
2024-02-19,1731.7252589360583,40.87886173726197,-0.3405818525526811,-0.0,0,1.2753613476526773,0.5981181014060835
2024-02-20,1737.6834030422897,6.682914497754243,-0.5691131944847708,-0.1556571970378564,2,1.125323946831761,0.5825839455134
2024-02-21,1725.8735391033679,-11.282504943423614,-0.3289175494265735,-0.19844144607177233,4,1.0887181319551953,0.4157756357539215
2024-02-22,1768.8275728648632,43.00094822169099,0.019571907210762005,-0.06648636740640738,2,1.0181619853432549,0.37629252365675264
2024-02-23,1758.2811215476922,-10.483751807722243,0.1202669245425478,-0.18296643399131568,4,0.991725103049255,0.33239781293548637
2024-02-24,1757.109955894223,-1.3013544320336021,0.23651946235430082,-0.10633068378969265,2,1.0354922012341614,0.4183280729090814
2024-02-25,1766.042068515708,9.412941796591802,-0.41033207680265393,-0.07049709830417573,2,1.0617469920112623,0.4387453344548049
2024-02-26,1781.7410282977037,16.28421980643858,-0.3571628721814663,-0.22809715226140212,3,1.1885709960332234,0.6269036828236144
2024-02-27,1755.9091206921346,-24.38344751939217,-1.0619373700948913,-0.38652271608205147,6,1.200618778367411,0.5552712896853153
2024-02-28,1849.911885734047,95.64595687518988,-1.2896130945907713,-0.35357873868654943,5,0.9993211100296415,0.5944837760552416
2024-02-29,1796.403337291281,-50.86129231132182,-2.303964647635941,-0.3432914838080338,4,1.237748502868908,0.7063766561184228
2024-03-01,1889.8468348196254,95.91550083504657,-2.139117902754592,-0.33288540394765576,5,1.3170109048613419,0.6846451847209075
2024-03-02,1888.0436285544213,0.7874612316720757,-1.9834331662678717,-0.6072343306084715,6,1.3710512272884985,0.604745617832163
2024-03-03,1986.8984512532304,100.80206087491136,-1.7557004926155713,-0.19153768348648276,3,1.312230989780662,0.5927964555203975
2024-03-04,2200.5011810040837,215.73558138744352,-1.7780852650117278,-0.35476637157843016,4,1.0441638556190704,0.6111964288253917
2024-03-05,2085.7752395664265,-111.3644879746937,-3.046002433540866,-0.31545102942250414,4,0.9296507643491241,0.42162362208751175
2024-03-06,2147.7016192931374,63.36628995007487,-1.183205121317383,-0.2567051020462491,3,0.8612831329705771,0.34779494709544506
2024-03-07,2135.868456403608,-10.823040164872083,-0.8838681809584236,-0.1262545436990374,3,0.8776503651000506,0.351053108945805
2024-03-08,2209.78016364464,75.29718969589264,-1.2016731244092436,-0.18380933045139702,3,0.8282919377156607,0.4189833847144066
2024-03-09,2211.9425997831427,3.0245356849881846,-0.7885857470221944,-0.07351379946338056,2,0.8481592165846183,0.43684481990783564
2024-03-10,2213.0558106389585,2.474856651886304,-1.3616457960706494,-0.0,0,0.8490414023516358,0.4377433766665484
2024-03-11,2238.8361150025244,27.683824386567952,-1.7749297676890579,-0.1285902553131823,2,0.8922339491481397,0.4370875157358595
2024-03-12,2196.484715258378,-40.49387793911377,-1.5992805213123273,-0.25824128372070376,4,0.8771119040207137,0.44479280427072415
2024-03-13,2244.231011604224,49.708459016649435,-1.8954677509361797,-0.06669491986724273,2,0.8445328316250675,0.41502438620844584
2024-03-14,2277.966986485423,35.86026017778056,-1.8051299400329728,-0.3191553565482308,4,0.7431407876467897,0.4132888419153718
2024-03-15,2257.4387120143206,-19.702342012193096,-0.6981524192390499,-0.12778003967074725,2,0.7303311385920208,0.3274565453335657
2024-03-16,2196.2566626356625,-60.39405840723309,-0.6563641951159248,-0.131626776309236,2,0.6081288267842742,0.2234623939953912
2024-03-17,2254.496493012281,58.825212182716065,-0.43219518007755525,-0.15318662601982505,4,0.7248090564402979,0.267579351537729
2024-03-18,2210.86288584137,-42.94578720977651,-0.555140024284712,-0.13267993684973517,3,0.6257147576463008,0.24921204817634554
2024-03-19,2148.0054702628277,-62.09618652623272,-0.4631031341602229,-0.2981259181492434,4,0.3850672885048319,0.029321765506966392
2024-03-20,2190.935384668853,43.04747151308768,-0.01634996585648703,-0.10120714120543628,3,0.48952531929967386,0.11438603633268461
2024-03-21,2157.1405636707964,-33.603537345580214,-0.12281019373848827,-0.06847345873795377,2,0.4370479722604414,0.05525353906302042
2024-03-22,2159.5768312235346,2.769031526207093,-0.025218240823223298,-0.3075457326458586,6,0.44971348523621035,0.06530943140325994
2024-03-23,2159.3065565260786,-0.13287832963487833,-0.012069992739854325,-0.125326375081177,2,0.4624148722204338,0.0761959692301065
2024-03-24,2173.4426576277297,14.443765365650457,-0.04544014498743178,-0.2622241190120014,5,0.5112270299988212,0.1138678179482878
2024-03-25,2179.1139020334113,6.04726088530362,-0.30155635253784463,-0.07446012708397433,2,0.5136648673178269,0.16516073048280056
2024-03-26,2183.3770603051444,4.7898737806632505,-0.43852063740432423,-0.08819487152608232,2,0.5714761909156492,0.22473744923647734
2024-03-27,2189.0424463914464,6.530186548226395,-0.6820410436565846,-0.1827594182675806,4,0.5374951605932765,0.17957707649873328
2024-03-28,2230.126549785566,41.663955647774195,-0.5666675949945833,-0.013184658660125696,1,0.5410456074757348,0.2033969889302124
2024-03-29,2220.674747743745,-8.584712849171474,-0.6356742392149216,-0.23141495343500967,4,0.5509030573695024,0.21144207624562336
2024-03-30,2203.4776905697768,-16.405869014943416,-0.7383007695695737,-0.05288738945495279,2,0.5200874969403236,0.18288273771745814
2024-03-31,2243.65482480759,41.116556426423415,-0.7109476244367832,-0.22847456417317857,4,0.5802123474044046,0.2720967670023179
2024-04-01,2212.942016180837,-29.98982103877872,-0.4905541422555246,-0.2324334457186987,5,0.5718597982332437,0.23048272546149093
2024-04-02,2183.45603329539,-28.967379643188092,-0.24472072984851806,-0.27388251241003747,5,0.5093120094003181,0.10371019930536317
2024-04-03,2168.8274170897553,-14.480451373081904,-0.09482032969808313,-0.05334450285477051,1,0.4651268908991955,0.06259593331173302
2024-04-04,2179.1751639449717,10.494332740411384,0.03310422366333463,-0.1796901088581866,3,0.49347550314104116,0.08765396036925314
2024-04-05,2182.0371824619556,2.81097747672745,0.08912401416464458,-0.038082973908138744,1,0.45926816089739175,0.06389444855257564
2024-04-06,2183.370154905778,1.4521178537298451,0.05695161249988047,-0.17609702240780173,3,0.510309131891897,0.1088289955829969
2024-04-07,2176.614933756202,-6.624192300426,0.08384959658814749,-0.2148784457383047,4,0.5407557789477665,0.18167379560547228
2024-04-08,2185.475301612237,9.11214835549299,-0.19126273540497413,-0.06051776405276997,1,0.5937551787523498,0.22466508462810658
2024-04-09,2172.006611397334,-12.954061988887343,-0.16747426737742116,-0.34715395863832205,7,0.4979756226793785,0.15794812057764404
2024-04-10,2184.974961547619,12.946757370369287,0.028592779915992732,-0.007,1,0.5006271362518873,0.16751272941981432
2024-04-11,2175.6016324071006,-9.173948333495254,-0.11796220688843975,-0.08141860013470101,2,0.47342867512297426,0.11055557308828919
2024-04-12,2186.627872243846,11.242564675145493,-0.004346297121456497,-0.21197854127854732,6,0.38731131803082985,0.047052251594163895
2024-04-13,2188.0186948857095,1.351824720394621,0.17990131430958323,-0.14090339284064496,3,0.3848366621551402,0.015943851647549613
2024-04-14,2174.2364728373573,-13.807381309840292,0.12043508145288066,-0.09527581996483814,2,0.41469747112996924,-0.0529060438039139
2024-04-15,2174.396541180049,-0.013726136409157874,0.23481730519953944,-0.06102282609855912,2,0.3969742925444551,-0.05795049552784853
2024-04-16,2166.3944651660445,-8.251259767694238,0.24918375368944604,-0.0,0,0.3972799741155773,-0.06197330124402237
2024-04-17,2166.868321985238,0.4828489866144272,0.0858024858273643,-0.09479465324826508,2,0.39232920077745936,0.0007592364421094318
2024-04-18,2171.2499877058926,4.2560287444507265,0.1256369762042208,-0.0,0,0.4048393814613011,0.0027178787210907812
2024-04-19,2170.6370702507643,-0.6716895167478254,0.1185271766284217,-0.059755115009231634,1,0.36582051341886057,-0.03691770793397707
2024-04-20,2156.482144451598,-14.128424388405016,0.026691647872591706,-0.053193058633981605,1,0.4333289707529545,-0.008473655143758448
2024-04-21,2167.9232859816416,11.575307483994065,0.06769196041306805,-0.2018579143631217,4,0.37694837996669384,0.020107127459381077
2024-04-22,2184.958962006411,17.093113672941318,0.022939174058597134,-0.08037682223044089,2,0.37763536926324986,0.012504154749851799
2024-04-23,2206.5321612880102,21.538314611318654,0.03488467028042144,-0.0,0,0.3734053568696835,0.022143062517521565
2024-04-24,2213.6581050576046,7.288037974438016,0.04817210534576,-0.21026631018975478,4,0.36414255415827174,-0.03223965796743924
2024-04-25,2230.6190082205476,16.918384850856576,0.04251831208615412,-0.0,0,0.3650841239476106,-0.024409903758726835
2024-04-26,2227.8819994753894,-2.835561032357618,0.09855228719959083,-0.0,0,0.35550807363636133,-0.02571265280607188
2024-04-27,2216.4382703253646,-11.243023183503215,0.06366172490948828,-0.2643676914311331,5,0.3850727616941206,0.03159734455732563
2024-04-28,2219.6027998059817,3.0268304857359167,0.17147075744375087,-0.03377176256234866,1,0.4030827105712998,0.011179936841109114
2024-04-29,2215.3148671230115,-4.171196696639554,0.17704304616107597,-0.29377903249162574,4,0.41421893630027057,0.019627565814368753
2024-04-30,2198.7585099174667,-16.541762494143246,0.11317793338622024,-0.12777264478789127,2,0.47343324911389423,0.004705212437266787
2024-05-01,2191.468215964686,-7.217518721961554,0.18992481204971434,-0.26270004286883863,4,0.4741790420777401,0.0022526029272924818
2024-05-02,2189.1992393780847,-2.1454827477723613,0.0619734234724761,-0.18546726230140376,3,0.5176447517723397,-0.04136259666643963
2024-05-03,2195.6217085084036,6.589787219479722,-0.0025342209452526056,-0.16478386821554414,3,0.5806046922543674,-0.004722758851273908
2024-05-04,2194.0043123996847,-1.161252013080876,0.008373793191977716,-0.4645178888299597,4,0.6716657382256372,0.12570938364542653
2024-05-05,2197.8978944943065,3.94783527118412,-0.05425317656261263,-0.0,0,0.6763174579312775,0.1272828759694146
2024-05-06,2192.0240566276143,-5.302979946913689,-0.10757438451749357,-0.4632835352607346,5,0.6945081481609815,0.1445831025465309
2024-05-07,2174.3128007251407,-17.34661343316425,-0.04441911929762966,-0.32022335001139857,5,0.7423530941745669,0.04994614175853278
2024-05-08,2142.752585940315,-31.218635256400095,-0.1224004952390911,-0.21917903318654092,3,0.8406818374404078,-0.0070238863321845655
2024-05-09,2174.9686504005113,32.242937143322024,0.025332958144733474,-0.052205641270767586,2,0.8540298428557317,-0.0009784060964670935
2024-05-10,2183.853297923932,8.85816689494537,0.04512434078920056,-0.01864371231364367,1,0.8077932664211511,-0.009114032725975411
2024-05-11,2194.389994160449,10.495887648843254,0.11380974780862924,-0.0730011601347678,1,0.7589646859109456,-0.05181175392743271
2024-05-12,2204.622081101509,10.360029636957087,0.051837243891508344,-0.17977993978863743,3,0.765125939825979,-0.053233726371495885
2024-05-13,2242.9393504225736,38.39660481782399,0.11645247554082999,-0.195787972300203,3,0.8371783094357224,-0.018051154452010956
2024-05-14,2259.4191011901735,16.3995401699317,0.32464787937472556,-0.24443728170664936,3,0.7785217566068925,-0.03954352601905211
2024-05-15,2238.9718431821175,-19.91121570235847,0.2844096741954565,-0.8204519798928718,7,1.003234147911909,0.24969668350008278
2024-05-16,2216.3450998645853,-22.35480018161709,-0.1634902680904645,-0.10845286782495216,2,1.0455397001132223,0.17225493232664474
2024-05-17,2206.5998784721364,-9.086993885282922,-0.0051088133295161195,-0.6531186938363598,8,1.1541077771073223,0.2743858428607427
2024-05-18,2171.395349338094,-34.9220780807633,0.027155468310649453,-0.3096065215895919,4,1.070297448599863,0.18062571653010495
2024-05-19,2175.6662537097936,4.603992030973087,-0.143411258868064,-0.18967640040540698,2,1.056219638655587,0.20077990333587759
2024-05-20,2224.1468783733217,49.33638178584134,-0.16757487299953377,-0.6881822493136383,5,1.189164541050846,0.5565276719675846
2024-05-21,2291.231400775863,68.0328486340129,-0.6109180532450343,-0.337408178226215,3,1.279115704549378,0.6032468351797479
2024-05-22,2311.7348812901714,21.245635258564946,-0.4999400436199085,-0.24221470063692,2,1.2805320902470232,0.5854240411161822
2024-05-23,2407.365646223833,96.34710111312293,-0.40338405611435413,-0.3129521233467701,4,1.1796521384713217,0.5309752063411235
2024-05-24,2382.407771443575,-24.11139280540981,-0.4012714943206601,-0.44521048052777445,4,1.1122650562500658,0.4646627063823136
2024-05-25,2397.6737358139076,16.051493167385523,-0.4705418758107567,-0.31498692124206124,3,1.2022560830681812,0.4963595804387085
2024-05-26,2413.248271996653,16.22986328461887,-0.49350152479671505,-0.16182557707698098,2,1.218743707952651,0.5185495648534038
2024-05-27,2481.5220405273967,68.9515141034428,-0.33946205370749577,-0.3382835189911823,3,1.2754652172062548,0.5630162036849062
2024-05-28,2460.694687537178,-19.940377233071295,-0.5417547998318905,-0.34522095731533214,3,1.3068421898955636,0.5293082708711658
2024-05-29,2377.469070241502,-82.47388217509662,-0.626355208519316,-0.1253799120605939,1,1.2431583940640332,0.4378092741432706
2024-05-30,2300.6239972446992,-75.85286986885679,-0.48424416076100574,-0.507958967185108,4,1.096196442740207,0.44419337616127574
2024-05-31,2339.9579149956558,39.83653054199555,-0.3413567535883188,-0.1612560374507641,2,1.1416070640391411,0.35530241721057004
2024-06-01,2375.674154668175,36.2400074405425,-0.30103032941360736,-0.2227374386095496,2,1.1547442711630067,0.35123670302708626
2024-06-02,2376.973109302754,1.633830337476999,-0.30850759789097715,-0.02636810500735989,1,1.1237679295052527,0.335884770141508
2024-06-03,2371.2682636641916,-4.801646171011878,-0.48417890416588927,-0.4190205633844425,5,1.137040542149031,0.33793743235975393
2024-06-04,2410.488152677168,39.962329456048,-0.24814331587486,-0.4942971271971911,5,1.4033275275860244,0.4739778698245801
2024-06-05,2442.357971405874,32.66798195189415,-0.4363342804691615,-0.3618289427186826,4,1.4204614703492087,0.5687190499976555
2024-06-06,2442.1387748100383,0.5062159523811967,-0.47030067022608896,-0.2551118779910402,3,1.3772106770959884,0.5425213864597042
2024-06-07,2391.798656399183,-49.36566403316111,-0.3307901031995165,-0.6436642744948115,6,1.0779084641617067,0.399704483074456
2024-06-08,2460.5600979035044,69.24510840406154,-0.2538180343123997,-0.22984886542790453,2,0.9263185168724833,0.2832291040288755
2024-06-09,2441.152404896591,-18.9593050415314,-0.20502247751531022,-0.24336548786655557,2,0.938102428601413,0.2723228169042394
2024-06-10,2428.71902981189,-12.066469294463598,-0.11866855303033112,-0.24823723720722218,2,0.9251110511092447,0.2671629049046023
2024-06-11,2361.4376963079326,-66.77212064708903,-0.21484711646859136,-0.29436574039965113,2,0.8450737972574562,0.06841977009257429
2024-06-12,2320.3391146208646,-40.44183798447939,-0.010775018207016984,-0.645968684381485,10,0.8826204249018581,0.11162585284941708
2024-06-13,2310.2244777975097,-10.002215876507586,-0.04006471524406029,-0.07235623160363142,1,0.7963729057485747,0.06304217315007962
2024-06-14,2335.4216321193076,25.30607430767106,-0.03962283800668681,-0.0692971478667095,1,0.73265700475801,0.11558665367479745
2024-06-15,2334.5972405234947,-0.6459399988709542,-0.00953484305101042,-0.1689167538907782,2,0.6348589542326726,0.10377045618812437
2024-06-16,2350.0224065895773,15.811422414118672,-0.016703553397284653,-0.36955279463901797,6,0.7861526848753962,0.07382623194829654
2024-06-17,2349.957678094664,-0.05682493996138405,-0.007903554952018544,-0.0,0,0.7187444766784348,0.07380408419662958
2024-06-18,2374.8233816894076,25.105405308165484,-0.06401819456693456,-0.17568351885485203,2,0.6643549576872103,0.09306315656343793
2024-06-19,2364.2746773296867,-10.45403732318982,-0.09466703653126346,-0.0,0,0.6678861657047723,0.08905670939016862
2024-06-20,2339.364065449581,-24.752634204453678,-0.07468750248544925,-0.08329017316658842,1,0.6239341937560636,0.028561577042791473
2024-06-21,2339.6454431694997,0.7275335141692123,-0.004262564790703784,-0.4418932294602158,4,0.5966330773140832,0.01034485327392822
2024-06-22,2360.5356509596913,20.831850940298487,0.05835684989296073,-0.0,0,0.5888426588661914,0.019078356111500553
2024-06-23,2368.2132151200176,7.722735605965282,-0.04517144563921252,-0.0,0,0.5752676699857703,0.022277502309349027
2024-06-24,2366.7931527266064,-1.1514089826728284,-0.03464921096381546,-0.2340041997745896,2,0.7197049056926381,0.008964159181747988
2024-06-25,2384.008673606737,17.73614899146611,0.029068485174731186,-0.5496965965102079,5,0.6476730885101258,0.08721451962313094
2024-06-26,2367.1461701604503,-16.71071641265816,-0.10017723347206525,-0.051609800156068794,1,0.6690916050266607,0.1119228479044934
2024-06-27,2360.61495221072,-6.10746653708102,0.033174011941810175,-0.4569254245913853,4,0.8201601094981992,0.08935405342779662
2024-06-28,2334.505505941531,-25.754267093746424,-0.06333830853868161,-0.29184086690363525,3,0.7677264779266336,0.04255013642298994
2024-06-29,2332.908813787927,-1.287156901062807,-0.03747186366642543,-0.27206338887452486,3,0.7225832636235148,-0.06936663390107536
2024-06-30,2338.298010182912,5.401911118980307,0.11730652682967574,-0.13002125082515584,1,0.6610911840432352,0.012539258647363143
2024-07-01,2361.547822270319,23.284124098672365,0.07199375506512211,-0.10630576633039461,1,0.7087802285120122,0.08658305632718107
2024-07-02,2361.7683523933083,0.4463308935414556,0.10235619981568904,-0.3281569703682593,3,0.6580476420938486,0.03135834379181563
2024-07-03,2322.2998030500075,-39.115240760097684,-0.1456509812551736,-0.20765760194824595,2,0.6437272870752245,0.03747472754094992
2024-07-04,2284.424674709397,-37.51563799194321,-0.16223859518528708,-0.19725175348171953,2,0.694817325737726,0.02167369094892824
2024-07-05,2302.462534950087,18.306845836664436,-0.19904864478410825,-0.06993695119024398,1,0.6159526532191152,-0.01393775992105379
2024-07-06,2264.6539764371523,-37.35354214416121,0.0027787308977081,-0.45779509967139603,5,0.753996020181364,-0.045061410290279866
2024-07-07,2253.7996029767587,-10.693592641380196,0.013117761386869327,-0.17389858040037115,2,0.697554711140349,-0.04374299852450344
2024-07-08,2275.017685334859,21.522369314137187,0.029373724132626386,-0.33366068016932776,2,0.6660338309746746,0.03985539969242925
2024-07-09,2278.579648124708,4.127852395012657,-0.05527830096223445,-0.5106113042012965,5,0.6532431233442416,0.0718906993487712
2024-07-10,2267.391183294146,-10.960765881368602,-0.03690787539609752,-0.19079107379737137,2,0.7832433122142785,0.06741135789464034
2024-07-11,2218.060197024912,-48.784004881281795,-0.10433152862357559,-0.4426498593279175,5,0.6531533608535857,0.029622807977694607
2024-07-12,2211.1163167839063,-5.967239797121398,-0.24064765768206442,-0.7359927862026657,6,0.6709902592030892,0.0427908410381821
2024-07-13,2207.213001150651,-3.471673105831358,-0.15350347524990984,-0.27813905217401763,4,0.7418817726141702,-0.016398351465230623
2024-07-14,2167.6570061755715,-38.61203613291494,-0.1278866278731722,-0.816072214291511,8,0.8346510480944261,0.08419928791996484
2024-07-15,2127.6199822075587,-39.10031792240602,-0.19622375555281085,-0.7404822900541306,7,1.2009060224066068,0.4503727765268194
2024-07-16,2125.8996097997874,-0.654225807443364,-0.496276283462234,-0.5698703168656192,5,1.2182824553893574,0.5589655696271943
2024-07-17,2151.974694866459,26.620320258457657,-0.29245368029997343,-0.2527815114862238,4,1.1490209758360281,0.5112800372219961
2024-07-18,2095.0104978868485,-56.15106153819252,-0.25795422831928355,-0.5551812130985952,6,1.0433260764955463,0.3822387446518422
2024-07-19,2132.7673103518364,38.37272654542952,-0.1552823768691285,-0.4606317035721994,4,1.2191880197871374,0.5459446108741394
2024-07-20,2131.7368913459486,-0.6134031575638554,-0.08283930471375162,-0.33417654361050475,3,1.180782573423783,0.5984484432315342
2024-07-21,2145.642196815513,14.678910588888275,-0.32261008438965316,-0.4509950349338098,5,1.3015965025384484,0.5724236077976808
2024-07-22,2147.452781854713,2.6599242498532956,-0.46162505161104544,-0.3877141590422414,5,1.1148791076402462,0.6042071950881583
2024-07-23,2108.469307404459,-38.05808685433108,-0.458397342689736,-0.4669902532331545,4,1.1700830520560672,0.6225060384046823
2024-07-24,2123.9670341652145,16.88296112733926,-1.1340420684466692,-0.25119229813696037,1,0.9909762563813413,0.45696175174553055
2024-07-25,2117.8342551790015,-5.46759663013968,-0.37990218548596155,-0.28528017058715727,4,1.0269093061158765,0.26326942146180093
2024-07-26,2093.5290067926803,-23.529968202565986,-0.5393226328164751,-0.23595755093857473,3,0.9789904545435363,0.4160980066244645
2024-07-27,2091.831726987216,-0.902192045715607,-0.7950877597487764,-0.0,0,0.9741031814298955,0.41600432925096936
2024-07-28,2101.3857425069227,10.292192644005887,-0.3554163461704637,-0.38276077812855874,3,1.098333618888294,0.4965185226602827
2024-07-29,2083.0459916875816,-17.719757354650703,-0.5083208751313855,-0.11167258955901775,1,1.170651168733668,0.5689694143011611
2024-07-30,2098.452743188051,16.08087845187598,-0.5162951718167413,-0.15783177958995326,2,1.206360206060919,0.46500754836131414
2024-07-31,2070.852023647258,-26.763340334402088,-0.3815323139150634,-0.4558468924758106,5,1.2361310536465053,0.33677659878772226
2024-08-01,2017.4225566349294,-52.67130033914843,-0.36678219069763385,-0.3913844824828814,5,1.09980409436499,0.327723848517974
2024-08-02,1981.8499122049259,-34.370859362978415,-0.2908432885723593,-0.9109417784527924,7,0.7008408880236275,0.08494183208382541
2024-08-03,1955.7586068899113,-25.754357556446692,-0.07829567028789416,-0.258652088280132,3,0.7098590838978988,-0.01745761687884721
2024-08-04,1937.4582036413804,-18.14144799501875,-0.09463525736395907,-0.06431999614830927,1,0.6156119465016608,0.020439860972101938
2024-08-05,1956.0199609070953,18.824338482327725,0.2550882066013853,-0.5176694232141075,6,0.731187637088179,0.07516946457690779
2024-08-06,1980.63424649289,25.225542843225337,-0.07915594109808609,-0.5321013163326057,5,0.7341918830213092,0.03891162027302715
2024-08-07,2030.4138835554827,50.05056975357421,-0.16331493277208076,-0.10761775820943068,1,0.7889284413787302,0.1383264339908583
2024-08-08,2053.6073878611874,23.7145137510823,-0.1937005098072252,-0.3273089355700608,5,0.9054874968297864,0.05102574020621035
2024-08-09,2047.813710040218,-5.5524111537685386,-0.18637239991678356,-0.054894267283914666,1,0.8437974857339628,0.010164031995966225
2024-08-10,2049.701842321798,2.21040920314717,-0.2435292343728703,-0.078747687194649,1,0.8998964288242857,0.06611749400225861
2024-08-11,2014.2862115634596,-34.98427961997015,-0.35299159152631143,-0.07835954684166072,1,0.8030071143565429,-0.005662224197418702
2024-08-12,2036.251908701048,22.705499934659066,-0.06890678691183455,-0.6708960101587693,7,0.7809274530625889,0.07914538097005774
2024-08-13,2041.465963109665,5.485462653506577,-0.18040504145711383,-0.09100320343254976,1,0.8428510061631741,0.017948288165741063
2024-08-14,2022.3489197768015,-18.85752226221377,-0.09516655163197825,-0.1643545190176846,2,0.8320821786116269,0.01930564337403221
2024-08-15,2017.9770567566632,-4.1868963577300775,-0.18496666240818357,-0.0,0,0.7976803037486481,0.01727266945312118
2024-08-16,2009.6470333217105,-7.845063937088736,-0.2589558193645611,-0.22600367849943934,4,0.8516418598343479,0.0642300766658451
2024-08-17,2001.1309241899894,-8.21329184597149,-0.22097484735149303,-0.08184243839816961,1,0.8076587804137053,0.0019732452222865488
2024-08-18,2002.8490053069754,1.8030131899552957,-0.0849320729691795,-0.0,0,0.8023092303811884,0.0028717767590281107
2024-08-19,2015.4632401623314,13.083260466545017,-0.05865897498627613,-0.41036663620272296,5,0.7910047260862082,0.07279647367541593
2024-08-20,2034.4484946221883,18.99027770948645,-0.005023249629696372,-0.0,0,0.795453825012487,0.08145150631916366
2024-08-21,2034.7480485280416,0.43274557322308915,0.034679087712864654,-0.16787075508252036,2,0.8196085957758076,0.1995121728639717
2024-08-22,2017.1056656648975,-17.1637035570738,-0.04136884706190603,-0.437310459008338,6,0.9038191048557288,0.22941515114493263
2024-08-23,2023.779621550007,7.015589748842553,-0.05716152278763671,-0.28447234094527,4,1.1331164659521462,0.25415082281411905
2024-08-24,2006.6878359435148,-16.835849592328277,0.08934682450869348,-0.345282838672725,5,1.1633555062792142,0.35968569776043063
2024-08-25,2003.9989783445646,-2.48366838025932,-0.03590794384674832,-0.1692812748439531,2,1.1361647095157401,0.35314493442896844
2024-08-26,1986.8457053483098,-16.53540229502868,-0.025197104144891302,-0.5926735970813685,8,0.8934602735155825,0.20456236218825222
2024-08-27,1980.0828886826014,-6.125818184668272,-0.16562375024897516,-0.47137473079124204,5,0.6579892073749625,0.022661340566099836
2024-08-28,1960.4735501077178,-19.302558657259446,-0.19718087144054267,-0.10959904618367317,2,0.7398116154986218,-0.04005434980526298
2024-08-29,1957.2379813597406,-2.489573988818924,-0.1867216669073513,-0.5592730922508113,7,0.8346851840273722,-0.06139282357403855
2024-08-30,1967.072932072523,10.167214549531815,-0.16088170441992228,-0.17138213232967447,3,0.8365434006099699,-0.058160370324700554
2024-08-31,1962.0671611397072,-4.8108062159413425,0.07689106435584785,-0.2718557812301703,3,0.9070444747867243,0.020700250288992354
2024-09-01,1959.9234261456056,-1.8001372707040701,-0.00708291847987429,-0.33651480491767144,4,0.891677930172321,0.05285714491766134
2024-09-02,1960.9234789782984,1.3418075158708938,-0.009570298355914802,-0.3321843848223306,3,0.7137428581738255,0.09958022348544535
2024-09-03,1945.4506638009666,-14.931118775936003,0.06201810557488112,-0.6037145069705192,7,0.8268101347754249,0.07369785286923294
2024-09-04,1959.146125533379,14.061052936438273,-0.1685691480625963,-0.1970220559632691,2,0.8477162129023412,-0.06330486971316057
2024-09-05,1954.9416989299286,-4.317962771336725,0.11353616788638056,-0.0,0,0.8237128632108229,-0.06564975982021384
2024-09-06,1990.0227370120824,35.37803077495823,-0.08248895970128584,-0.2145037331030225,2,0.7858113913106659,-0.03911478399156052
2024-09-07,2006.4788975369502,16.505474206828698,-0.04931368196091074,-0.0,0,0.7980444628606727,-0.030567894516599817
2024-09-08,1998.1842098137668,-8.121796599739605,0.04190955556994981,-0.2148006790136942,2,0.8364642502604526,-0.013255349194248499
2024-09-09,1985.961370876601,-11.487702693807783,-0.02467131013364523,-0.7104649332244226,6,0.8645863029371812,0.0031293300717618964
2024-09-10,1992.707757097094,6.999485310382079,0.0927725462975543,-0.3458716361867416,5,1.0057094538280296,0.013714764850277098
2024-09-11,1978.1579883438412,-15.238283246978805,0.8280551815613089,-0.1395406878353659,2,0.8866691938588472,0.05569775697874065
2024-09-12,1974.7370364201329,-5.207821610166821,2.0717615848096087,-0.28489189835111256,3,0.8639693805881892,-0.019046826120492178
2024-09-13,1965.723145618424,-11.880941379465002,3.089582383886415,-0.2225318061304038,2,0.8872029232380471,-0.02076598185420442
2024-09-14,1978.3286808082303,11.264790132459051,1.4515789196001367,-0.11083386225311223,1,0.7967846642244566,-0.09497383917828034
2024-09-15,2034.8080184573607,56.41617292760846,0.3908665182153786,-0.32770179669337474,4,0.7268119862335722,0.0434337407191412
2024-09-16,2045.635018207796,10.972603515682747,0.21182082194374913,-0.35742458719109005,3,0.8265680081120225,0.11867864712311409
2024-09-17,2078.980959250542,32.997063003347606,0.7238046369580884,-0.37492659755966873,4,0.9746071021935241,0.1401196375754031
2024-09-18,2154.0272102435606,74.97918631659789,0.28448911900401264,-0.21742444258344723,2,0.9765099285408858,0.1420294040944719
2024-09-19,2213.253834286114,59.46484686091787,0.7554816588961204,-0.9937044772603398,12,0.9077464571435062,0.14444376589443877
2024-09-20,2235.904723917677,22.41815412025554,0.5345416687954915,-0.30180615748819073,3,0.9274185062780915,0.21927969199104935
2024-09-21,2226.5355351692892,-9.281933298757881,0.09583147667855527,-0.18308692630835116,3,0.937033363001108,0.2242446507139764
2024-09-22,2221.9731177506987,-3.93106934466977,-0.140005391127492,-0.4913426827935985,5,0.918908678372252,0.17874828769130266
2024-09-23,2210.7939452206306,-11.632410027829064,0.9757347066490717,-0.522497208888262,5,1.160265981199593,0.42237714580961816
2024-09-24,2242.2224794459685,31.640924169559696,0.15148933245433951,-0.3638792766761957,4,1.160419302212511,0.5482138800177273
2024-09-25,2195.102485750945,-46.615994709829096,-0.13796763523105998,-0.366031349963043,5,1.0995693268436317,0.470004431422319
2024-09-26,2173.1125277415135,-21.19029838182648,-0.31263843371308137,-0.48702119389199566,5,1.2749867352935258,0.7710914441821672
2024-09-27,2243.3366715120637,69.25944320681646,1.304106904893018,-0.33940634115935153,3,1.1973786309870482,0.8251786834592089
2024-09-28,2252.617865005195,9.939772022022298,-0.31082634377001345,-0.3477521851208854,3,1.270135611250386,0.7707955027017082
2024-09-29,2258.2487606314717,6.814267924434936,-0.7590990140275092,-0.424273284130998,4,1.3590609525393522,0.824598070535953
2024-09-30,2232.2903091271187,-25.07233442041925,-0.6704790143789366,-0.21563806955486647,2,1.2389038495729456,0.6849560942214564
2024-10-01,2186.2310244476594,-45.16680942532764,-0.23328292472537437,-0.6591923294063918,4,0.8820717697675593,0.2479841828684808
2024-10-02,2219.8683617233964,32.65456819469109,1.0833770657954052,-0.10060798474923333,1,0.9297236146395874,0.1941915103112204
2024-10-03,2187.1623437286594,-35.518772000157895,3.2391539902975857,-0.4263999848767242,5,0.8656672762758201,0.17140698635727758
2024-10-04,2230.414599629161,40.63070470301779,2.82531317006624,-0.20376197258248688,2,1.0341170237846136,0.3168084279460185
2024-10-05,2210.935326390426,-19.721941060361832,0.38081290702883225,-0.1381450854017439,1,0.9394198393144843,0.22141854357754384
2024-10-06,2267.068364894911,55.99912681160939,0.2059321283984655,-0.07202043552238681,1,1.0113069263952117,0.2860202864750086
2024-10-07,2302.871841148101,35.82970127946299,0.07870901818264747,-0.10493404445607306,2,0.9341494533574145,0.23203699707593922
2024-10-08,2296.805497766468,-5.429163084191083,-0.3887910737478753,-0.24838922369416438,3,1.044734114984519,0.21047946318530864
2024-10-09,2280.770347389848,-15.815842623079803,0.010186270658402753,-0.22949402419831755,4,0.9874122388716438,0.061280145872742435
2024-10-10,2269.830276255104,-10.399790520056929,-0.19745515592670962,-0.34282545876056203,3,0.9189901576773857,0.11263344550442878
2024-10-11,2321.422287844527,52.14323099441176,-0.3449765975867236,-0.2062428074017048,2,0.9439872342940371,0.12302145288767816
2024-10-12,2342.477684547534,22.228117649447793,-0.5325396268611986,-0.6401813195796431,6,1.0223378540591694,0.267713789423687
2024-10-13,2352.74032262381,10.755963746231465,-0.137194586619547,-0.35613108333617566,4,1.043567132708984,0.361305029967609
2024-10-14,2434.0351268421196,69.98722792758596,12.487950421972327,-1.1803741312484866,7,1.531553774495733,0.8001403027223659
2024-10-15,2311.5204820858876,-125.53731045114216,3.9284252234594756,-0.9057595285495385,11,1.2638741464280365,0.5815253535149048
2024-10-16,2388.267621735932,76.53413706122164,0.6833389250407768,-0.47033633621797727,5,1.2274050539694121,0.5888925314569977
2024-10-17,2372.8431358899265,-15.105558374758854,0.21905661311511415,-0.537984084361886,5,1.0651595974009913,0.42270908131236634
2024-10-18,2393.6328138656163,20.854160297179025,0.38047922814469837,-0.44496154963402473,4,1.3675898903136277,0.5530741777523753
2024-10-19,2418.4022200089744,25.03727519247062,0.12231645177440265,-0.39018550088732207,4,1.3366710083097426,0.5541478128274153
2024-10-20,2425.137698411031,7.565193401277372,-0.5842474419838835,-0.2454675572366399,1,1.5013220697266731,0.7003253605675657
2024-10-21,2408.221290159014,-16.095092329139874,-0.4468558783974099,-0.3744600444796077,3,1.4080831071531488,0.6495544931499564
2024-10-22,2355.6079256979197,-52.29135763865159,-0.11211499590344198,-0.20989182653985,3,1.3012855996991393,0.569312889403868
2024-10-23,2361.083934350266,6.587385903688592,-0.4505562875033506,-0.6608209638390646,5,1.1735167861355427,0.5926208235863543
2024-10-24,2403.853764276404,43.030419430158425,-0.22792020765594495,-0.03266929636434025,1,1.1972766207945746,0.6193922320341901
2024-10-25,2324.852615398323,-78.55316237554071,-0.034288522434211266,-0.4136979801059469,3,1.0365221277187453,0.3524430178065108
2024-10-26,2318.7228587755785,-5.7961770810171735,-0.15726075768350925,-0.176318784043827,3,1.0704027859400325,0.3478977184722541
2024-10-27,2346.49648361879,28.095696397495,-0.1721658808250749,-0.14990567345820607,3,1.087961655348094,0.35035431473640916
2024-10-28,2383.516964599515,37.84005138847669,-0.39588855591658656,-0.4236818518352669,3,1.2210757587355678,0.4982633951211333
2024-10-29,2422.103916100736,39.58656262357232,-0.5828831083900595,-0.41672801396148795,3,1.2493956161935271,0.7524580344589319
2024-10-30,2395.6843091607034,-25.79520410492906,-0.3815024590465294,-0.24290037605694398,2,1.2634223898709283,0.771682786743346
2024-10-31,2322.431161958533,-72.23953431419454,-0.39979452708283025,-0.6138183608933268,4,0.9992120646297383,0.5066528118359966
2024-11-01,2325.443301188969,3.2551887099376104,-0.243049479501116,-0.0,0,0.9818013016372659,0.5073963603449246
2024-11-02,2320.3016911380214,-4.230749559506062,-0.1059333678531123,-0.804927123588435,7,0.9987845621083621,0.40363140368762995
2024-11-03,2317.484276013012,-2.7087901227807762,0.19671292643229005,-0.3053379286613353,3,0.8900903871167637,0.30174421297791637
2024-11-04,2334.0110184093273,17.092221861057006,-0.03269327205280101,-0.5327861926885744,4,0.7740007824339515,0.11567278820580401
2024-11-05,2341.222739856179,8.038804489129888,-0.07249272765132433,-0.7545903146270839,7,0.9847154215052253,0.4436931321816411
2024-11-06,2536.4566069597417,196.13325259099253,-0.27409592922812354,-0.6252895582013491,6,1.1855405204250884,0.6540560796042864
2024-11-07,2589.048790878932,53.16861688469832,-0.20546819540579037,-0.37096477010272216,3,1.1339674445231676,0.623747406815668
2024-11-08,2643.75218890222,55.09786303378503,-0.11282002749233305,-0.2816449830043421,2,1.263755028326479,0.6583110302805997
2024-11-09,2690.4505841352075,46.671430215297704,0.02696501768973203,-0.0,0,1.3159777057200184,0.6642317342812417
2024-11-10,2907.9117495230253,219.45199886035323,-1.1954649046796963,-0.795368567855674,7,1.217496644381068,0.5688395394011448
2024-11-11,3059.2047881169233,152.08666688393544,-0.2724831170517138,-0.5211451729857918,8,1.198891046408134,0.5791116315414727
2024-11-12,3058.7342069958763,1.3856694259544895,-1.4632134452256258,-0.3930371017758537,3,0.9949817476341682,0.48807125946345764
2024-11-13,3218.9272329412884,161.50593576756856,-0.701432809874039,-0.6114770122827542,6,0.9002427954454604,0.4252520650399552
2024-11-14,3178.796075698767,-39.574996283009824,-0.21289973518509298,-0.343261224326792,4,0.8247106480088215,0.26390723379275255
2024-11-15,3272.7597012753813,94.48054110488937,-0.3247092878115614,-0.19220624046306828,2,0.8140646613248247,0.31806978902786787
2024-11-16,3217.5357609193134,-54.64898974236037,-0.38348079330290313,-0.19146982040468657,2,0.9118883945667086,0.39155596284191196
2024-11-17,3258.7524001692154,42.205885986581706,-0.7921135133733049,-0.19713322330634553,1,0.8074291147004002,0.31313588241346696
2024-11-18,3219.445790823179,-38.70083076135254,-0.5370906922623475,-0.06868789242165056,1,0.863069196322747,0.3354170588344922
2024-11-19,3262.7671157306413,44.180120926444374,-0.7465199628015791,-0.11227605618046148,1,0.7976926471348301,0.29534525726441907
2024-11-20,3277.092816298508,15.167133957822063,-0.3682982474802081,-0.47313514247504823,4,0.8269844086080229,0.2433005913433189
2024-11-21,3339.017817341985,62.38536928438903,-0.3681225245368812,-0.09224571637514317,1,0.9033503906570353,0.29693869228516395
2024-11-22,3384.7073052124947,46.02813986911074,-0.3386519986007527,-0.0,0,0.9160180589973577,0.3065292300074869
2024-11-23,3293.233544222566,-90.40500322446078,-0.3566022721069235,-0.71215549336103,8,0.9329846945481098,0.33719160702705
2024-11-24,3250.22172233404,-42.11548977349665,-0.5315303789244551,-0.3648017361045806,3,0.9027332852756013,0.3745445406090427
2024-11-25,3161.5619982085823,-87.62557914821409,-0.5901104231455538,-0.44403455409804604,3,0.8009544188377441,0.27180398362784197
2024-11-26,3167.703263520296,6.753034364931899,-0.39839484175781326,-0.21337421146077148,2,0.8005248832898304,0.29217351944560227
2024-11-27,3219.2177168965895,51.78475473758262,-0.1622699199180898,-0.10803144137070497,1,0.8812523329731105,0.2556438264335277
2024-11-28,3205.0272275092434,-14.01544356600694,-0.06308011711162366,-0.11196570422769654,1,0.8479075143935366,0.3023090379474208
2024-11-29,3297.431159486298,92.76065872114549,-0.08246441255357079,-0.2742623315377477,2,0.8590652657579565,0.31719698970741117
2024-11-30,3321.874141004016,24.94100673313864,-0.22818663362662994,-0.26983858179376524,2,0.864353027622316,0.3206004858037548
2024-12-01,3377.5398988335155,56.99232433820062,-0.6262982226029159,-0.7002682860985215,5,0.849052507300617,0.3798401688404067
2024-12-02,3580.7405984952698,204.80776178233742,-0.6898408081816475,-0.9172213124016473,8,0.7230628632988447,0.27358166332981193
2024-12-03,3468.2806052685783,-111.57465773301627,-0.42431770504868493,-0.4610177886267257,5,0.7142101948907554,0.28679310968503396
2024-12-04,3451.477522826772,-15.859532478851705,-0.5080875550420112,-0.43546240791220703,5,0.7816884895901354,0.3802729839569063
2024-12-05,3405.4894108982967,-44.307988326712874,-1.5392294860410405,-0.14089411572151705,2,0.7229537365676637,0.3495245102725126
2024-12-06,3488.0691760460318,83.62377965495277,-0.8615311715019661,-0.18248333571583497,2,0.7029681329165098,0.40541429660043177
2024-12-07,3460.017083880215,-26.537599045975313,-1.1687976291835007,-0.34569549065780997,4,0.7407564645037223,0.36679942439654994
2024-12-08,3476.127266536366,16.988351751700748,-0.5589887474396315,-0.3191803481102408,5,0.7530069925671491,0.3546048805927336
2024-12-09,3371.281211292291,-103.63893482303624,-0.4623837734264235,-0.7447366476121358,9,0.6000446710127855,0.24058971710021607
2024-12-10,3386.7525279083925,15.871624950731695,-0.24247202433370313,-0.1578363102967747,3,0.5216806514568607,0.17759985992575028
2024-12-11,3391.7435890691504,5.390969518839299,-0.17516412198654252,-0.22474423609512983,4,0.6085856149646358,0.2735881749701586
2024-12-12,3406.0014700427623,14.689326159992989,-0.24942683562422419,-0.18201835075724215,2,0.6138993902568469,0.2880635403154108
2024-12-13,3429.28013599478,23.556244645770338,-0.2775786937528711,-0.0,0,0.6193097849072121,0.2929772566201665
2024-12-14,3421.9930837602215,-6.979483793384086,-0.28683000203602,-0.020738439138407214,1,0.5956248097442391,0.28290392099282696
2024-12-15,3443.903213374031,22.15044501320748,-0.24031539939786606,-0.0,0,0.6041581901748746,0.28753586981590995
2024-12-16,3453.400105944996,10.291067538101897,-0.25733670225550337,-0.536838264881319,6,0.6762625399040761,0.2904920792078496
2024-12-17,3453.381365452078,0.6052426568409377,-0.30177811154919715,-0.32220503820965124,5,0.6981798619897497,0.31903913505319775
2024-12-18,3395.1517459002957,-57.40550983613343,-0.27827093514417695,-0.5458387805044862,6,0.48589150538757797,0.1447787096733573
2024-12-19,3401.042192886373,6.288838477020445,-0.058699871631206824,-0.3396916193117943,5,0.46304885560788106,0.07081975614016894
2024-12-20,3402.9021781501247,2.3430798942271824,-0.23787043080329098,-0.24522419967191061,3,0.5217582405955639,0.035704190180121824
2024-12-21,3396.1204914622635,-6.8343640024402035,0.2637244060887742,-0.21104709150958792,3,0.4477038020585404,0.018915164318160062
2024-12-22,3396.9323405017462,0.356841011747675,0.4550080277350644,-0.0,0,0.4469198019199056,0.019015691711565214
2024-12-23,3404.3681339573977,7.275086048982784,0.2846391480866222,-0.12393174141793604,1,0.41705032938655073,-0.030894203136455613
2024-12-24,3401.2520337971496,-3.1004100200247358,0.1082427306025547,-0.12393287082602007,2,0.48158274537923196,0.020219409481492853
2024-12-25,3397.3733917263266,-3.9550168716468574,0.17151965994783072,-0.09514485912384757,1,0.5128110909738813,0.059086092378924045
2024-12-26,3371.3912095178866,-25.673185540026786,0.003787419832756822,-0.31278408824612597,5,0.4989656061158869,-0.01231905970056189
2024-12-27,3358.503363487985,-12.940553438699178,0.14345805588048116,-0.09075064708314423,2,0.45445367220341826,-0.05482105707312244
2024-12-28,3359.8706523747055,1.3122241540430615,0.06888588767781449,-0.01382115500053165,1,0.47974458695914635,-0.04853162223883244
2024-12-29,3368.3716826611044,8.5721119721944,0.022899066802237883,-0.09398075259793867,2,0.4875722126638153,-0.017537358942968876
2024-12-30,3368.114581328801,-0.09377280660024545,0.11384566105201673,-0.277174186755405,3,0.43682533535246953,0.034714717749186635
2024-12-31,3359.517816293153,-8.589011326623364,0.148651931800933,-0.15640564082556602,2,0.424954596363413,0.04463752370102556
