date,rnt,rs,tr,cost2x,late1d,filter_off,btc,ew20,btc_up90,gross_lev,net_lev,orders,fees,pnl_funding,v10
2025-01-01,199.90856697532698,199.90856697532698,200.0,199.8040720899864,199.91520441069417,199.90856697532698,202.1790215765862,207.34949835959654,1.0,0.6533917412947204,0.1469741580804046,12,-0.09143302467301881,0.0,199.90773115578617
2025-01-02,200.84458106457274,200.8515810645727,199.993,200.6805127941561,200.6699487666101,200.84458106457274,207.1993163853877,215.03212368844572,1.0,0.7060561909955273,0.11267203384561938,7,-0.052140595166504176,-0.023881196166530012,200.796745950512
2025-01-03,202.89344444174668,202.79177241370252,200.1016720280441,202.69375316211543,203.1249287713604,202.89344444174668,209.6581926938688,230.65755026247894,1.0,0.6267214778647752,0.1356349332601619,4,-0.03169862210706074,0.004788362401320245,202.7460564757186
2025-01-04,203.89333017319797,203.85107955143658,200.03525236602468,203.67733531703254,204.16571172111395,203.89333017319797,209.92309335612046,231.169377090962,1.0,0.7272286623191312,0.1383850195814852,2,-0.014221347849198197,0.001552173388669205,203.7497442598585
2025-01-05,204.24626222376833,204.4214299453099,199.48923830404462,204.00537609068854,204.14926386376825,204.24626222376833,210.1730399487289,229.17952199533985,1.0,0.667899045523952,0.09037949753216984,3,-0.02158383498135583,0.019935413332776167,204.12840789443908
2025-01-06,203.48815547448802,203.1519823096878,200.13896440188867,203.18482765564994,203.6719019756885,203.48815547448802,218.42982268745996,229.55060154300836,1.0,0.8211358355972547,0.2535907225592702,6,-0.05520900431586278,0.044178701350239796,203.13073609629475
2025-01-07,202.30984080071812,204.8837708946193,196.14752245456253,201.94390162495833,203.96736132365615,202.30984080071812,207.24417859431745,206.8510235446548,1.0,0.5655499714108501,0.06012760638228348,7,-0.05462036030211989,-0.010200542992630575,202.9855766543801
2025-01-08,204.53072269710495,207.18312138216217,196.14052245456253,204.1481724923,205.68788236681132,204.53072269710495,203.2471694082461,199.68224009488728,1.0,0.5491748255942076,0.07768971768984535,2,-0.012946996867480819,0.012591452257288666,205.24928567693996
2025-01-09,205.659074569182,208.42138542210913,195.68246979489138,205.25182887568388,206.423770232879,205.659074569182,197.6906643879513,189.77162548837373,1.0,0.5720632762336494,0.12277684684437516,3,-0.020110982177286404,0.01020336876119236,206.4595430339932
2025-01-10,206.32480317636265,208.99421538118176,196.46634343729286,205.91807423210707,207.0609902557979,206.32480317636265,202.45246742149115,194.92354692134757,1.0,0.5888135828100902,0.12540705674383862,0,-0.0,0.04131500811760882,207.0932471946472
2025-01-11,206.46569274810705,209.13868204312675,196.12997252521913,206.0596633282995,207.1904978983616,206.46569274810705,202.1427045503098,197.18970928541418,1.0,0.5968935113563196,0.12574563930732474,0,-0.0,0.05331534170343061,207.2159324202116
2025-01-12,205.59489736097515,208.28020228032264,195.63080661258698,205.17324290885443,206.30364724058944,205.59489736097515,202.03375347148045,194.2813227158563,1.0,0.5958046492856869,0.032291416377043074,2,-0.012930878378378377,-0.007337812475204972,206.36938672492155
2025-01-13,205.93002298053256,208.62396356352883,195.65774144087425,205.4810489407018,206.1324600309274,205.93002298053256,201.90343943601795,189.63061761388605,1.0,0.5392077859155378,0.08515560237534944,3,-0.023038512403080795,-0.014181227178172238,207.1173030396763
2025-01-14,206.63462935889567,209.25659569091914,195.29126954814296,206.16493740577403,205.79061010360104,206.63462935889567,206.20380260628073,195.74156332206204,1.0,0.6787823139983374,0.2183842909876913,2,-0.018769351051399912,-0.05292749769850128,207.80687092762483
2025-01-15,212.20958811306093,211.6835770932856,198.65421324398307,211.70806676759176,207.20432530086975,212.20958811306093,214.67848750267038,214.1605078274209,1.0,0.7598416475146552,0.38651053898487225,2,-0.021863484508712942,-0.06511371645477043,213.33998436591128
2025-01-16,213.47503556344626,212.47364469901314,199.02786194087508,212.96226163143834,208.99482860316914,213.47503556344626,213.72997222815638,211.61038171778537,1.0,0.799328284862132,0.437375283456884,1,-0.007,-0.07501446080844243,214.63683221327432
2025-01-17,213.7787224441964,210.94911077713795,200.83742203442418,213.25007122891753,208.7440748400931,213.7787224441964,222.36701559495833,226.9288217101019,1.0,0.9487858337052968,0.4281894978933089,2,-0.015582074461857182,-0.1099370519925067,214.846075970548
2025-01-18,215.45686075639702,210.25234635870274,203.12106272520631,214.89569476194202,209.83567085830174,215.45686075639702,223.48216193121124,218.80812640996177,1.0,0.8854300925737979,0.5145953402612679,3,-0.025640784733453117,-0.18058607268832447,216.5879589030292
2025-01-19,209.06601859622504,208.44923235185615,198.0270572602488,208.46953794826004,204.1368823495315,209.06601859622504,216.54560991241186,204.24908567361558,1.0,0.8125313500851209,0.32101578305007755,5,-0.040454578563373686,-0.11164793262740122,210.2042757215156
2025-01-20,211.36222756651935,210.96987965311797,198.17814995827555,210.7401326218059,206.74690173585816,211.36222756651935,218.5430463576159,203.52120437204223,1.0,0.7474202077216974,0.28748563248316034,3,-0.021733709324772213,-0.10740136965277056,212.54419272068515
2025-01-21,210.64666569108198,208.71990410793694,199.5743403303035,210.01211486474378,207.22115012818313,210.64666569108198,226.99636829737236,214.3628475009244,1.0,0.8928964730167471,0.27653650020668324,2,-0.015276880793683306,-0.012288449599813948,211.7560057253419
2025-01-22,205.80868302627172,204.0216770164848,198.8905011462517,205.16161916004546,204.67289720409468,205.80868302627172,221.5723136082034,211.5602998900215,1.0,0.9046684111069108,0.2733800486545806,2,-0.018667457597389532,0.03195143790898308,206.855617018217
2025-01-23,204.97617610192714,203.5655701953288,198.52634928129189,204.31223547540785,204.10019329818752,204.97617610192714,221.98248237556078,209.91049576072447,1.0,0.7911310124007951,0.2797045398472302,2,-0.01585413800276739,-4.023986655255461e-05,206.01944839514903
2025-01-24,210.681523534899,209.08126032432492,198.82545259895673,210.00409154663956,206.80493026994088,210.681523534899,223.96923734244817,205.7800088483277,1.0,0.7442091931498661,0.29921049802210004,0,-0.0,-9.131725718128716e-06,211.8504247759228
2025-01-25,211.3984164501329,209.6242559711857,198.9434958640488,210.709963648377,207.06835497197028,211.3984164501329,223.8111514633625,206.0332317349963,1.0,0.8009043437660108,0.24385778225670476,1,-0.008559270679538657,-0.015102783461409326,212.57627506858563
2025-01-26,210.54369261186574,210.44598042552118,197.02144533627666,209.83782490681253,204.68513698577345,210.54369261186574,219.16257209997863,198.0791641275068,1.0,0.7650188110319466,0.34275441264660994,2,-0.015008771944333081,-0.012242978223900575,211.75394151325932
2025-01-27,211.12970362431685,211.42754451694466,196.73424511688114,210.41580256809004,204.6817311165109,211.12970362431685,218.1777397991882,194.74881259004536,1.0,0.7153282934868622,0.3057218332658667,1,-0.00575373214766909,-0.010032960491008604,212.36356771602732
2025-01-28,213.8042978541331,214.78792565020842,196.1194292017725,213.07152190684954,206.86069074327182,213.8042978541331,216.43238624225592,181.62888286043932,1.0,0.7308395235874429,0.25660749403810645,1,-0.008669276565039899,-0.018242338839329082,215.13422138600825
2025-01-29,212.4999892293374,212.86455073620746,196.80954874066842,211.74299354468306,206.49830675195216,212.4999892293374,221.51676992095707,188.4279299896933,1.0,0.7989015329321395,0.30407170044765885,3,-0.024702785581666498,-0.012004346171146426,213.7832399774095
2025-01-30,214.85528504493777,214.2607691048875,197.24829665021753,214.0810871878693,208.91953983643597,214.85528504493777,223.56761375774408,197.122838314882,1.0,0.8183710681489166,0.31116272117295574,2,-0.017168183139991598,-0.02225768377053567,216.13397361490345
2025-01-31,212.06284228832675,212.56797331983483,196.05897877726005,211.25354484767783,206.37126826276585,212.06284228832675,218.97030549027986,197.0439037126081,1.0,0.8000892971650768,0.2822927018006404,4,-0.03454444244707564,-0.03993975428623356,213.31843513835292
2025-02-01,212.39288408802258,214.46500498157957,194.1719246514583,211.55874690793388,211.0560790194702,212.39288408802258,214.93911557359536,174.31627210470765,1.0,0.6835170224567803,0.24030878562562247,1,-0.0064259770511603835,-0.019582788817868926,213.7308955905697
2025-02-02,210.4991366679832,213.8185379008664,192.677337201509,209.63277000618913,207.75963254743448,210.4991366679832,208.83571886349065,162.10768847950703,1.0,0.5946437550744695,0.07494537864942123,2,-0.02338606217440005,-0.015083059249878924,210.05821817610405
2025-02-03,211.88172006144228,214.94921095730177,192.66719531108507,210.99918324821564,210.60395786378825,211.88172006144228,216.54988250373844,170.2426581652272,1.0,0.655197737852101,0.12247057398341853,2,-0.01821392358583272,-0.011909474871073161,211.4585330263596
2025-02-04,212.1269148158431,216.1969355561194,192.14300834038426,211.20705967566596,211.2421207033998,212.1269148158431,208.93826105533,159.58485128222725,1.0,0.5287451004310569,-0.0581246216451269,3,-0.02699552238047888,-0.013769158393615822,211.7184577700252
2025-02-05,213.05592695153868,217.18828434603083,192.14300834038426,212.13044932513773,211.53142179092333,213.05592695153868,206.4580217902157,153.8789376623259,1.0,0.5122162715778835,-0.05349242656848481,0,-0.0,-0.003906001287703631,212.6627870349376
2025-02-06,215.37411208796658,219.51227493129556,192.14300834038426,214.42475160492594,213.81154967981135,215.37411208796658,206.32770775475322,147.27319818088412,1.0,0.4933848709473066,-0.04413862235646352,2,-0.014581044490996023,-0.003045768540822883,215.01010913120183
2025-02-07,215.34964353678296,219.49438681281535,192.14300834038426,214.3941161736614,213.50072242440422,215.34964353678296,206.16107669301428,146.19999051467698,1.0,0.4556691483525444,-0.009038938158754256,1,-0.005304902471532404,-0.000516034893583794,214.9870664391636
2025-02-08,213.349690422976,217.49501638378212,192.14300834038426,212.38373944565356,209.09232070747368,213.349690422976,205.97308267464217,151.4769936354292,1.0,0.4915609779194477,-0.008622204878414613,4,-0.027538203535606882,0.0015625321431001703,212.98782890440157
2025-02-09,214.4517366165858,218.5947869496196,192.14300834038426,213.56894800241628,209.92382031245643,214.4517366165858,206.1076693014313,149.47356457425235,1.0,0.550788067812875,0.06402050800265657,1,-0.010116541797776605,-0.004488558159106268,214.19472561369585
2025-02-10,214.91685093108856,219.00870142211215,192.14300834038426,213.99082894250037,210.42365687831807,214.91685093108856,208.1435590685751,153.78005396115907,1.0,0.5914479378982929,0.09668764471619244,3,-0.0296330272530396,-0.004407797568991914,214.64141392700043
2025-02-11,214.81239843366998,218.98426952439684,192.14300834038426,213.87889805937897,210.22088766327607,214.81239843366998,204.62294381542407,151.79048953408005,1.0,0.634423738602608,0.047563574029364244,1,-0.0073283600827396345,-0.003651258798191466,214.54888343438247
2025-02-12,216.87555119177733,220.9819054601472,192.14300834038426,215.92486120315215,212.44370874545933,216.87555119177733,209.22879726554154,159.0113366306981,1.0,0.5921432069155873,-0.008721910357781413,1,-0.009935808130248086,-0.012108516788250766,216.56651598195668
2025-02-13,217.39696033427342,221.55874304176754,192.14300834038426,216.41207199781923,212.8483547971349,217.39696033427342,206.5242469557787,156.23834080785494,1.0,0.5575897853715343,-0.02711933866052714,3,-0.02928050620783824,-0.016696414327536338,217.1102421312461
2025-02-14,215.82925804040804,220.01383509197132,192.13600834038425,214.82351028261547,210.29370832202576,215.82925804040804,208.28882717368086,164.01367394233182,1.0,0.603044691606902,0.08829299591451242,2,-0.018548210368289037,-0.003584289695367337,215.4908715201917
2025-02-15,216.27831580448685,220.4291069993143,192.21589740779095,215.25494757648357,210.93044315563722,216.27831580448685,208.4127323221534,159.57408165958057,1.0,0.5941133380799702,0.10000273851072287,2,-0.018937642454405875,-0.03428794657421683,215.98625579965736
2025-02-16,215.48468948100532,219.62049061957887,192.0866016394178,214.46300506103714,210.594527462457,215.48468948100532,205.2916043580432,156.06257558456898,1.0,0.5824554126462409,0.096782596582293,0,-0.0,-0.020370234246710268,215.21203009594583
2025-02-17,214.02610656850987,218.134724126948,191.82983141640517,212.98309918025575,209.22324871575577,214.02610656850987,204.59944456312758,153.78415419823563,1.0,0.5511405222597857,0.12111933148727003,3,-0.023710970922283067,-0.013653173610214155,213.7751817166232
2025-02-18,213.6217863025223,217.68701673161297,191.82983141640517,212.5648191303917,209.55424539042087,213.6217863025223,204.4520401623585,146.80331592934508,1.0,0.5441153730585249,0.0010711107212997427,2,-0.017718192940838148,-0.004419911454805927,213.4087300370537
2025-02-19,216.0450971894853,220.147976732915,191.82283141640517,214.968235781082,211.78625587481412,215.98717805870197,206.5071565904722,147.4042361776431,0.0,0.6084254912901307,0.07896619762024618,1,-0.010071503553297322,-0.010202644425900308,215.7959235849531
2025-02-20,213.1196615135739,217.18875250357942,191.64338016882544,212.0536277485311,208.0378203672483,215.62953164052448,209.93591113010046,152.64196503924475,0.0,0.6307947854393842,0.06636589916448131,0,-0.0,-0.009053802339443952,212.900174342034
2025-02-21,210.20289304031786,214.21297987957098,191.2056971965535,209.1226720763575,205.51923743570012,214.77033678844646,205.72527237769714,147.41926633040387,0.0,0.7025931879891051,0.08229039888914128,3,-0.02305112886438303,-0.03476171286710223,210.03923724896387
2025-02-22,208.39520362857536,212.3807197690622,191.2056971965535,207.30588312271598,203.12304250369863,214.78146535117727,206.20380260628076,152.2211661908536,0.0,0.8247848441596681,0.06917330407349308,2,-0.014793979017138768,-0.044856043612752645,208.25292728468665
2025-02-23,210.7294639376189,214.7519313393966,191.2056971965535,209.60278792873873,205.53563612050013,214.68785979626622,205.6889553514207,150.46952192302138,1.0,0.8323314032330156,0.011711916613956427,3,-0.024031599286430862,-0.02522533682688148,210.7946546566145
2025-02-24,213.1986687704771,217.2953262607186,191.2056971965535,212.01890413409896,207.1403159105626,215.8445223105036,195.61845759453115,131.53799173610489,0.0,0.7322580547728231,0.10793894835619458,4,-0.02511400050327112,-0.00984896000124308,211.8227637573301
2025-02-25,214.29682911693283,218.37665864403786,191.2056971965535,213.0819957825485,205.94124697564678,215.8445223105036,189.46165349284345,134.56219406047788,0.0,0.6223440783012995,-0.027495410650710962,4,-0.03449760931455756,-0.018543623411637077,212.9022927782559
2025-02-26,216.57879297341398,220.65929719425705,191.2056971965535,215.32215519910437,205.63042836958047,215.8445223105036,180.04913480025638,135.0840600378976,0.0,0.5921343333281098,0.0038401867625000295,4,-0.03609188231375765,0.025249646567369527,215.1828436212137
2025-02-27,212.4848383502991,216.54761628677966,191.2056971965535,211.20932824343538,201.51085852394974,215.8445223105036,181.01260414441364,132.36703400539034,0.0,0.5691779800951885,-0.03135509971247532,3,-0.02067511334631692,0.012061357315112431,211.1280200398579
2025-02-28,214.72202880054334,218.78576529050122,191.2056971965535,213.42737249035855,204.67993370716633,215.8445223105036,180.0918607135228,133.288482664503,0.0,0.5633769428221344,-0.012967983327402751,2,-0.01641317437610821,-0.0048222134649521,213.41296571590695
2025-03-01,213.05985622959892,217.09416198198176,191.2056971965535,211.77372938203905,203.7316765274988,215.8445223105036,183.80474257637263,132.28825531026015,0.0,0.5615174919326642,-0.02088071398969917,0,-0.0,0.0021576601607274787,211.8155741232233
2025-03-02,206.62162373123584,210.53956468460242,191.19805747302038,205.31778581924837,197.17005077280928,215.8358981298397,201.23905148472554,150.072470786987,0.0,0.7160095993597667,0.04926303711045756,5,-0.04664493847927506,0.012759019186497272,205.11029201380532
2025-03-03,205.88321578040345,212.08065659260606,189.13078277150103,204.56349362558305,200.10379857990796,213.50223377267704,184.09527878658412,125.1898522669152,0.0,0.6010016988540254,0.049116112079178736,2,-0.013532441766478064,0.009690440739675052,204.79305128559236
2025-03-04,203.7536940106347,209.62186425517714,189.13078277150103,202.4151019666723,198.04652192123206,213.50223377267704,186.38325144199965,124.99423738239209,0.0,0.515079719337719,0.03588054709931881,4,-0.029964383477047725,0.011078134217521737,202.68892145268256
2025-03-05,203.26211135382158,208.93571856192605,189.13078277150103,201.8974093624827,196.16307003543054,213.50223377267704,193.49497970519127,129.1616239617234,0.0,0.5884779375941638,-0.009454675899850233,3,-0.022350714894214266,0.002130852566244422,202.1943729428115
2025-03-06,201.51682904846518,206.75636535473623,189.13078277150103,200.1389636509456,194.32601889693086,213.50223377267704,192.04870754112375,126.75395771720804,0.0,0.6865123079112583,-0.018110643225487562,2,-0.014,-0.0034602960977218548,199.77356891532656
2025-03-07,197.17912399562695,203.24560573340952,189.13078277150103,195.7804337413505,190.74608107576918,213.50223377267704,185.32364879299303,122.9980694153571,0.0,0.5748500433067028,-0.015735433276668633,3,-0.029256288635870046,0.030894404764902704,195.57477427334072
2025-03-08,197.5044698464306,203.81713364476326,189.13078277150103,196.09722123575858,190.55313830818525,213.50223377267704,184.18500320444357,121.78408743812214,0.0,0.5134704293748289,-0.06373816098481437,1,-0.006861199700727099,0.01636593742985487,195.95475933436217
2025-03-09,199.54420665659018,206.6378737759248,189.13078277150103,198.12266555325635,192.09734564363413,213.50223377267704,172.42683187353137,109.99097589841284,0.0,0.5185418079288872,0.003394058877920076,1,-0.007864559066979715,0.016849270193627842,198.02649269299303
2025-03-10,200.22136681492626,207.79788433470685,189.13078277150103,198.78927727968812,193.76964885900793,213.50223377267704,167.8209784234139,103.53088141991225,0.0,0.5347962692622855,0.05664100203876278,1,-0.007,0.02068609850828617,198.70016351272096
2025-03-11,198.79482666329122,205.72518751349494,189.13078277150103,197.3508893911453,191.86211502603496,213.50223377267704,177.1010467848751,108.84943111481604,0.0,0.5582575318367001,0.046406999211342566,2,-0.01448672202798153,0.0078968693479484,197.24867163133808
2025-03-12,198.93627916495325,205.56672822880122,189.13078277150103,197.45484997652235,190.25414146791164,213.50223377267704,178.6776329844051,111.7995380703789,0.0,0.5121056170825268,-0.07084882418541985,6,-0.03622029531440595,0.03414578168047684,197.3579082213028
2025-03-13,198.9922846893785,205.57123646893157,189.13078277150103,197.49139791096474,189.91005101055572,213.50223377267704,173.24076052125622,108.84451824311887,0.0,0.5033546083149139,0.038729079938257416,2,-0.015233252098763993,0.03183792155322623,197.4082904838245
2025-03-14,197.99935254748715,204.14876155414797,189.13078277150103,196.49174721330354,187.62882366604038,213.50223377267704,179.24588763084816,113.66120890782709,0.0,0.47790520149901405,-0.010996606146958464,1,-0.006215851673594878,0.0176046027956223,196.4203839588098
2025-03-15,198.62810899157816,204.64939153274213,189.13078277150103,197.1169406719696,188.62440151400273,213.50223377267704,180.09399700918613,115.98489221515449,0.0,0.4860146769982764,-0.007832195819667985,0,-0.0,0.007129791685918417,197.04272088314556
2025-03-16,198.6573851645136,205.07500596166852,189.13078277150103,197.14592567939636,188.9400865919453,213.50223377267704,176.34266182439657,110.03691551404857,0.0,0.46422753745581047,-0.007721819966778839,0,-0.0,0.00757849133446758,197.06627266574543
2025-03-17,197.76548376092276,204.00495103615444,189.13078277150103,196.23729476284996,187.9610624615281,213.50223377267704,179.3441572313609,114.91229877680358,0.0,0.4816751969136025,0.09909124881333588,2,-0.01541227196086367,0.010216919677630235,196.1798580090707
2025-03-18,197.20701649608347,203.64197648807664,189.13078277150103,195.65646057061804,188.14677592857586,213.50223377267704,176.67806024353777,113.08010188379714,0.0,0.6331758878849814,0.13952893393824733,3,-0.02206643506618949,0.02086448544434924,195.62657440946572
2025-03-19,197.76358623815986,203.1223124918776,189.13078277150103,196.2002125820095,188.11902349883113,213.50223377267704,185.43687246314897,119.57197803828731,0.0,0.682264768335477,0.05821710509128607,2,-0.011591234567901234,0.012115744655444311,196.1934182061732
2025-03-20,198.11217460419388,203.94084527738775,189.13078277150103,196.52737450797133,188.05069956203525,213.50223377267704,179.83123264259783,115.780549017861,0.0,0.7642183447124372,0.05981471151470977,2,-0.014,0.025789277788919093,196.52444048381744
2025-03-21,196.68210951329246,202.7122323735987,189.13078277150103,195.06946333171928,187.95746563931613,213.50223377267704,179.5599230933562,113.71336611832031,0.0,0.6470726143407961,0.06914074846184871,4,-0.029004871387720094,0.02981553378461841,195.10364393869
2025-03-22,196.56856257504086,202.6227529835165,189.13078277150103,194.95930873050938,187.76754422501332,213.50223377267704,179.0301217688529,114.48908315605169,0.0,0.6494688779897978,0.06844774254504443,0,-0.0,0.030526958966878043,194.99823097267108
2025-03-23,197.4924727025299,203.28204774444893,189.13078277150103,195.8718494164325,188.35648760142652,213.50223377267704,183.7983336893827,117.35881105863275,0.0,0.6138660362873797,0.02406846403270547,1,-0.006733364683752644,0.012884974426836886,195.9169427785363
2025-03-24,197.66314831679836,203.42995917848927,189.13078277150103,196.02959644638298,188.704764885503,213.50223377267704,186.86605426190994,123.16581011790122,0.0,0.6912993856039703,0.07663757062167105,1,-0.007153334611458708,0.0017953813613431095,196.08276958245645
2025-03-25,197.97061081964145,203.75559364081974,189.13078277150103,196.31973581124927,188.32601385085258,213.50223377267704,186.64174321726136,124.82613866627116,0.0,0.6095355525301213,-0.013193383156795092,1,-0.012657157472126304,-0.0012082605350322469,196.38446547307703
2025-03-26,197.83304030881777,203.6169216538788,189.13078277150103,196.1335489511001,187.91331335776215,213.50223377267704,185.58427686391806,123.41197493073477,0.0,0.569288069616751,0.043852288884595574,5,-0.041825414850694256,-0.0007183048360151186,196.2440521372832
2025-03-27,197.74790780420514,203.55104468641497,189.12378277150103,195.9914175820093,187.5316138738998,213.49523377267704,186.25934629352713,125.19145312865373,0.0,0.7098960915244117,0.13459190564402929,6,-0.04803294700802024,0.0037183813207689355,196.15247747299696
2025-03-28,195.4548666744524,201.80513202131309,188.7930694937983,193.67839110417148,187.1793913766385,213.1645204949743,180.25849177526177,116.47758479971549,0.0,0.6720124524097844,0.021513852929917702,4,-0.02919063570112483,-0.010841221224605624,193.8799022175099
2025-03-29,193.15111267022652,199.59479716964077,188.7930694937983,191.38421294327844,183.90094220802672,213.1645204949743,176.49861140781894,110.10292339691117,0.0,0.6523546220260789,0.02192578125725161,2,-0.014304621049736892,-0.004232568437305312,191.62732516156825
2025-03-30,192.76108462939806,199.15118496976518,188.7930694937983,190.97964602693136,183.6057796851622,213.1645204949743,175.88335825678283,109.56097879779496,0.0,0.6503211957485192,0.021998532631045953,2,-0.015905935144865792,0.0021167896017789053,191.2439869560705
2025-03-31,193.47324933931074,199.95080967280524,188.7930694937983,191.6732403720956,184.2629311175213,213.1645204949743,176.2871181371503,108.379738800243,0.0,0.6482086975536387,0.03594845258945324,2,-0.014843306008180485,5.394243545191538e-05,191.951700892055
2025-04-01,194.81860060048118,201.22555353044348,188.7930694937983,192.9824240473041,185.9623428846554,213.1645204949743,181.85003204443507,112.88696031663237,0.0,0.6687061384292198,0.04166413173751166,2,-0.01647977043984117,0.010046204739399303,193.26408773987947
2025-04-02,193.91218426722193,200.3558475815309,188.7930694937983,192.07704497654942,185.95855679014238,213.1645204949743,176.21021149327078,104.47999818838711,0.0,0.5284524703226416,0.04394669579839422,2,-0.012894613924516692,0.010606767271423245,192.3849459267128
2025-04-03,192.35779906349106,198.81397731817873,188.7930694937983,190.48393589679688,184.2300702665395,213.1645204949743,177.64152958769506,104.57201983466685,0.0,0.6273250528920316,0.0791196431971235,5,-0.0412579141239078,0.016374215200591742,190.84797888033827
2025-04-04,193.36545582753305,199.85898414995998,188.7930694937983,191.47248562333115,185.3382079653919,213.1645204949743,179.1753898739587,106.11995016488784,0.0,0.694962354837406,0.021385664560217264,1,-0.008466065818066087,0.0057747419918922,191.8344830104496
2025-04-05,193.25465111295267,199.73366695398946,188.7930694937983,191.349742503023,185.0857287200513,213.1645204949743,178.38709677419368,105.0331154941142,0.0,0.6955911136153373,0.12235071840681302,2,-0.013729110372067903,0.006342589764887538,191.730862648832
2025-04-06,191.95699268232022,198.33599797747067,188.7930694937983,190.07836254920537,185.30663479410285,213.1645204949743,167.43430890835305,92.4336835045476,0.0,0.6156388421123785,0.11637565364535638,0,-0.0,0.008066473293420924,190.4771172832299
2025-04-07,193.55634844815663,199.98570037355827,188.7930694937983,191.6455256451053,186.89355353348026,213.1645204949743,169.15189062166218,94.85759667296155,0.0,0.6367592498077984,0.005083815450701529,2,-0.01607482164458115,0.00651540703058749,192.04585178865543
2025-04-08,193.83208072382683,200.25771003631556,188.7930694937983,191.91369030215293,186.83740623537676,213.1645204949743,162.9737235633413,90.69591502204358,0.0,0.561842091133814,-0.04276032432873993,1,-0.0066840504522639515,0.006100214775690382,192.318709070622
2025-04-09,193.66012529600866,200.1147748746424,188.7930694937983,191.68504727535756,187.63574135228365,213.1645204949743,176.51997436445217,103.93051677158056,0.0,0.613284592487176,0.07615404514498803,5,-0.04534149094181088,-0.0050881985633733275,192.1380590949829
2025-04-10,194.78356619109,201.2581507516726,188.7930694937983,192.75225573220663,189.72837750359542,213.1645204949743,170.06408886989973,100.26006301203252,0.0,0.6408821916987523,0.1373775122320953,5,-0.04476172666058551,-0.014217035498160599,193.24181261407728
2025-04-11,199.33649493591932,205.9758486913424,188.7930694937983,197.2086521428042,191.42236183266135,213.1645204949743,178.1606494338818,106.53759876676239,0.0,0.7119944088000918,0.12537112137665127,5,-0.04140156269536752,0.007360817492142603,199.2194063879182
2025-04-12,204.06444241343402,210.8643016283627,188.7930694937983,201.88713066376846,194.2432631205139,213.1645204949743,182.283700064089,114.1589282301255,0.0,0.7467262654257023,0.14569473615981338,0,-0.0,-0.012127718102617507,204.1193154345248
2025-04-13,200.88742487913657,207.5790705640973,188.7930694937983,198.74355541704708,191.36519674990802,213.1645204949743,178.8741721854306,108.81544710901329,0.0,0.7185401364222537,0.13216945856713305,0,-0.0,0.002915383506154801,200.91935381786467
2025-04-14,203.85597291767223,210.64572909614813,188.7930694937983,201.6711245425863,193.74459439137297,213.1645204949743,180.61525315103626,109.52577025306509,0.0,0.6589940066540922,0.0779518398945478,1,-0.009537343591894506,0.01354283907369843,211.0020131108536
2025-04-15,198.78541662874846,205.40560931956702,188.7930694937983,196.63143418227787,188.74185106177512,213.1645204949743,178.6242255928222,104.58250044569736,0.0,0.7708474813122049,0.042245364519560236,2,-0.018612363902422425,0.024051733552490687,201.87272457631167
2025-04-16,202.5685805864968,209.31505448894796,188.7930694937983,200.36526925749052,191.40369017147344,213.1645204949743,179.37406537064746,105.01638122816645,0.0,0.6917312477704006,-0.010769217035459046,1,-0.010054259299113546,0.009258042440239917,206.8528202029628
2025-04-17,202.00551802564078,208.74158634403568,188.7860694937983,199.79868486866408,190.96131992761136,213.1575204949743,181.3821832941681,106.29538984717509,0.0,0.7523134627421334,0.035945789723569044,1,-0.007,0.0011845562927971101,207.46143175159048
2025-04-18,199.4307649511225,206.1463286593139,188.72284926041397,197.23231748436004,188.9559037978869,213.09430026158998,180.33112582781473,106.59758426842065,0.0,0.7654261125742575,0.03277139353572383,2,-0.01521593911390351,0.019036768940238945,205.52749990579207
2025-04-19,201.44565816410682,208.2365546487872,188.71584926041396,199.19498235122865,190.50758935251793,213.08700554168095,181.70262764366606,109.09933156937335,0.0,0.7879790147615484,0.23509538697234053,3,-0.027157870243207972,0.015687694879769773,207.9698159425734
2025-04-20,202.39803059577426,209.20550670844014,188.73035088146474,200.0953508736939,190.2306548060849,213.10211772222272,181.95471053193776,109.41953313666212,0.0,0.8165217712269491,0.08973887245530215,4,-0.036825187637786555,0.024000541892770386,210.18429089155288
2025-04-21,202.81424316266597,209.36176193764308,189.00284183281224,200.49371199962783,190.85175352305217,213.37853340145725,186.9087801751764,110.33700912101119,0.0,0.9252873162889489,0.1942809421939805,1,-0.014575955487569688,0.01361087688698579,211.29846492452293
2025-04-22,209.9593851555159,215.32812608554298,189.67457592513185,207.53608811559783,195.61091386106244,214.80667238792466,199.57701345866283,123.8131019903012,0.0,0.9258049813995451,0.14484050346633254,3,-0.025309974199896453,0.0056651657929924545,219.03684528427283
2025-04-23,208.31425768221862,212.42875046578038,189.9013021187807,205.88731577947993,193.10484421903726,216.1618839826181,200.02563554795998,125.99011580839827,0.0,0.8668048547878805,0.17744271034588746,3,-0.026841920909511662,-0.007615330227669894,217.84756561322905
2025-04-24,212.04952066236083,216.15349175657502,191.40697725270797,209.56791560421212,196.71241979065599,217.82661438663595,200.73702200384545,130.09207819724335,0.0,1.049639781415774,0.14383025652151163,3,-0.025168765837775886,-0.012509239150468766,221.7117117959356
2025-04-25,214.80335977225238,218.15341915637262,192.10528410044589,212.26314356857043,198.8755320589521,218.62097844948664,202.023071993164,133.3280712995554,0.0,1.2097147003707687,0.30932191976633927,2,-0.023223519436840374,0.009268302789959163,224.947429211449
2025-04-26,213.52680049974015,216.83433721290805,192.0042659059053,210.98318582011467,198.3079626427827,218.51386824419475,202.02520828882734,133.53580566042257,0.0,1.1647450532288366,0.3596938589107384,1,-0.008162690427798294,0.03169850773956433,223.95708008792437
2025-04-27,213.03358349419022,216.8634488748255,191.72335273826047,210.45959212135665,198.271802693195,218.4884067887523,200.14954069643252,131.07572602331354,0.0,1.134284227477957,0.46809101697253636,4,-0.03473743190168353,-0.010748581496706017,223.0373606828455
2025-04-28,216.20042716608032,219.31146538434194,192.26088195651985,213.60346734768402,201.02986606955173,219.08166233319648,202.88399914548188,132.8427308955578,0.0,1.1289569081583477,0.47595723134613566,0,-0.0,-0.016206310830114624,226.21597364229112
2025-04-29,215.25838808189158,219.22136034740728,191.6492036531214,212.6567886694638,200.37754721585895,218.42825263902097,201.33304849391172,129.91366640470216,0.0,1.157444608108008,0.4273095716683629,1,-0.007,-0.014851963664636526,225.52531340770076
2025-04-30,217.13410479140816,221.1997440498394,191.42664318798802,214.51360476829063,201.56958287408855,218.18852197988394,201.26041444135882,130.72600923213963,0.0,1.1539512427349587,0.4324741802003373,0,-0.0,-0.04720764438647443,226.9192709378408
2025-05-01,215.12774190402666,216.97928441967005,192.61486092745943,212.49203165574642,199.4238980003778,219.4958636391638,206.12262337107472,131.47302235516347,0.0,1.1672224296893872,0.3011016812403642,2,-0.019029731719639658,-0.043094989265719266,225.91072505270665
2025-05-02,216.89405445729605,219.34175293846803,192.15717750732287,214.22870586989805,200.95873069293398,218.80383534086033,206.9621875667594,131.9819257214289,0.0,1.1129631517512848,0.35369703382725637,1,-0.007081923076923075,-0.04903150418815084,227.9262560284238
2025-05-03,211.9312327734058,215.44260137252365,191.31509807454853,209.2768970899388,196.4258195844422,217.7766491636774,204.7724845118566,126.66314846284902,0.0,1.0533204863308814,0.3009160391716354,3,-0.02391403903679388,-0.04010023011814368,223.03498106761003
2025-05-04,210.94236773876543,216.05045663470494,190.18211980838774,208.27897854201035,195.21509932483465,216.33503645532426,201.36082033753488,123.78771125411909,0.0,1.053459236666665,0.31463075530050943,2,-0.01806182226220942,-0.022294376890599616,222.16579934943795
2025-05-05,215.79547593550944,220.027123727876,191.00935485134596,213.04161696953284,200.05335027723464,217.24398313793247,202.27729117709904,124.37673102607158,0.0,1.0208679044355884,0.36489978838573983,6,-0.04911202681705301,-0.013563883841125684,226.253309700674
2025-05-06,215.89664619470048,219.5381850305578,191.53693333516514,213.28965722962118,199.6713463420296,217.6923654254054,206.81691946165364,125.92974037477936,1.0,1.117685088254898,0.27828762421404735,1,-0.01316292195989596,-0.027482289108420554,226.73932495850457
2025-05-07,217.79066814979603,221.24731070611645,191.53046429515732,214.91879337951957,201.2289922053898,219.7402985963913,207.29117709891062,126.42719235854226,1.0,1.0688139898138969,0.2388837924012954,1,-0.00696998350742166,-0.0014233696450052214,229.00437736938625
2025-05-08,216.06560712410817,211.80935550274174,199.0592192307257,214.47600181213681,204.87428541207402,222.22788263588578,220.82461012604156,146.26674779354937,1.0,1.0005204764557443,0.47193292858536046,4,-0.05883362093351055,-0.011608104629937343,238.02997613614264
2025-05-09,215.68546346390272,209.6207139522626,200.7736627610646,214.6114524423267,200.61932885445893,221.94408407885956,220.07263405255298,152.59701519048957,1.0,1.3236759108335678,0.6041333360713207,3,-0.0442884912079132,-0.08553262149343294,238.5557842390816
2025-05-10,216.82106207522938,203.90981081955226,205.94967928148387,217.01367573608343,201.79724483306572,222.4717482658303,224.13586840418725,166.74344176830166,1.0,1.5314011739047888,0.737901998225763,4,-0.040177221507270613,-0.05689921505059241,240.7108388043241
2025-05-11,214.71389275865087,205.2197536089668,202.7081310551699,214.5952978402547,200.90497326218917,221.90850451406737,222.5998718222603,161.14358393428736,1.0,1.4348564559693109,0.6660724285471961,1,-0.010573209927669084,-0.2234907474395394,238.5318745472536
2025-05-12,219.31293753179983,209.7431536477095,202.71124737044238,219.02611570188753,206.05974042859387,225.24431856691174,219.72869045075845,163.65765080323496,1.0,1.4704756176094276,0.893379133018241,5,-0.05702903994242407,-0.2108430383673502,241.44150327507765
2025-05-13,225.424935389204,210.3396240041143,207.07397334125517,224.892467033829,208.25527452932397,231.9574331310572,222.5400555436873,171.21141033497554,1.0,1.563852449290296,0.831323626451643,1,-0.010367988491873177,-0.1605190738887539,247.0921240551324
2025-05-14,218.68763697814688,206.46313862047697,203.67352724025204,218.26049659128952,203.06300673816887,225.9986308758435,221.11087374492638,163.17554025139918,1.0,1.3842243068892746,0.7985783432396504,2,-0.023855409208601748,-0.08539851870971624,241.27513158245
2025-05-15,213.85627655565239,205.0712362557471,199.6673282233999,213.44738854322938,199.1165256670373,220.94662354625362,221.6876735740227,154.01336543160957,1.0,1.2219418961219026,0.5671543811453278,3,-0.03402353041497874,-0.052693701011613,235.81747979291865
2025-05-16,210.92761625782668,203.1891675921003,198.68343430273646,210.53536911246974,196.37748217648277,218.2981590558384,221.10446485793636,150.97886513192003,1.0,1.2908739821342117,0.6260607042896085,1,-0.009555890186402375,-0.03180051731693011,233.05670399501147
2025-05-17,209.4910836504801,202.04016147568524,197.8850052176919,209.14112082340998,195.69940381460142,216.4738168110151,220.38880581072425,146.38916996235912,1.0,1.3323367641739787,0.5589521597985203,1,-0.009483075427741851,-0.016301819443730554,231.51372788769297
2025-05-18,218.4145233980142,208.2174638647748,202.00544704745275,217.99805953068352,203.58243458584568,226.14381702932562,227.63512070070502,158.71512403305417,1.0,1.2968411418589927,0.5024954554806264,3,-0.02569068329708425,-0.03918695197793139,239.70271968497875
2025-05-19,218.29589493770925,209.269087567706,200.14610540857237,217.83103144507513,203.3306070352767,225.60987809206614,225.68468276009406,153.77399817295853,1.0,1.2179513316122363,0.5550842385866667,1,-0.008026788578041478,-0.06406605557764192,238.4981817226926
2025-05-20,217.08916254409345,207.70399883649833,201.03539251441515,216.62130479718638,202.36419035539308,224.40018566665898,228.32300790429403,154.94384723267703,1.0,1.2803918299507149,0.5067170240525423,1,-0.007,-0.029896163924124884,238.34803619992687
2025-05-21,218.04134918570097,206.53565347108432,204.13342788456228,217.5104444454065,203.38913247466368,225.49348998088902,234.77248451185653,160.3702191729095,1.0,1.2564003036689766,0.5612272153586872,3,-0.02659449409364085,-0.0853530989719441,241.21883295402563
2025-05-22,225.8704412376763,212.09137120152198,206.8488487538978,225.17505130081713,208.48633133360357,233.87625484973776,239.0493484298228,174.03101035970985,1.0,1.3685064649337704,0.7548672492346542,3,-0.02808767625767494,-0.1490278990487076,248.7951634993556
2025-05-23,216.75723177632858,211.69039081141443,198.7934714450496,216.18421318498025,202.71653314701123,224.6205425290461,229.37833796197404,160.17151541279347,1.0,1.127911708968707,0.46033532821860224,6,-0.06130162654225752,-0.2295833278273958,238.85215042126416
2025-05-24,217.5012769817798,211.85395069937715,199.31157711144837,216.92607167362596,204.09574684665412,225.4512777822906,230.16449476607573,160.88905942115247,1.0,1.128140860841047,0.46232398586545953,0,-0.0,-0.031000666080683463,239.5852737638401
2025-05-25,218.36546837811852,211.96727432455396,199.88424771428797,217.76850286058766,204.5365286925495,226.28728754363098,232.85622730185872,161.99374160886904,1.0,1.0487540900327237,0.3772678951821231,1,-0.01332888228395599,0.01003654254380558,240.3482789918866
2025-05-26,218.28755303301156,212.00589928687978,199.71953627014145,217.66174597758294,204.66592053280803,226.10191967239095,233.8880581072422,160.64759940769264,1.0,1.1894933711034716,0.4295276233489691,2,-0.02199466671478799,-0.013221454155326374,240.1124640882637
2025-05-27,217.61493718547402,210.50799746989452,200.50107242990154,216.97451252265319,204.03321925583134,225.38200275940588,232.73232215338618,162.79438946287613,1.0,1.2157132837800753,0.5349808943259086,2,-0.016312522528712917,-0.01199956579161499,239.8782227569206
2025-05-28,215.73706651764596,210.11859278873646,199.3396506359515,215.0448908082656,202.93524809223211,223.45951269309273,230.33112582781473,160.39868028045808,1.0,1.1807603868698575,0.5424059007538165,5,-0.05350722018416149,-0.018228291042981338,238.29976143441755
2025-05-29,211.77008130568896,208.57787680941792,197.21183734526912,211.0333735381122,199.43181347606736,219.39408862857357,225.54368724631507,153.77304372340782,1.0,0.9318696753261686,0.2795293568314413,4,-0.05204655039470776,-0.039122364063400035,235.1254664785664
2025-05-30,210.86933403632543,209.6266222701672,196.11473767524333,210.08030462144103,197.75094559812428,218.18459231578524,222.18543046357632,138.8408445024425,1.0,0.6593586536646128,0.14784975223194774,3,-0.031397102206588964,-0.008509247934609549,234.10640161048465
2025-05-31,209.33124509874068,208.09990325942454,196.14353654735552,208.52800325896516,196.0291874783548,216.64373518515632,223.42448194830183,140.82000854053942,1.0,0.6726186793160108,0.25384641239223427,2,-0.01643119159718775,-0.009533672190449715,232.5433752559697
2025-06-01,209.3154954935,207.9507788772267,196.31710500018076,208.49143436899212,196.0759297648962,216.66317907900907,225.78295236060688,142.610075815184,1.0,0.707185485183566,0.22361508523521237,2,-0.02139775673167242,-0.012634941630169429,231.9160296603447
2025-06-02,210.87203638688504,209.04393310185552,196.87160175623453,210.02349440661112,197.62685416364715,218.26629917127408,226.22730185857742,145.11271611961962,1.0,0.8573622288700145,0.23087946376775206,2,-0.021271677387863033,-0.010300565043686328,232.44918396471223
2025-06-03,210.09522972705273,208.41028720955262,196.60089852155625,209.1982647891143,197.65372497201693,217.45859585187043,225.02029480880174,144.97712289769737,1.0,0.8284442354239542,0.1587559029402931,5,-0.04723316845729317,-0.005740680243027348,232.29441288817512
2025-06-04,210.13945566160206,208.59418740260105,196.57355977923135,209.20662978550635,197.61736284565686,217.52091938743493,223.6039307840207,139.25947337529414,1.0,0.8782787513319325,0.08829048120084301,3,-0.0245544936530806,-0.008659080395938415,232.33004801804904
2025-06-05,210.30762461168644,210.57415744829615,194.7018150227473,209.3291603474726,197.41849026590313,217.70724495986062,216.85537278359342,129.4857862563043,1.0,0.7220929400867645,-0.016593098854971348,3,-0.03214190331458141,-0.005967957462430158,230.82363065329773
2025-06-06,208.29981545380352,208.26170721586027,194.68539495402715,207.2858012416511,196.14839053337548,215.62857592630164,222.69814142277312,133.92817749979105,1.0,0.7760297705010585,0.017917929551484083,4,-0.038659438046372466,0.002843732380500199,229.1740248479073
2025-06-07,207.45925886346495,206.91791470472884,195.03843336439033,206.44386395418394,195.5577232779205,214.75111468394547,225.32792138431984,139.65203445107315,1.0,0.8552969564706399,-0.03693468940997615,1,-0.007392973003247007,0.0001910882604141055,228.8089165448789
2025-06-08,206.72072185892657,206.24608913894855,194.98639478594185,205.69762217044604,194.98651959944613,213.9867860612964,225.71886349070732,139.95055045576822,1.0,0.7953871455285026,0.022667650496822955,1,-0.00915979235576373,0.007724074013425126,228.1479269138162
2025-06-09,206.13783948719743,203.92743123575605,196.77708409468454,205.0330234135285,194.41155010378912,213.3771781888983,235.71886349070735,150.13978929592213,1.0,1.2795830399801855,0.4547189558872461,5,-0.08004449976083633,0.0027333264946950136,228.35457941824723
2025-06-10,207.1572249439632,202.7646165537125,198.75161471409118,205.97455201327486,194.05376248580507,214.42560995694024,235.78936124759693,154.58984739208668,1.0,1.2349498764069733,0.557537888104111,7,-0.06540737077650949,-0.06675697463245664,229.8323283543447
2025-06-11,206.50915126634635,204.6138872798176,196.28058726873462,205.31763942364944,194.76872298749507,213.77585080600807,232.14697714163668,147.5238366667953,1.0,1.2645433406983755,0.4947242178440428,1,-0.00893976160120839,-0.0772985548567116,227.71934175549325
2025-06-12,205.0347028060809,208.1739257957211,191.30716060642672,203.7729317169508,192.14227299109913,212.28330461058223,225.65050202948115,138.33558465270488,1.0,0.9083061974291852,0.284241080061953,6,-0.0641182217648332,-0.042617238680070064,223.47424567920865
2025-06-13,204.95168380089788,208.5019612588294,190.99387113369625,203.65811156907316,191.644390631514,212.19725919391533,226.51356547746232,135.01431149551658,1.0,0.966757693964739,0.3373440903972148,3,-0.028837600025123963,-0.017893958242434733,222.66411522457196
2025-06-14,203.57351618455542,207.69185969177192,190.5414197517496,202.22608609288267,190.6780438141808,210.77060289004407,225.13565477462106,131.40692778884454,1.0,0.8413671763723956,0.1368450462977308,5,-0.05176891093252177,0.0006974377294446214,221.43178290717145
2025-06-15,202.54360994007192,206.46625744176504,190.69186866989912,201.1808677362166,191.16938565184256,209.70437340743538,225.63554795983788,133.27565381877616,1.0,0.8546808167373487,0.1350662299737103,2,-0.018851402811246365,-0.011592885462986941,220.47910659684007
2025-06-16,203.66129206701862,207.34751841091276,190.92338348071132,202.2831609481658,192.1562833663466,210.86148781886683,228.24610126041466,132.31198144772534,1.0,0.9042481222331522,0.08402281051691894,1,-0.007971190530414408,-0.01715407907879595,221.3528971612619
2025-06-17,204.52558966182406,209.07029699201087,190.163101938035,203.14062067258735,192.49478070237578,211.75620978727403,223.23862422559304,127.07179220803286,1.0,0.8716315936458094,0.0879653851393615,0,-0.0,-0.014680517673949373,221.72406465481168
2025-06-18,203.1951579444649,207.58475234795458,190.1877967990398,201.7592130808498,191.2629888100448,210.37914159883601,223.97137363811174,128.61332218757966,1.0,0.7964071490299925,0.20872680900193233,6,-0.04950885251896208,-0.013528218396347654,220.83460641505735
2025-06-19,202.92733110882918,207.3608743610569,190.14922099599755,201.48191636441433,191.13426810800385,210.10185481978272,223.54838709677443,127.47370379044165,1.0,0.8577640050511078,0.14203816340627537,1,-0.009345277409952396,-0.020026351401195013,220.689702848406
2025-06-20,201.9652861940621,207.00481862050393,189.54574526942392,200.491093058386,189.49762294688495,209.1059355172025,220.59389019440317,122.04680660385311,1.0,0.7491609661644125,0.0612558115059033,3,-0.029475585595013808,-0.012047066586068383,219.46606926797324
2025-06-21,201.04238240770454,206.42945260611782,189.54574526942392,199.5758195236027,188.12939784228703,208.15031748981534,218.09869685964563,115.75460120808094,1.0,0.7189476372905792,0.05701040251192196,0,-0.0,-0.012863427537248895,218.68816664748329
2025-06-22,201.38817410706392,207.0104632432883,189.54574526942392,199.87608857888813,188.51452252909306,208.5082561361059,215.5906857509082,112.5339573907971,1.0,0.736049616381722,0.09844430680716658,4,-0.03894236065330771,-0.015724031849452126,219.22483169392265
2025-06-23,201.58156382644927,206.33324630547105,189.52555136810992,200.01953818901697,188.3421772156913,208.70874900685058,225.0138859218118,125.58192202275178,1.0,0.9636130515978018,0.23630338288431602,4,-0.03853241299766272,-0.005967379416011367,219.02124938854445
2025-06-24,202.45805645389692,207.07891645718175,189.4456532017276,200.85814952277863,188.45397059487607,209.6162121171416,226.55842768639204,126.53401630228697,1.0,1.0056593128180389,0.1613324099088719,3,-0.027808752752374377,-0.005055756076834077,219.8951720014664
2025-06-25,204.55185043681755,209.1922904322889,189.49081029556467,202.91346552507503,188.9018252270181,211.78386048300132,229.18393505661206,121.51755865413702,1.0,0.9287684405058462,0.13287968249658072,2,-0.022086998011470186,-0.008919383424301092,222.24395405418943
2025-06-26,203.57161430539605,208.40158689390438,188.9959932411858,201.91507789611111,189.0327626040143,210.76890042904807,228.3230079042942,117.46665385018704,1.0,0.8538776942788051,0.06159973399515579,3,-0.023836966732427512,-0.024685471094726585,221.1532746430013
2025-06-27,204.47064000623527,209.22130174180492,189.03539100110348,202.76984688277216,190.44072552918757,211.69979285989956,228.62636188848563,120.98578982923354,1.0,0.9742279621785475,0.17197419249867427,3,-0.03205541973661952,0.022563292161833587,222.1555785983469
2025-06-28,203.45862400285876,207.97650601226752,189.43381251229917,201.7256724010611,189.48167644182152,210.64520109347387,229.17325357829546,125.34124631254176,1.0,1.0314812904459092,0.1695311255175645,4,-0.03259768145410007,0.008914550122084652,221.20683986186697
2025-06-29,201.93345655183091,205.7902866466328,190.30178564265375,200.17295656565312,188.630665611694,209.33922356089957,231.40568254646462,130.33163822332452,1.0,1.1795051363437459,0.40296623269406184,4,-0.0338619034319244,0.0030474941743663794,219.6067058010797
2025-06-30,202.7270703894094,207.2262890826826,189.75389664566242,200.93344761031594,190.77684126432763,210.16728373008155,228.88271736808395,126.43722840082259,1.0,1.2147195911260888,0.44783430027792037,3,-0.02587242391075226,-0.02587762179813903,220.98792206178967
2025-07-01,199.33673550061872,206.10385652964573,187.331005711654,197.53414621960258,188.3423619752598,206.69256733447577,225.63554795983785,119.93600376117264,1.0,0.9381162820172475,0.19353641497603283,4,-0.03421619220841745,-0.02717472661734241,217.35106503147597
2025-07-02,198.03656469498029,202.6379707126569,188.67566759360255,196.18420469260667,190.83162190953948,205.3481323438038,232.44605853450136,128.9185561461667,1.0,1.3523041086161975,0.5415180646069168,3,-0.048938563371560315,-0.00045892753631961505,217.04603029758263
2025-07-03,197.77930906345492,201.50978176288822,189.41232098465537,195.89203479082332,189.93326489581852,205.08220661956693,234.03332621234796,129.64018141735704,1.0,1.4383543614242265,0.6305564324193977,3,-0.032046309654330904,-0.01964757264829199,216.59471272116284
2025-07-04,196.06606764206052,202.28783047421277,187.1080658128314,194.14201434263495,188.72574034775087,203.30255134464065,230.7049775688957,123.09317983441943,1.0,1.2794383275169015,0.6395477621825288,6,-0.050540938945823094,-0.03471049855387608,214.0503704137909
2025-07-05,197.2663172141864,203.36294619799722,187.27492112294183,195.3310236145769,189.4689934853135,204.54702747696896,231.12796411023305,123.8268027364104,1.0,1.2795516292926836,0.6418647623664604,0,-0.0,-0.024433449056550288,215.2329153109125
2025-07-06,200.7428564979296,205.44958519421147,188.6502749544154,198.72873956984205,192.85036949061833,208.1533820972749,233.2898953215127,127.4069479281704,1.0,1.4419175109481517,0.7502827677824747,4,-0.03918093462988386,-0.033866811996019604,219.7868822712629
2025-07-07,198.54716548262533,204.9663149271939,187.02359393223347,196.48564992082856,190.43092393383387,205.88399778357183,231.3266396069218,124.9478765890719,1.0,1.3501467520915715,0.5940591776722323,6,-0.058516303970392244,-0.04040045440827407,218.0561008942775
2025-07-08,199.52865510326077,204.850356966178,188.0251306559719,197.43448692228435,191.02774006187434,206.9027086417644,232.70668660542637,126.4562376109605,1.0,1.4943720533038403,0.5704528260804375,2,-0.018915283568410463,-0.032523268391725674,218.7569101577934
2025-07-09,198.1445205861887,199.32772720513424,191.69039289616833,196.02144353716943,189.4390751809335,205.470370307784,237.60948515274535,133.0666654780731,1.0,1.508812917478525,0.633514452726421,3,-0.033688068693560336,-0.033657786146016444,217.2790199299604
2025-07-10,201.43646786222214,194.98904866462462,198.8446588123141,199.24616094795005,193.01716630227617,208.88535377248922,247.93420209356998,146.96846350203066,1.0,1.6414942923606726,0.6185540663905293,4,-0.0345489990632174,-0.025800050794045307,219.124322946485
2025-07-11,207.68272202785877,199.33156005058385,200.52257042989194,205.3961868334164,199.0909734066975,215.35366446019736,251.23477889339907,148.90629674174187,1.0,1.5594080945653037,0.5646887436519302,3,-0.03060472151409592,-0.1353240080538244,225.0885041860333
2025-07-12,210.3256463826603,202.59681058714295,199.8831442424725,208.00115574796843,202.52638065038357,218.0818620194036,250.98696859645395,148.42780196764437,1.0,1.4504961810988088,0.6621350625448739,1,-0.013490265778370007,-0.059666766854998415,227.69815495003604
2025-07-13,217.82916844229885,207.66989932912355,202.36248616627964,215.4006671603024,208.9555411858033,225.87180715095383,254.50331125827836,153.75674380136658,1.0,1.2777239237406146,0.6349399896667653,2,-0.02626962105513638,-0.0779798501947746,236.5582881246933
2025-07-14,219.03240587663504,208.45879839351383,202.69910590524105,216.547360893822,210.23646407744585,227.11494061082124,256.2871181371504,156.15906632090073,1.0,1.5371089611397437,0.8984288403739441,2,-0.039902120342834205,-0.23041184031615355,237.4434737527041
2025-07-15,221.16659974880082,211.71249580627543,203.0131914620836,218.66161117341346,213.28938285767168,229.7422572639566,251.72185430463597,162.46762304778912,1.0,1.6627253566977094,0.9281820539771299,2,-0.018454638840090923,-0.21706506902573508,239.59768405122745
2025-07-16,229.60065229972233,214.57398179862523,209.27515563682317,228.5634092227943,218.3297733347594,238.647941650907,253.62102114932728,170.80465553557238,1.0,1.6499529166707545,0.8859770343440712,1,-0.0073758870627777,-0.2335892622621152,250.9693411968242
2025-07-17,241.47635677553745,218.7976878182102,217.15307448802776,239.952551429561,228.9840421385478,250.9386666740176,254.81307412945972,172.40103723908473,1.0,1.299977465472309,0.7772636931466368,3,-0.051752668307525514,-0.24190584942582538,264.4306871918405
2025-07-18,242.94037967939133,222.09718169816546,216.10442200191625,240.85340328913787,229.29086940149347,251.8880965601175,251.9696646015811,170.86986536854292,1.0,1.5461204923667202,0.7837836001536646,3,-0.046030973745130946,-0.21554711147492506,265.5965113843599
2025-07-19,238.95885713198913,217.70964626827106,216.80497312654907,236.84945683779586,226.58819494135133,247.81636404184474,251.82653279213864,174.2629378507162,1.0,1.5759030889504435,0.8527265267755864,3,-0.032196969867927826,-0.06635694262720529,261.01704157854937
2025-07-20,237.9476241536931,213.78620089397043,220.45416264287897,235.7621652779003,224.43908252628373,246.75289352629133,250.61525315103634,180.99321750442766,1.0,1.3858451174319069,0.8195730407202244,4,-0.06894300697037638,-0.1277632834159454,258.32885715088577
2025-07-21,239.71059453980484,211.56200254317108,223.60896686960996,237.4030369535233,229.92694565143668,248.68826348411756,250.86519974364475,186.55381400900734,1.0,1.4978206554169637,0.7432968190807183,1,-0.013188116540232766,-0.22467254498420303,263.7092898036958
2025-07-22,239.9759666890533,207.42094023018626,228.0975396022209,237.54284365379877,229.39691997780082,249.02710027311403,256.564836573382,191.41844120711986,1.0,1.7662938550893883,1.0381588652997784,7,-0.09402814160311833,-0.12498930583523596,266.85371300340694
2025-07-23,228.13618906875573,207.18433646793937,217.16198985903748,225.92789331086277,221.20663382106278,236.97970967552655,253.84533219397588,176.61634233567452,1.0,1.6331962974203669,0.7193341302578253,5,-0.07268731956994211,-0.22563188113232385,255.26428340742004
2025-07-24,230.83107809415077,210.48633352732242,216.44970992892706,228.17569248695153,223.4376214759749,239.75683659682636,252.89040803247195,170.69476408032443,1.0,1.5829482751525874,0.7202124332177077,2,-0.021679647123955228,-0.04195359139327498,257.0015010538887
2025-07-25,235.73256324102434,214.61133334903593,216.51937080409,232.9187674481421,227.74870279456124,244.85979613163732,251.49754325998742,178.60113272934655,1.0,1.4794563643844423,0.732339962828916,4,-0.046136619816032745,-0.12549502071937288,262.55975178302896
2025-07-26,239.34814641610157,218.0695344457594,216.39677053325198,236.51266056261323,230.95931381399416,248.60551369610133,251.99743644520427,179.7124378326952,1.0,1.5314950813582764,0.6727274036474993,1,-0.010789269215482997,-0.16654979696023994,266.9872422925683
2025-07-27,241.04557399906727,217.11386883550105,218.79230755413667,238.14335709614025,233.0977252961746,250.3649959393832,255.30228583636006,184.46563730981475,1.0,1.4494915324436808,0.700877500484432,4,-0.043042391648389564,-0.12884306254205935,268.4136629467169
2025-07-28,241.0289995843392,218.8770649272379,216.4934520704217,238.11212573645338,233.4518010172595,250.34746799757576,252.33497116000882,174.99293958333405,1.0,1.4543262247163773,0.7645443704658262,1,-0.010691531460837324,-0.0662118545575288,267.8801967505755
2025-07-29,238.69050727795232,217.22369943158472,216.20647090462825,235.78339776411366,231.31072102939856,247.91504942626705,252.0657979064305,169.56722589961453,1.0,1.3054248823560295,0.6308627666341969,1,-0.02200189881031889,-0.05136346179023072,264.29127084786364
2025-07-30,239.4073618576422,218.46400755570505,215.8310482919492,236.50603200684992,232.23641815908377,248.64691883592172,251.90130314035488,166.96055602891983,1.0,1.1592375226988594,0.5016852779325117,2,-0.021876490506359557,-0.03959330655483259,264.96571553302823
2025-07-31,235.11335867472414,216.56071065690472,214.01790599572047,232.27958776361695,226.93978649171112,244.17453206219133,247.22067934202116,158.52373087222077,1.0,0.9820986612141369,0.3501060829943368,2,-0.023485300647156874,-0.028415570818896455,259.4895316826805
2025-08-01,232.2627000716352,216.36328187067892,212.06473694092463,229.51948856518996,223.58247754184836,241.19842035037166,241.8692587054051,152.6637734729125,1.0,0.7660410592651692,0.15439256740516524,3,-0.03051200317071489,0.0462599306522747,256.56899814358684
2025-08-02,230.25875648491683,215.13231318310628,211.6745520899107,227.56314943494158,219.82472567201154,239.10923369532873,240.33753471480478,147.77648807166204,1.0,0.7480187724220503,0.14686799491352912,0,-0.0,0.03804911357493461,253.63796348054288
2025-08-03,233.33682837147737,217.15532525099187,212.09410977947763,230.54303359982347,223.6913649104612,242.3198919002838,243.88378551591563,154.51670066076866,1.0,0.7504577405018662,0.13424370818654768,2,-0.01857327387593492,0.03821247335313762,258.09296959801264
2025-08-04,234.25784094559225,217.09316192715664,213.09879050107983,231.38069141964087,224.93397306214683,243.28327809223296,245.72954496902395,160.8187915254055,1.0,0.8718251008448671,0.21681195398313718,5,-0.04688114193251758,0.024541484432656295,260.050122072644
2025-08-05,233.54127806100874,217.0095760218775,212.4667570795933,230.66463788323074,224.24349729004584,242.53648061918426,243.68297372356355,154.3474920108502,1.0,0.7950524234437507,0.16329336870831024,1,-0.008345121570774204,0.02433819728264209,259.11552679382004
2025-08-06,235.1286395940629,218.0944483539794,212.9129958371365,232.21656724063274,226.20514624383472,244.18341680449385,245.56505020294833,157.19759154479368,1.0,0.8951280061997064,0.17511092651111235,2,-0.015341688194443023,0.01593255098340233,261.656556475358
2025-08-07,233.82466661929115,216.93735975096027,214.26851877431582,230.85803054764557,226.32343964469175,242.8320337210269,250.98269600512734,167.39675863981444,1.0,1.147154531743046,0.3650632443812057,3,-0.06022386085407721,-0.008519367254005934,260.52296842312074
2025-08-08,232.79093761081648,216.19654558606607,214.56101782714595,229.79406039689675,226.06711885049324,241.7592291154441,249.30356761375796,169.782947315506,1.0,1.2675670729873951,0.31981078308623045,3,-0.03574297850878043,-0.024046561042019684,258.9130884157238
2025-08-09,233.05344023403177,216.2457075448686,216.1773173759883,229.98750470402675,226.97626056208114,242.034161923735,248.9745780816067,176.58513785410852,1.0,1.0643001573595052,0.427455366964389,4,-0.05469492287774782,-0.03953918496637203,259.60360242983324
2025-08-10,235.89781929387598,217.0383077270336,217.685238229964,232.74196078323033,230.2148005395746,244.98234550667337,255.00961333048514,178.0406553970167,1.0,1.176044248733373,0.5495169595715287,2,-0.05218796195349194,-0.06638538297348459,263.606064413656
2025-08-11,241.81072041610878,222.49232352052567,215.8712824288535,238.54749928346786,233.62765368312412,251.14098706022781,253.70220038453346,168.22766581430545,1.0,1.1814982186357232,0.5626943602652258,3,-0.02791541424208683,-0.053318023979870975,270.597812578394
2025-08-12,244.9083958889066,224.30302026402978,220.32588962693305,241.56400192077336,236.71906670543254,254.3677271330151,256.819055757317,179.78013525187106,1.0,1.356627143279723,0.6326844921843501,3,-0.034683723017509674,-0.05789361041175645,274.82428744853144
2025-08-13,246.51201631893127,221.85099236930168,224.65817945716705,243.12330475781513,235.88623413902047,256.02668819552156,263.6957914975435,184.8919515665561,1.0,1.4829519215548046,0.7398719303880125,1,-0.017987975914248285,-0.1188604382072094,276.35472185378467
2025-08-14,244.19011783573745,224.95775315331332,218.43373754850376,240.77608046563893,233.91985049550257,252.99820883817299,252.77718436231592,171.1019103810743,1.0,1.249048545496913,0.5896804919009916,2,-0.04764292948738706,-0.11585282433087049,273.3586396368991
2025-08-15,245.06217335126684,225.60692278920095,217.71537430426332,241.62892849241368,233.706902417442,253.8934840709518,250.68788720358916,168.49094738425708,1.0,1.1796969693270107,0.5443356707877444,1,-0.008062691154494669,-0.03994572714835855,273.90226355477614
2025-08-16,244.74014404291694,225.97543078416413,217.70541324717234,241.31457060428525,233.9220326322084,253.62987857056208,250.70925016022235,169.81565141333442,1.0,1.1886064006359052,0.5439140358983324,0,-0.0,-0.04354628520776005,273.5897951465214
2025-08-17,247.31515796423236,228.49732367940453,217.91537980307197,243.8471906412258,236.32601489899986,256.24302337738857,250.75838496047874,172.31303094254534,1.0,1.155769167679722,0.5072712410105338,1,-0.007200673778991232,-0.042729840546087285,276.7291588747098
2025-08-18,245.80061031152044,229.7014549901734,215.22886701425395,242.30240062453996,235.17305909525606,254.71105697703698,248.16064943388184,165.83634400426115,1.0,0.8866267099876499,0.27064797553982806,3,-0.040252799959947065,-0.04786526156832501,276.2576498266074
2025-08-19,241.76922142315175,227.42826771840825,212.07318317167486,238.27437459053294,228.5488138042231,249.92656023790278,241.03396710104698,157.0101003094631,1.0,0.6839760097698734,0.09231609621724678,4,-0.02815459357025587,-0.017835392308163098,271.6000953014756
2025-08-20,243.8079239891581,230.26006731389816,213.19602148160274,240.26107731522748,233.98561136044853,252.03120449879086,244.06964323862442,165.6161198443195,1.0,0.8035546751712205,0.18555364796789142,2,-0.014601520321053255,-0.007640161708948812,273.52365021036945
2025-08-21,241.96312028116597,228.82206804912732,212.29374662212982,238.38304205308464,232.5002357869334,250.14795355040167,240.2200384533221,159.74700171085914,1.0,0.7792316873934231,0.143380623151652,5,-0.04801480870665713,-0.015342424636997335,271.810137678387
2025-08-22,247.45104680323382,233.770579678088,214.8705741377484,243.7556742143446,238.1704026463238,255.81466097094236,249.86754966887435,178.3182813379304,1.0,1.01033319455863,0.3203863953046351,3,-0.027335986184578935,-0.020454590649748222,276.5515116829884
2025-08-23,249.10079109220413,235.10173277732008,214.66195134745274,245.3278744448975,239.307398598235,257.52995343431564,246.73146763512088,176.02847577007847,1.0,0.9251999870858537,0.2792840756154434,5,-0.04926817309654523,-0.036837887753480326,278.58654954726376
2025-08-24,249.40054639912083,235.05129115886555,215.02655211492896,245.6103529544461,239.4846015139503,257.8345956736931,242.62977996154683,172.70951856683382,1.0,0.980580535439021,0.35106536620811557,1,-0.012347841375798358,-0.034133436559414615,278.8926929868071
2025-08-25,243.52854782537892,233.93761253194288,211.03834800855688,239.7961776952347,233.77181404575177,252.87611064517765,235.3001495406966,156.58205445052153,1.0,0.8100580357370515,0.14230801575602592,4,-0.0329661373045432,-0.033684566935158436,271.8416939282172
2025-08-26,245.38228272446716,234.52344749002626,211.97622662011702,241.58671967074352,237.89892449843302,254.93244256237327,238.8741721854306,163.36514416704367,1.0,0.9137839849109382,0.22549541271300627,2,-0.03260081642380551,-0.01540366951415129,273.9999030444033
2025-08-27,243.37964908901404,233.20540313926224,211.39452069975937,239.57328229912954,236.50120272204973,252.8384687851669,237.71202734458464,161.2137404502737,1.0,0.9929817917517971,0.14446969373714263,3,-0.03523153304473756,-0.019064041469442784,271.75248316983703
2025-08-28,242.32715080837,231.99552081572526,211.5890331182659,238.53450568223045,235.87536779616636,251.80752450965582,240.5575731681266,164.63043877789573,1.0,1.0106391143433118,0.14077459034130624,0,-0.0,-0.005020298525157896,270.6524645043119
2025-08-29,242.47759940359066,233.6242897352628,210.10104698089728,238.64649164951314,236.798261206724,251.98994401923426,231.42490920743444,157.8996680955232,1.0,0.875854760277238,0.2578892078337277,3,-0.036381962292028454,-0.03028089540592018,270.74256342749453
2025-08-30,241.38530150666313,232.64151870577382,210.02857509661666,237.55475577132125,234.7394464908025,250.85599353160484,232.42683187353146,158.94843665847554,1.0,0.962603582326354,0.17530984402729594,1,-0.013419352762448307,-0.03424602051878104,269.5447428463066
2025-08-31,242.73401991535334,234.05139539148593,209.9991986520097,238.86163995848435,236.03085037891813,252.25495280635664,231.20487075411256,156.68106089871128,1.0,0.9405533594680662,0.17510381108078676,2,-0.02070442916193793,-0.007246829982634135,270.9691600011478
2025-09-01,241.37441872700015,233.328955006575,209.4719066378799,237.51125802268604,235.23344052612129,250.8464572857735,233.33048493911573,153.3523653462667,1.0,0.8610147480967333,0.10442293602465741,1,-0.011170190640230436,-0.007219716622601582,269.25696143388967
2025-09-02,241.6195736631479,232.64939101138293,210.09663363294715,237.7208096901477,235.32063067548634,251.10654720199008,237.60948515274532,159.75859895214944,1.0,1.031201999026272,0.10541992030568398,2,-0.023149587494279242,0.0018138084980252609,269.68622777716894
2025-09-03,243.3421743962431,233.51733567145828,210.3594430069139,239.40617979995716,236.44215381253088,252.89379912963997,238.56013672292264,162.30188163815893,1.0,0.9836777548889737,0.054378563326685454,1,-0.009782303601791017,-0.0034180350300568587,271.4089006007773
2025-09-04,242.96515954543597,234.33273393559668,209.45114738833541,239.03727651276387,235.75427010457352,252.50148229591545,236.57551805169854,155.29282179058526,1.0,0.945868534587864,0.05292123048372569,0,-0.0,-0.002432218166917496,270.9441849016741
2025-09-05,244.0803781586065,234.5990774767806,209.93226947896775,240.10936793923614,236.92609417808814,253.66340141975076,236.37256996368316,158.51794616686493,1.0,0.9358980295200773,0.19046470492720682,2,-0.02274089670272275,-0.005727197203665731,271.83702877672243
2025-09-06,243.85591653828251,235.0800495772782,209.47111780494936,239.8384490693037,237.1859692865053,253.42950958687516,235.28946806238,157.03721645735914,1.0,0.8216666016229676,0.06748888505861855,3,-0.04624563385236584,-0.019616806788955065,271.5527878942912
2025-09-07,243.5498371723847,234.0881429277881,210.0346105896785,239.5291130409743,237.31579680425793,253.114929906481,237.346720786157,161.1843706154055,1.0,0.9546644758461623,0.17950489009433268,2,-0.019283310656566036,-3.223500936231152e-05,271.27810399527374
2025-09-08,244.92974956576117,233.77572959546703,211.26116746691605,240.84097498490857,237.8881036349753,254.55534153363286,239.33988464003434,167.20501212585512,1.0,1.0422278839402883,0.2108040270090012,4,-0.04900841886345779,-0.004072023339317673,273.0059447107505
2025-09-09,248.50629627423183,236.01988285904804,212.1212478162555,244.3461717259147,241.4139210612862,258.2720347570039,238.33155308694742,167.57880681926346,1.0,1.1033643894172263,0.2868697832741433,1,-0.011230626388962921,-0.025240492587963115,277.0908774580376
2025-09-10,250.29338805540417,236.08566339634774,213.29642726770234,246.08280677784552,243.1426967056265,260.13445690709625,243.43943601794504,171.74027827928464,1.0,1.0370359943250218,0.382059549217551,1,-0.015757273675684923,-0.024791638020132133,279.0970132939401
2025-09-11,249.6477273894904,234.36195975576527,214.08361848524663,245.4067348603453,241.28982764390312,259.46743714817694,246.718649861141,173.80980651596468,1.0,1.0938000204378826,0.4189074462844205,3,-0.03466919299047771,-0.03588585395734421,278.322920831878
2025-09-12,249.57659616523193,232.26361819540665,215.96791395561317,245.24095678034035,241.51484787262615,259.4343600432496,247.8594317453538,178.63207082411358,1.0,1.1076646528337988,0.5024764812454907,4,-0.071388519331229,-0.012651067034398649,278.539268301391
2025-09-13,250.3309040913725,233.32966016938107,215.59049154623426,245.94202440266116,240.62839842648188,260.22041295061797,247.61375774407202,179.87624000593146,1.0,1.1127484906502294,0.5021294389602702,2,-0.03252554782854962,-0.008583243884560957,279.4963113352106
2025-09-14,250.17592372740177,234.74465654927323,214.36634757277255,245.76941602797228,241.41398408966774,260.0458801697886,246.26361888485388,173.87733477573929,1.0,1.2468649375525094,0.47574235962555256,2,-0.02840874508888893,-0.0482685843751785,279.78562254835845
2025-09-15,250.39218615388234,236.1534253801818,213.40905315952165,245.95001967261004,241.0859941301649,260.2663698630766,246.46443067720597,169.0551778368696,1.0,1.2316920952594577,0.4697903655946009,2,-0.03252336036091993,-0.031138845120006413,279.7211565562453
2025-09-16,251.53578530403,236.45955184511715,214.07291819696903,247.02265565807224,242.24321759657101,261.4597514392023,249.43601794488384,171.205484022087,1.0,1.4215894919397447,0.540824996870828,3,-0.04611762550587589,-0.04953581560909915,280.9503613815714
2025-09-17,254.75263977730276,236.7570796535458,216.11490239044977,250.1558681377191,244.68811941600745,264.8035011655377,248.80581072420446,177.92507442937534,1.0,1.5984568406091024,0.4034500466787643,2,-0.025592055929395986,-0.060757479672886194,285.04788317530284
2025-09-18,256.57643251517646,237.7336843419347,216.8421308179602,251.92978225451697,247.01813088432735,266.6991056754672,250.18158513138243,180.26112972434908,1.0,1.5036537537472994,0.508597014326115,1,-0.01805379013020259,-0.08106782853732969,287.15358714683134
2025-09-19,256.68789235594994,241.6475288220929,213.36614263209518,252.03808569564953,249.26514503417226,266.8056222041456,247.11386455885517,171.64837676158018,1.0,1.3849949440332396,0.4533005786185432,1,-0.010057410515273662,-0.10897466190681787,286.5615461121962
2025-09-20,257.3544574059928,242.83009329086008,212.53398735758452,252.68078290426956,249.93782211094322,267.4566044535316,247.13950010681503,171.20058616826392,1.0,1.3700351088706535,0.4458531076915373,2,-0.01633618386864727,-0.0861005244984566,287.25773075445125
2025-09-21,256.28157934621754,244.00377476750782,210.39584911676116,251.60771344193714,249.647543968188,266.36031483280084,246.26789147618052,167.39343101071023,1.0,1.3207418971234957,0.46852459397728374,2,-0.020543793087945315,-0.10116707602695048,286.6379922747992
2025-09-22,254.22272119228472,246.16088025668273,206.91724878298845,249.4686426602779,248.96845860724588,264.2581659579084,240.62807092501623,156.8200499930226,1.0,0.9671808790964942,0.07900719529067463,6,-0.09176832831136358,-0.10160816911088841,286.0606806988211
2025-09-23,251.8697842239636,244.69983373620207,206.57736679426634,247.09247817347023,244.61768244001195,261.85718825658944,239.2138431958985,154.35526597297323,1.0,0.9888025806766408,-0.07284893353665593,5,-0.05793584536917162,-0.04835701457125387,283.3712828249069
2025-09-24,251.09247098812978,243.79225755071383,206.57736679426634,246.32877729880033,243.7531615803071,261.02450182378715,241.99316385387758,155.40683936598913,1.0,0.9950787467229933,-0.07608297901659167,0,-0.0,-0.021895205243184137,282.6037902524293
2025-09-25,251.5984289885294,244.58016755395974,206.57736679426634,246.73472666848548,243.98515039910595,261.6000069351947,232.7750480666526,144.22894448780977,1.0,0.9443812891058805,0.07579381948707138,4,-0.06446840501825936,0.03680245718909323,283.358330232226
2025-09-26,248.73250669181354,241.60941431759002,206.57736679426634,243.81718864142385,240.92081563337732,258.60869824370053,234.16791283913713,149.97644254010268,1.0,0.9776143719668252,0.08654618084128152,5,-0.09669213597093756,0.03346604062452177,280.28591358609566
2025-09-27,248.54336649741984,241.45944070360042,206.57736679426634,243.59186327975738,239.8324460018468,258.4176374027462,234.13586840418733,148.56787005472302,1.0,0.9431894634608848,0.06390411798094961,2,-0.034938936496795255,0.010622821866540566,280.1047082685655
2025-09-28,250.89875222054138,243.7958183749792,206.57736679426634,245.8893564619539,242.71061927292754,260.8374710785386,239.54283272804977,154.31006198831795,1.0,0.8768680482929685,-0.02718837494794196,1,-0.017538157740082147,0.02288678897779987,282.8962334009669
2025-09-29,252.38601061848604,245.1770422421639,206.57036679426633,247.26589442880424,242.46736232308822,262.40894898108934,244.12305063020744,153.2127604127349,1.0,1.1640923488425252,0.06469188083988918,5,-0.0782239606218115,0.017155625455032585,284.551251404224
2025-09-30,251.18825534542535,244.0460298072228,206.53998135447938,246.0725523915234,241.35578348505658,261.18244252253527,243.61461226233735,151.6893242467632,1.0,1.078987132302903,-0.01519569084755294,1,-0.013269115830134327,0.003938882786073972,283.18156663732054
2025-10-01,247.09567474007852,239.78738804882042,206.49767758456076,241.88044062369457,238.58254377179298,256.8901225644163,253.30484939115595,159.41446583108893,1.0,1.3286871850563409,0.2301380388532729,9,-0.16241234173400226,0.0049248355934217326,278.66991132108683
2025-10-02,247.0792685043464,237.97758415074838,208.02708436887838,241.8215161639475,237.22201548652833,256.8718979596442,257.4578081606496,165.336674155406,1.0,1.6225776995934007,0.47126704411386894,3,-0.041699243584859685,0.021438450171329115,278.69785972165585
2025-10-03,250.87412958960516,241.08455467066327,208.40976354569085,245.48592817712554,241.47143204557028,260.8258031728165,261.1963255714593,166.17156766733217,1.0,1.6509615439170156,0.5283141443028977,5,-0.059526823010732234,-0.007519849862114691,282.6777463050423
2025-10-04,252.1701057214082,243.33738954356838,207.67485595079958,246.70452643779055,242.26549217819445,262.1742023858853,261.6000854518267,162.02996094816288,1.0,1.527872045778565,0.4522212687049014,3,-0.04490335141305971,-0.021587102953697264,283.8813340443391
2025-10-05,252.3492722146744,242.79065395322058,208.1797221691524,246.8612981485108,242.65225199663072,262.36027052510786,263.98205511642834,162.213349468615,1.0,1.4341443823691986,0.5565513097113346,1,-0.018336878067422884,-0.015589349342746688,284.18325397617525
2025-10-06,250.76466963062867,239.60670821050294,210.3450370521173,245.20221044429783,240.67853673287541,260.71209491914607,266.4195684682763,168.45574542117927,1.0,1.6116145718325268,0.48813602853643084,5,-0.07790664726849143,-0.05820666350489544,282.3739614985476
2025-10-07,252.53874410429873,244.56272250572073,205.76640523208835,246.18875767883955,243.920659916544,262.5568940848497,259.3484298226877,158.04499871828068,1.0,1.4540873318336363,0.42628954260093826,1,-0.011565594068588595,0.016007044406151964,283.18526158836795
2025-10-08,254.96987168025134,245.4953881816752,207.1961556283898,248.64510147084826,247.44418963422456,265.08434440851204,263.5868404187142,163.90063811393546,1.0,1.5218838759729942,0.39812640036331903,2,-0.023738989229083525,-0.05336720973629948,286.0833124728704
2025-10-09,255.50034841210365,248.0569754966135,205.11145686071393,249.2512883849716,247.6667538394598,265.63595478541276,259.80559709463813,157.15139754126304,1.0,1.3966409860898745,0.3312785427840342,1,-0.012215343629740142,-0.03934471376562747,286.6042255313053
2025-10-10,255.69601410262862,254.53244968982017,199.42653854573933,250.19014231922117,247.88132306993919,265.6976898002375,240.8908352916046,123.11781828650643,0.0,0.955631186631902,0.07630720030950366,4,-0.06983201180889737,0.0004169261472769248,287.76735953444563
2025-10-11,253.76522357602812,252.98950590399772,199.42653854573933,248.33082060510836,244.33529675317737,265.6976898002375,236.25720999786392,120.89479995933318,0.0,0.9417473794845275,-0.1051841225645414,4,-0.051625356317416736,-0.03152423988228126,292.0927756160169
2025-10-12,252.17390683422326,251.70281559052995,199.42653854573933,247.84471515254597,248.78141913292507,265.6976898002375,245.54582354197848,136.05145259923395,0.0,1.0090324620770377,0.03879749631731531,3,-0.046427263106230535,-0.04584480637979929,284.8002445986975
2025-10-13,244.07329932441542,244.13354946018066,199.42653854573933,240.3668946691981,239.61945817422364,265.6906898002375,245.93890194402928,141.03268664878541,0.0,1.0159804350961434,-0.07734950750083848,3,-0.0469778829812023,-0.0529718710276424,273.1081831068033
2025-10-14,246.32885857352883,246.1479767420448,199.42653854573933,242.07112850938987,240.76259680857837,265.4122882054018,241.44413586840443,134.4335613936706,0.0,0.8796992868542818,0.013207769565205207,2,-0.033432027799445235,-0.05969794304602441,275.55236950304754
2025-10-15,246.26440167494576,246.52823302646843,199.42653854573933,242.05963342293074,242.7493081948424,265.4122882054018,236.55201879940208,128.131712205753,0.0,0.9729710059812422,0.057512457992640605,3,-0.05310695789331131,-0.06026036086483985,273.7079437931356
2025-10-16,244.80542205908912,245.87176538270964,199.42653854573933,240.6704297297757,243.51492666696615,265.4122882054018,231.1920529801327,122.86566668181578,0.0,1.0616477896573815,-0.04061916805379237,3,-0.046028247529016436,0.011355125161175594,270.3182593953188
2025-10-17,243.54457546898368,243.88048110890364,199.42653854573933,239.47160873032746,239.7896335196323,265.4122882054018,227.29331339457408,119.49949511507569,0.0,1.0685553189139376,-0.06649785400874132,2,-0.03271774265014325,0.04789349721430091,269.1765475321357
2025-10-18,242.29785059727888,242.45794825208057,199.42653854573933,238.1730050788216,237.35043974900364,265.4122882054018,228.889126255074,122.42999431117043,0.0,1.2237579116930974,-0.04099442033603922,3,-0.03530744008034008,0.050144908243221015,268.5676348058633
2025-10-19,243.97646145964572,243.84325122756496,199.42653854573933,239.70449098580002,238.9129712010672,265.4122882054018,231.98248237556106,126.24116566805594,0.0,1.182902658370982,0.07331969153217693,3,-0.03481601992903412,0.0338659425108228,271.3009627683757
2025-10-20,239.2788123059969,239.09784172085654,199.42653854573933,234.93224478649935,234.55797850205204,265.4122882054018,236.01580858790885,127.02129273072072,0.0,1.0209946956601736,-0.06872419623488804,6,-0.09509598799628027,0.05366923188972205,270.18168148143315
2025-10-21,237.34054186763578,237.19196444541473,199.42653854573933,233.0354391976849,232.36063905142157,265.4122882054018,231.2433240760524,121.98916403099665,0.0,1.0025480520410317,-0.058940908533458916,4,-0.05966042715821234,0.013235736985680216,267.83146772470764
2025-10-22,237.0750493421625,236.94834735644423,199.42653854573933,232.76367289076416,235.5312709562371,265.4122882054018,229.7116000854521,119.02408272675218,0.0,0.9898408030105981,-0.05202136683992873,4,-0.06270280267526923,-0.017157928240638325,268.8250343333705
2025-10-23,237.71218050905134,237.54230644778448,199.42653854573933,233.24112811497184,233.50664429818693,265.4122882054018,235.12710959196775,123.07711838035999,0.0,1.1254423872710217,-0.11423096607234413,5,-0.06870244659949644,-0.015660031413690392,267.1590182336626
2025-10-24,232.7038785524828,232.4571413308318,199.42653854573933,228.20935092230616,230.95780826551655,265.4122882054018,237.25699636829765,125.24479302882483,0.0,1.1847052193205079,-0.12474957545814142,2,-0.025567428550880796,0.01000772832677547,264.8190265548232
2025-10-25,235.77362243236476,235.50214334320415,199.42653854573933,231.14763128717897,233.50260382412344,265.4122882054018,238.58790856654588,126.69710954619302,0.0,1.116883342203385,-0.17961082338589754,3,-0.044848471028740046,0.016470982574504377,268.06935609588544
2025-10-26,231.7561990049693,231.68784837468252,199.41953854573933,227.39510441658928,231.0860372677452,265.4047145408759,244.8216193121131,132.611630568529,0.0,1.1399467928942322,-0.153966497259154,1,-0.007482776378098761,0.014935610261523805,268.4983567672611
2025-10-27,235.83040636479174,235.52240869695757,199.26222002361843,231.1241191951529,235.08736125744193,265.23450343941033,243.77483443708638,129.97618325074228,0.0,1.0868946079459847,0.046927761680500404,2,-0.02985073662698263,-0.0017157222256007996,273.24754834032376
2025-10-28,239.89252791394452,239.42378425549393,199.48468327780168,234.92013336646866,241.6469304015374,265.47519801891474,241.11087374492658,126.21577887431323,0.0,1.053624263615173,0.06581814531581733,2,-0.027047772154302978,-0.04258844915401501,276.8026254553821
2025-10-29,241.35740335890486,240.93500371907712,199.5627755697058,236.40059688550258,240.68554320693545,265.5596901361923,235.21042512283725,127.55061657526817,0.0,1.0623904481475908,0.07171646301734066,0,-0.0,-0.05514258457116086,276.37504360329456
2025-10-30,244.64913148660816,243.50025418635224,198.99828327801566,238.92068724561477,244.08865962069606,264.9489365298016,231.48899807733417,118.60423349190799,0.0,0.9760756199507642,0.08450169781718832,0,-0.0,-0.07223956046538084,279.086146377378
2025-10-31,247.95046914343422,246.97422202395802,198.99828327801566,242.26828225824812,246.74756249968635,264.9489365298016,234.11023285622758,120.72877365114631,0.0,1.0409705575428154,0.10248120440761149,4,-0.0487807767468366,-0.06304308297828068,284.01911249373774
2025-11-01,246.50005316209317,245.68981000426834,198.99828327801566,240.96009830364767,246.16434695710146,264.9489365298016,235.24887844477703,121.84056883046537,0.0,0.9685728604181505,0.015864258509836887,3,-0.041735766934295614,-0.061365783367009215,283.57844738282284
2025-11-02,244.72005481907766,243.92732337605617,198.99828327801566,239.19689606530804,246.50669378248705,264.9489365298016,236.12262337107484,120.83472936739923,0.0,0.9405288748155674,-0.007531760605529312,2,-0.030179390881253307,-0.04363530441008544,282.24745883330445
2025-11-03,250.48919727523906,248.49163601373758,198.99828327801566,243.67843098610552,252.59167171895058,264.9489365298016,227.57316812646894,107.89236299891449,0.0,0.8256601163753073,0.0157766420639685,0,-0.0,-0.02590881841014285,288.0621127831165
2025-11-04,248.64429510688785,246.5207932411601,198.99828327801566,241.68728297403854,250.66146463569075,264.9489365298016,216.7485580004275,102.77329705387201,0.0,0.8277485387254186,0.006112290796298163,4,-0.05222742524320446,-0.021700597023588022,286.6426579752372
2025-11-05,249.36728497888885,247.44960896746136,198.99828327801566,242.5860105663949,251.87756873574028,264.9489365298016,222.0145268105108,106.94779532857419,0.0,0.7829644798503512,-0.06652635216860217,1,-0.013190611352582784,0.0017320360314872114,288.2031567851395
2025-11-06,248.33233653766388,246.1426647602295,198.99828327801566,241.28719674262987,249.8392691048661,264.9489365298016,216.43452253791943,102.69812397857069,0.0,0.8262037980026727,0.005823016457320686,1,-0.0133330371448425,-0.009958585254026762,291.00262571249027
2025-11-07,248.4226379525183,247.04301189388073,198.99828327801566,242.11098965894735,250.4470276485669,264.9489365298016,220.67934202093588,111.35246697202649,0.0,0.9013021879493512,-0.15197627528346339,4,-0.05393638637134831,-0.03245896542646107,294.4470606377734
2025-11-08,247.6225891973576,246.10990769203374,198.99828327801566,241.1588045838272,248.79372333407213,264.9489365298016,218.47682119205314,109.19438103502894,0.0,0.8569303228470689,0.022466028470622814,2,-0.030835856085928263,-0.035433270170508006,289.4478456918468
2025-11-09,249.6325095976552,248.08469386680872,198.99828327801566,243.09796911258317,249.86495157000195,264.9489365298016,223.78337961973952,112.66729389956909,0.0,0.8766771695224737,0.030517840832252233,0,-0.0,-0.045228655282143135,291.8120641421729
2025-11-10,247.98413063130326,246.6432320109266,198.99828327801566,241.67014011391774,247.97727660713488,264.9489365298016,226.4793847468491,114.69724402515489,0.0,0.805095071858578,-0.0614030413374485,1,-0.014874069845810542,-0.03695108616485635,284.9604594713872
2025-11-11,247.8175481575527,246.00658299254724,198.99828327801566,241.01497672835296,245.59403500589957,264.9489365298016,220.11108737449274,106.65506141358168,0.0,0.7865708569497649,-0.02116950309325949,2,-0.025077551327084526,-0.04714943249375516,280.53971142986984
2025-11-12,244.58259905946477,242.647775107926,198.99828327801566,237.69181330182153,243.16799302595336,264.9489365298016,217.09677419354853,104.37283846975043,0.0,0.7715147723177889,-0.03130016757097819,2,-0.03163928563335256,-0.06449850089229613,281.44555551248203
2025-11-13,248.20134826274062,246.25264687462672,198.99828327801566,241.20961208934077,247.1398902531033,264.9489365298016,213.0634479812007,101.29809597965706,0.0,0.812252786897823,-0.09061352627844312,1,-0.012942378434413713,-0.022497409807929095,286.8895167468141
2025-11-14,250.68797297901543,248.73686434653655,198.99828327801566,243.6429698294638,248.4562256203588,264.9489365298016,202.16620380260636,96.35955070493411,0.0,0.7666112366064606,-0.07968151829713484,0,-0.0,-0.028576371076988304,294.79993873338793
2025-11-15,251.35947860688697,249.40988528632735,198.99828327801566,244.30328689541398,249.24682253185625,264.9489365298016,204.21277504806673,98.0296130899828,0.0,0.8176090724042375,-0.03665983942682865,1,-0.0070575100901436785,0.00032022793630221173,298.5158016302684
2025-11-16,250.50135914601162,248.9267733149507,198.99828327801566,243.8022263784837,248.66244579827242,264.9489365298016,201.43345439008766,95.58041720053542,0.0,0.9216774635085944,0.08707989570952612,2,-0.022296981547898227,-0.011422050284777559,299.58495265136
2025-11-17,251.60969442864092,250.44934906290436,198.99828327801566,245.29354068706851,251.59413675013275,264.9489365298016,197.120273445845,92.83628319976727,0.0,0.8893544481796096,0.09116628562130552,0,-0.0,-0.01635375521234388,295.76074704467584
2025-11-18,251.51542736145956,249.67725120607759,198.99828327801566,244.50808939274506,251.03702190965603,264.9489365298016,198.61568041016886,96.16473237935601,0.0,0.9167145520916605,0.09350502524116902,2,-0.02668002553812182,-0.020519132367304686,295.75436787551587
2025-11-19,256.3501304551821,254.40740408415846,198.99828327801566,249.1285942252553,256.31783351744014,264.9489365298016,195.58641315958138,95.4874301518879,0.0,0.9582946360598128,0.04906163964375444,1,-0.011060260120255941,-0.013609585567737576,303.712927011016
2025-11-20,251.58010272103314,250.98823233214856,198.99828327801566,245.77499834191696,251.33417250774846,264.9489365298016,185.11001922666105,89.83808359485276,0.0,0.9085402973089185,0.031043305004458017,0,-0.0,-0.0029478729493008175,300.2632059441258
2025-11-21,248.18162109225727,248.34043524465284,198.99828327801566,243.16627301035052,248.58473651435006,264.9489365298016,181.82226020081188,84.2920689866938,0.0,0.8081679201074397,0.0789198070320233,1,-0.010612984284357769,-0.0030303076541795797,293.3880378274678
2025-11-22,241.5244526090098,242.03948607374286,198.99828327801566,236.9840998641546,241.75746331472024,264.9489365298016,180.96774193548396,81.4719877716159,0.0,0.7432989536001308,0.0024934093829544167,1,-0.00863456457452195,0.0006001411574267446,285.2521066785375
2025-11-23,240.76146160615724,241.24177494532077,198.99828327801566,236.1804614774464,241.811022352751,264.9489365298016,185.44541764580225,83.49749163781739,0.0,0.7717099098563174,0.018364047462678442,2,-0.0197018330189582,0.011456398539062504,287.52686843768504
2025-11-24,236.2250610478782,236.25090363375568,198.99828327801566,231.27340142670369,237.55641401347202,264.9489365298016,188.48963896603297,87.95933952002083,0.0,0.9144156318731911,0.097528470224722,2,-0.016211894425522774,0.0223465908428849,279.8960223355103
2025-11-25,235.39457764412862,235.5959925420647,198.99828327801566,230.60142068723923,236.33045520457335,264.9489365298016,186.56697286904514,88.77384001894096,0.0,0.7817194171560233,0.09563597994126152,2,-0.023984326040323484,0.011945524447989485,278.31568414582216
2025-11-26,237.77225481326766,237.45406068231435,198.99828327801566,232.40914382181555,238.46888831781845,264.9489365298016,193.1638538773767,91.70808099894607,0.0,0.8678020157214439,0.03900427216825082,1,-0.010942237604999615,-0.005091235337998862,280.9941146139127
2025-11-27,235.68526726191197,235.15137038155643,198.99828327801566,230.12814739689773,235.93999088093312,264.9489365298016,195.06515701773134,90.56259838116614,0.0,0.7240911346892385,0.03479889008424466,2,-0.023474871825464413,-0.03524577695649678,278.0673447307788
2025-11-28,234.73623862301213,234.80164310691612,198.99828327801566,229.73091382923977,235.78861073632126,264.9489365298016,194.06537064729767,89.42766749574153,0.0,0.7175829606923662,0.019171110724576248,4,-0.047091566662702054,-0.0150255491598515,276.7299211387766
2025-11-29,233.83943875317604,233.913512529327,198.99828327801566,228.81758392158358,234.91636360960695,264.9489365298016,193.907284768212,88.12636674976706,0.0,0.8280625924112194,0.09567178129194957,4,-0.03887600622595251,-0.012225739295814329,275.90569628119835
2025-11-30,229.98584390877443,230.32384111329398,198.99828327801566,225.26616673077103,231.66537546192245,264.9489365298016,192.96304208502463,85.85324719397664,0.0,0.7692384095139253,0.03597516733378597,3,-0.03292670050792619,-0.01765811461486886,272.3021192124786
2025-12-01,231.68035917825435,232.64537957946217,198.99828327801566,227.53533997276102,232.97898801293204,264.9489365298016,184.18286690878026,80.97582063756369,0.0,0.7197497129973259,0.04303771078517302,0,-0.0,-0.002697804418643898,275.5377336525074
2025-12-02,230.9594107643015,231.1850365655201,198.99828327801566,225.9841659135526,231.54773224001667,264.9489365298016,194.90920743430897,87.75670068029457,0.0,0.7108042573383734,0.01576687770618255,8,-0.11681957504200405,0.0007504841833143065,273.7080918417821
2025-12-03,229.84567586928011,230.0662714837769,198.99828327801566,224.84223248601828,230.3395462369878,264.9489365298016,199.5193334757531,91.6077674202286,0.0,0.865096783685245,-0.1269435758291967,4,-0.04316526388964328,-0.003974198062151251,271.39427514105535
2025-12-04,232.00582964242383,232.2298614005414,198.99828327801566,226.9485470004352,231.3856419243657,264.9489365298016,196.61183507797483,89.55599671394408,0.0,0.7950455141751933,-0.16329598490471778,1,-0.007624845380343747,-0.016669167739010667,271.0187829586643
2025-12-05,235.47963551255947,235.71054302136812,198.99828327801566,230.34884180394843,234.73771129249187,264.9489365298016,190.75838496047857,85.14480891558775,0.0,0.7438749032049669,-0.14598023875835334,0,-0.0,-0.036441170106680576,273.2846196270434
2025-12-06,235.26269208835043,235.492802267986,198.99828327801566,230.11860060155215,234.52868195497228,264.9489365298016,190.51698355052343,85.86776862611322,0.0,0.6551882772462919,-0.04950924766092406,1,-0.01602496321409411,-0.03580839630751103,274.34008185789787
2025-12-07,235.7852986502945,236.01559007796467,198.99828327801566,230.61755158503337,235.56100159492988,264.9489365298016,193.00149540696435,85.43591710142631,0.0,0.7163252166984649,0.020092709210008938,1,-0.011081637239395502,-0.020645788576309526,274.59671608403
2025-12-08,236.41856546539944,236.64677920215183,198.99828327801566,231.21098915598373,235.80247057853632,264.9489365298016,193.5355693227943,86.93451064314038,0.0,0.7472981857752528,0.0014308364434459538,2,-0.023222299253203925,-0.007916138728030361,273.5269325522709
2025-12-09,236.37360572813031,236.60381284728413,198.99128327801566,231.1149483275217,235.63673937074432,264.9419365298016,197.93633838923307,89.39926924044532,0.0,0.7566109425028518,-0.022324887366359302,4,-0.045536190634453175,0.008966220632359618,273.8615500806808
2025-12-10,235.99087443288732,236.2055106954095,199.0060661461813,230.7105943778288,234.94998480232402,264.9567193979672,196.45588549455243,87.0156532963526,0.0,0.7721364021366994,0.009513971737492374,3,-0.02703160117011826,-0.0022257555792070897,272.89331138266874
2025-12-11,237.29390308942789,237.7833884100792,198.74312066808994,231.942417003535,236.19086417545304,264.69377391987587,197.56675923947873,86.29800029336032,0.0,0.8201912151566569,-0.03682941758684242,3,-0.03835669090194319,-0.03815573777027431,275.6624680842372
2025-12-12,236.78220615648306,237.29980482735846,198.74312066808994,231.4187556600135,234.6827164561759,264.69377391987587,192.75368511001923,84.03021095508916,0.0,0.7739266595001655,0.08847034795700386,2,-0.021114053756646156,-0.01524935750558129,275.66633462539943
2025-12-13,235.66366083479534,236.174333376609,198.74312066808994,230.2838486671034,233.30671484955215,264.69377391987587,192.7408673360393,84.87935248524595,0.0,1.0053303391492656,0.04553007367089985,3,-0.03627555018732671,-0.008946128052193612,273.97614637294225
2025-12-14,234.4740277130063,234.9932474816313,198.74312066808994,229.12245795815812,232.8754383007109,264.69377391987587,188.26746421704763,81.70393567208927,0.0,0.9701805883357182,0.038992228108642044,0,-0.0,0.3974859434355588,272.2137546839346
2025-12-15,237.0698084153199,237.611973680749,198.74312066808994,231.647440147093,235.5403415084763,264.69377391987587,184.63362529374066,79.12504282106876,0.0,1.005424387541739,0.12382018786794259,1,-0.012350962226926866,0.04099997562870954,275.18763727050674
2025-12-16,237.67136964467883,238.21528202744588,198.74312066808994,232.2107741312995,235.73586496991268,264.69377391987587,187.5966673787652,79.55909657664903,0.0,1.0033217582274438,0.1279461375648803,2,-0.02170009018780957,0.10413926891761789,275.06831795067694
2025-12-17,236.40296948655927,236.9714885016937,198.74312066808994,230.92135129501818,235.26273815540372,264.69377391987587,184.17004913480025,75.50014303533146,0.0,0.6829641834652099,0.0013849146575941266,3,-0.04511144461801789,0.012040736931336081,274.2996659453751
2025-12-18,234.7585044186469,235.3288104585427,198.74312066808994,229.30226650021015,233.67055389041013,264.69377391987587,182.60414441358685,72.35156225320843,0.0,0.711166753044022,-0.06966086908491785,1,-0.010538277791659119,-0.00772996921455129,274.38328934642243
2025-12-19,234.838259178062,235.4060654733866,198.74312066808994,229.3285409184551,234.22312070022397,264.69377391987587,188.19055757316815,77.37818789744658,0.0,0.7225869267845693,0.027315368116249104,3,-0.04407124782408083,0.06142202554477628,276.92879824547265
2025-12-20,234.12564976988457,234.69168045421887,198.74312066808994,228.61583087000017,234.01431756306124,264.69377391987587,188.67122409741512,77.55795922261643,0.0,0.8058258075627426,0.11522690298472642,1,-0.014887173838444245,0.006788928395858436,276.22393857041527
2025-12-21,232.1097373994426,232.6742345337156,198.74312066808994,226.57725533047483,232.53152286658053,264.69377391987587,189.29074983977787,76.69553989858056,0.0,0.7411868248897341,0.062036424400412155,5,-0.06024551946404884,0.00875532459472331,274.2216872321381
2025-12-22,231.7084103086863,232.27202124060378,198.74312066808994,226.15646173295193,230.19816042048694,264.69377391987587,189.218115787225,76.54413537321628,0.0,0.767720739281773,0.03695534648852106,2,-0.02557140349965599,0.004571046757513738,273.05828692046595
2025-12-23,231.59488835709342,232.15816107276413,198.74312066808994,226.04580783776362,230.0054040271548,264.69377391987587,186.83828241828675,74.80409856528019,0.0,0.7500535037750471,0.03649021563800772,0,-0.0,-0.0016047811416224998,272.69177528482885
2025-12-24,229.95093944895135,230.51021736299342,198.74312066808994,224.3769895632231,228.4154014775294,264.69377391987587,187.2527237769708,75.08504665869872,0.0,0.9241169293215938,0.047320116508737034,5,-0.05685915046398102,-0.018019481252753124,273.51760445751614
2025-12-25,230.40529038838207,230.96557468616146,198.74312066808994,224.80128373308526,229.05539942021116,264.69377391987587,186.2849818414869,74.08643657254017,0.0,0.8074655535760878,-0.05800206169303921,1,-0.017329140085623737,-0.03894721499009173,274.2438233115835
2025-12-26,229.1607738980483,229.718005463071,198.74312066808994,223.54190516356124,228.44425643907772,264.69377391987587,186.58192693868838,75.38980452636532,0.0,1.0778884316658286,-0.1263133938810029,3,-0.040318088925241254,-0.02142264675892061,273.5544716671677
2025-12-27,228.47325579456827,229.0286698463629,198.74312066808994,222.82914760299977,227.31889468498503,264.69377391987587,187.66075624866488,77.570935788011,0.0,1.0686287640648273,-0.086233644635766,3,-0.038536503445193854,-0.0035499744493569336,275.72997578309867
2025-12-28,230.13503633367205,230.69448334182988,198.74312066808994,224.4133993900597,228.6076101414473,264.69377391987587,187.84020508438377,77.23204948090842,0.0,1.0372042763442682,-0.09650670433651666,2,-0.033876062680286145,0.0018219056822731065,278.2944439111639
2025-12-29,228.93349863826955,229.49014515700355,198.74312066808994,223.22597070017642,226.93999360316874,264.69377391987587,186.34479812005992,75.81662857383972,0.0,0.9384042017846972,-0.02455672552285888,1,-0.012442335105036551,-0.002047744410400851,278.0169536711177
2025-12-30,228.30913018118733,228.86427897980505,198.74312066808994,222.58213458269802,226.8639110658136,264.69377391987587,188.98953215124982,76.12302382090715,0.0,0.950038710023716,-0.020079631632360515,2,-0.03048054963630978,-0.01213925251921388,276.55503296501
2025-12-31,229.6889576484777,230.24745975592302,198.74312066808994,223.91415624827783,226.37095154790862,264.69377391987587,187.2078615680411,74.40495458495022,0.0,1.00361722849019,0.0682942441639971,1,-0.013208106681202564,-0.00903758350105742,276.6214997720681
2026-01-01,230.45496824766275,231.01535196439465,198.74312066808994,224.6013457655173,227.68889832063732,264.69377391987587,189.72228156376852,77.99834207564227,0.0,1.1757000707973861,0.032990352121335116,4,-0.05178885408994235,-0.005551576445356679,278.37298897235775
2026-01-02,228.19355962290217,228.7483461266697,198.73612066808994,222.30754259305363,226.62550241488822,264.67977391987586,192.12134159367668,83.77171023902264,0.0,1.0117350564285406,-0.09072180758380696,5,-0.07499004996364307,-0.000782481305849932,273.8512071114813
2026-01-03,228.47672373628885,229.03944324788992,198.73402492694876,222.4950084562249,227.98106999628203,265.34717831205637,193.5483870967743,85.25297621693989,0.0,1.128362347170597,-0.04955874888901673,6,-0.07917663784709111,-0.018433956647044086,275.2491019339265
2026-01-04,232.7473858977398,232.03425773441984,199.99740565868848,226.6289878555454,228.05005735327686,266.6916886673462,195.49455244605863,88.37459681994766,0.0,1.1079549170821417,0.10113810103665075,2,-0.021392846019656745,-0.009385602593689897,277.8572723113569
2026-01-05,234.6424623052613,232.80902157790902,201.43809949560554,228.40493524294232,229.17659557586882,268.2842444648334,200.45289468062387,91.2825636298421,0.0,1.3165436492744091,0.49381558483468185,5,-0.08835333074053113,-0.02446984696159396,279.5861084035716
2026-01-06,233.2127475541096,231.93290407386624,201.67036493422592,226.96765831263164,228.1260266923472,268.5582314581841,200.386669515061,92.53670437549191,0.0,1.4207161135966435,0.578411365501584,3,-0.03875141321463099,-0.03437124857451048,279.527895796286
2026-01-07,225.70529015713518,228.34484114134494,197.96909080289345,219.56871381998207,221.55555225862585,263.64281189055345,195.1997436445205,88.0170678628588,0.0,1.0578858120404486,0.02691417596018069,4,-0.0850075571535331,-0.043585331295064596,273.083473735995
2026-01-08,225.3946656729216,228.07697497807592,197.96036034054978,219.24512331140377,220.61146759997408,263.59140502243775,194.57167271950448,86.53914719930059,0.0,1.0524108544169724,0.04509547768777858,2,-0.016808086645132697,0.0069514825056287465,272.5666200676422
2026-01-09,225.86627796561322,228.99179402546727,197.72452989628516,219.66163239420865,221.1370441927514,263.3995031037509,193.6552018799403,86.1720403472544,0.0,0.9800765677486146,-0.09786638893046756,5,-0.05304465240591368,-0.00406318452584983,272.82910382448114
2026-01-10,223.92281402818296,227.41871639293157,197.72452989628516,217.81625814048724,219.77379522773253,263.3995031037509,193.30271309549255,85.14909376117865,0.0,1.050615176630942,-0.02296757694640395,1,-0.013223245832208994,-0.0016420471402613674,273.5035756382677
2026-01-11,222.831842787542,226.22511415257415,197.71138003294033,216.6823425515595,218.92345171647915,263.3819854620464,194.3964964751123,85.57916871811167,0.0,1.1351100758809543,0.250890413335579,4,-0.06387677007141501,-0.01418676183576266,272.00299631592486
2026-01-12,223.06585247892187,226.74026324758583,197.64474059936688,216.89376131464232,219.56518735063509,263.29321148089406,194.9348429822689,84.09392392113897,0.0,1.0178692879329574,0.15809728799624972,1,-0.014625095212417486,-0.0040915541980161025,270.8583046618432
2026-01-13,223.61750476432044,225.47180078349652,198.4248689424743,217.344813703048,222.67467222515165,264.33246249360064,203.74706259346306,90.89200126174485,0.0,1.4994506995493273,0.4219662736684317,4,-0.08524535149359354,-0.0026289648722318676,274.8306681236156
2026-01-14,223.63663104107903,224.12418977652206,199.63575927791914,217.32506463571633,221.02791679972245,265.9455547732313,207.0433668019655,89.74564564684921,0.0,1.4918014763744636,0.24461278784833523,4,-0.041819233957387666,-0.022380541928426444,273.1765838073999
2026-01-15,225.02954535209452,226.93288111691336,197.55881488509334,219.00602382499653,220.97965897972938,263.1787452057417,204.20422986541348,86.10656762279355,0.0,1.284408950541028,0.398659143043506,2,-0.02349468296810272,-0.025464120008980073,275.50494899205296
2026-01-16,225.42509438881305,227.11081869710094,197.60724466000747,219.39191250699497,220.52047403777107,263.2432611191415,204.1999572740868,87.08970858593122,0.0,1.2892932848955272,0.3998403362768946,0,-0.0,-0.028410799419423514,276.0081455579292
2026-01-17,224.29630901754314,226.29547787561592,197.41035248269708,218.2760132142055,219.57680289639282,262.980970437779,203.2557145908995,86.02578604575234,0.0,1.2013300339209454,0.30716206443748195,1,-0.014105684039597928,-0.02692866451815213,275.5046605957717
2026-01-18,224.0450894154532,227.81480382588992,195.88832835785402,217.98728470380536,217.4949842693798,260.9534000680031,200.00213629566343,82.77242179780347,0.0,1.0958182657107056,0.23579641374229426,3,-0.04085691623658735,-0.016417761515551896,276.78798597806014
2026-01-19,220.27434104907073,224.77417253440015,194.8550936395926,214.28882343030622,214.49179793688552,259.5769724111901,197.78038880581084,80.35387122539917,0.0,1.07663261126576,0.05688408560484087,2,-0.025557584246165617,0.0428987084345068,277.83082537563007
2026-01-20,219.368837482961,226.07403693234306,194.8550936395926,213.35259410101406,209.90352197865997,259.5769724111901,188.85708182012402,75.43289441686368,0.0,1.0569057874166328,0.22373737231516883,3,-0.05335555126773284,0.03683489725536,275.28401456467867
2026-01-21,219.87483718874512,226.17736748595007,194.8550936395926,213.76650337664555,209.52578868870864,259.5769724111901,190.98696859645386,77.31743856565419,0.0,1.2063058500747137,0.021495193612036095,7,-0.08448894531765493,0.05032616075623965,275.8535112372365
2026-01-22,221.96827783644673,228.30064028159583,194.8550936395926,215.75536339693548,211.23289030995227,259.5769724111901,191.19846186712252,76.67962735660296,0.0,1.1886338705929067,0.030589349131670565,0,-0.0,0.02982769659386919,275.8824464381468
2026-01-23,219.37464836761657,225.63471211962408,194.8550936395926,213.743410188488,209.27074432438235,259.5769724111901,191.30954924161517,76.80813691920599,0.0,1.2766203436353938,-0.029654228516754415,4,-0.06740465738779412,0.06987768604655945,273.2161288627943
2026-01-24,217.79880903499222,224.06538270542393,194.8550936395926,212.1874366059024,209.27068331619702,259.5769724111901,190.49562059389032,76.54134541125242,0.0,1.2808611193452182,-0.03733418177369377,0,-0.0,0.050115040506134086,272.6511993428031
2026-01-25,215.68196625723112,222.31787358497002,194.8550936395926,210.0582587961936,206.56381237555823,259.5769724111901,185.08224738303792,72.42454777472594,0.0,1.087836494022026,0.08168984310544576,5,-0.09155539014235775,0.05055326865909613,271.4001491843408
2026-01-26,217.98746285082387,224.69394055655363,194.8550936395926,212.3058148791078,203.68579404702405,259.5769724111901,188.63277077547548,75.29428114190424,0.0,1.1139608795315372,0.09148896796360888,0,-0.0,-0.01892542740742198,271.0680719368855
2026-01-27,222.24749354701171,229.0864940474628,194.8480936395926,216.35146845837878,207.35990924611468,259.5686660979036,190.58961760307642,78.3556676988422,0.0,1.3525376628320347,-0.13238135689982256,5,-0.09468788073524584,-0.024624552312009326,274.93429497076164
2026-01-28,226.95488309290894,232.71243969996652,196.01638874197334,220.89443738118294,205.21858702719996,260.95498397383574,190.71993163853895,77.93234961139235,0.0,1.3231992332270832,0.12521782187147404,2,-0.03715939814300654,-0.010817453277467378,277.90247132934064
2026-01-29,222.4864311303027,229.36981424160462,194.81872687134006,216.51681982393873,207.53454479312782,259.54210942450084,180.81820123905166,72.26747780880504,0.0,1.213209815541648,0.07542042039443059,2,-0.023775306809347516,-0.03167703961616146,277.72692529947
2026-01-30,224.27785075137044,231.26938957322452,194.81872687134006,218.2613260857951,209.3703599088596,259.47849283877053,179.96368297372373,70.7162857813767,0.0,1.1865581165233732,0.08279446150072148,0,-0.0,0.0024759094727989798,277.343674366562
2026-01-31,226.41467000614713,233.34605720095868,194.81872687134006,220.3206169476791,211.3164852643043,259.62163254180984,168.18628498184165,64.59639394742481,0.0,1.2137564773438279,0.21417643351027915,1,-0.019429278790731898,-0.011361545068606886,281.81534043969657
2026-02-01,225.5260040764477,232.57994743634228,194.81872687134006,219.32805781104807,210.90873362180847,259.455669266149,164.340952787866,62.67608511552493,0.0,1.4447764484531695,-0.0438891772400027,7,-0.11425095812204066,-0.0002628534874767399,279.67791505277114
2026-02-02,225.10290423105735,231.20588885439804,194.81089365879888,218.7895506797592,211.28146613346786,260.5095441929495,168.09228797265555,64.66541135604757,0.0,1.5186167105423791,0.013857056377609102,8,-0.11523502730115677,0.0014469851454167269,274.9211975405024
2026-02-03,225.22567991563264,231.53416693826648,194.60074098197728,218.88503942958508,211.18798220248704,260.26872035234237,161.78380687887218,62.952409436407095,0.0,1.361827172506228,0.13794668299239057,1,-0.019445072239046863,-0.02897645034995957,275.5011451352572
2026-02-04,229.48621601390715,234.9745409807764,195.52715095458498,222.98148275116648,215.83770403551182,261.33033712998395,156.2636188848538,61.667184877608115,0.0,1.3535870929917067,0.12503417638854664,2,-0.04345944579370681,-0.016789559931652875,281.4924316830369
2026-02-05,230.89478304549962,237.15160898430833,194.72456610104092,224.27839833937267,215.0616280881366,260.41061738257554,134.36017944883585,52.43030766215563,0.0,1.2635495192816377,0.13470034871174857,3,-0.047744998878248596,-0.031151946397545583,286.4155122135116
2026-02-06,228.6842589248713,235.16093468894545,194.48486160738975,222.08959742813022,210.78272318199288,260.1359287245726,150.6430249946594,58.551202179865435,0.0,1.552061113417748,-0.014991785668151365,3,-0.04262681270488009,-0.09412284847202827,276.663186048198
2026-02-07,227.06983041757442,233.8338735914038,194.15472306999075,220.48211828118193,209.0572143994289,259.75760744067895,147.90856654561003,58.16518903975286,0.0,1.507660205191144,0.02115261561631996,3,-0.0453289492125299,-0.03593130796077243,274.41591750709057
2026-02-08,231.75108760393624,238.29920251719116,194.50221035794553,224.9871458463117,212.4776743477594,260.1558094741389,150.17517624439236,57.696096630739,0.0,1.3691782184723358,0.13940562503429113,1,-0.01625071839314156,0.4085355160395843,277.2998132661667
2026-02-09,231.7402268772375,238.67202727521146,194.1213517939537,224.95455879838514,212.48391259714572,259.71936572526164,149.7393719290751,57.60047837604196,0.0,1.2657644104954193,0.03864349090585899,1,-0.01609567035683648,0.3635740181286608,281.4844963828556
2026-02-10,232.70247315687965,240.50187469870903,193.2736537311846,225.8395120643776,213.3407567868365,258.7479486287069,146.97927793206594,55.73074465519231,0.0,1.4414910526000804,0.05827241399742341,2,-0.03574860677544127,0.321529709219383,284.8434722102275
2026-02-11,269.0318455004722,277.7399777267946,193.2736537311846,261.0428295957233,245.58323604667356,258.7479486287069,143.25785088656284,57.3313305656265,0.0,0.9057984427466753,-0.17166942500849403,6,-0.0811710383858038,0.8315806913668649,317.0119100395562
2026-02-12,262.4718478232077,270.9541529574514,193.2666537311846,254.6367089696777,236.65103663893044,258.7409486287069,141.51676992095722,57.76652076214497,0.0,0.8524744596248279,-0.11878788150436073,3,-0.03341289901598946,0.43587657747496644,310.23428174318565
2026-02-13,260.1102102055004,268.5220900169054,193.4219713060364,252.32918600098583,235.4020730301964,258.89626620355875,147.02414014099568,59.70893589804662,0.0,0.7989539725849089,-0.03973248888077173,1,-0.016332089837329002,0.14260265991139479,306.5534204518948
2026-02-14,263.0169491212617,271.529788778604,193.5091090949421,255.09981957666824,237.67348486054684,258.98340399246445,149.0963469344159,63.60942418574124,0.0,0.7930155324355505,0.0007090800137199938,4,-0.05101248485698447,0.20275456258168909,301.8168455847589
2026-02-15,260.23463871654127,268.6643651440798,193.1283965007318,252.366938182388,235.38574991255288,258.60269139825414,146.972869045076,60.642999504669945,0.0,0.8178082633441325,0.029058784127588246,3,-0.024951692011376786,0.19518727383317652,298.41390847282963
2026-02-16,258.8611153629463,267.19101744573413,193.1283965007318,251.03004521804786,233.8853580986643,258.60269139825414,147.126682332835,61.160492112373376,0.0,0.7356984441800606,0.04031202782990326,2,-0.0170174999562853,0.04030608223474168,296.589065918391
2026-02-17,257.7367365703632,266.05233368295956,193.1283965007318,249.83881246394705,233.25856851335632,258.60269139825414,144.15723136082048,59.97755274812292,0.0,0.7328998780028169,0.03218764470209807,4,-0.0364658572223977,0.08826048585584188,296.2301631090264
2026-02-18,255.5479838707402,263.7895210541148,193.1283965007318,246.84836465663778,230.64345136756495,258.60269139825414,141.9269386883146,57.80715365634773,0.0,0.5974187630704906,0.016557816948051182,2,-0.021015868863655342,0.092424480562943,293.01506346802984
2026-02-19,255.12043898789514,263.35241407348235,193.1283965007318,246.64779143616414,230.27637827410004,258.60269139825414,143.0912198248239,57.693214673889095,0.0,0.6174405600435726,-0.004839746900883201,2,-0.020774375131204323,0.030070218029446868,292.8916496864272
2026-02-20,252.92579214875002,261.09222379352025,193.1283965007318,244.64560491833464,228.86299043902397,258.60269139825414,145.22537919248037,59.1900176664415,0.0,0.6960164843317576,-0.05677678449067289,5,-0.04854831908424335,0.04465782946761487,289.8864677224633
2026-02-21,252.13908097617707,260.28063069704547,193.1283965007318,243.88877956530902,228.6509645450376,258.60269139825414,145.129245887631,59.118567847323376,0.0,0.652114511068222,-0.10094249314822355,3,-0.03103225737629379,0.0436185882605919,289.27878200589305
2026-02-22,251.8210903187923,259.9438841345287,193.1283965007318,243.1458098905685,228.3442665004893,258.60269139825414,144.4178594317455,57.49729918778604,0.0,0.6346511037187381,-0.1026586564910163,0,-0.0,0.08207669700820126,288.84945252578234
2026-02-23,254.43276919961522,262.6212010883017,193.1283965007318,244.62168159958873,229.76791828188036,258.60269139825414,138.07092501602236,54.36494712039212,0.0,0.6616974673164857,-0.018708826917475187,3,-0.027175524955434304,0.007100200908566879,289.07624557860936
2026-02-24,255.40177341405115,263.6197852071348,193.1283965007318,245.5452811265418,230.89167225259442,258.60269139825414,136.75496688741737,54.28466058127851,0.0,0.7569306200434136,-0.014853529373881163,2,-0.01724924752880561,0.019732564422174928,291.2557215723223
2026-02-25,249.53058140884661,257.5652904714312,193.1283965007318,239.7513733255905,227.309405501629,258.60269139825414,145.1484725486009,59.1976000938511,0.0,0.7039315596582136,0.031720107527930363,10,-0.09502757177970486,0.020012511120776393,288.3446274851667
2026-02-26,247.44008016632677,255.4068348935382,193.1283965007318,237.69371972735237,227.1507561040472,258.60269139825414,144.09955137791087,58.04521506813403,0.0,0.6751310673553729,-0.09595777241906092,4,-0.03559905133041411,0.02017771405356161,286.73720825452415
2026-02-27,247.69866654703011,255.67387013838305,193.1283965007318,237.92713333443376,226.36248892281458,258.60269139825414,140.64729758598605,56.16112285162945,0.0,0.5464596497924894,-0.10689935038844323,2,-0.018097226665304045,0.014281270022911631,287.5229382101592
2026-02-28,247.06995067271205,255.03732905845274,193.11898471218717,237.2638098193346,226.48374422184588,258.5900888297422,142.9844050416579,57.844448853410555,0.0,0.7618388619454721,0.017470829039016898,5,-0.05440084623706751,-0.009864622340547505,288.3105886942553
2026-03-01,247.74644460354648,255.54667741570026,193.26204586731248,237.8676543152678,226.51099866902854,258.7816505079846,140.4272591326641,56.73348447131378,0.0,0.7050239593603317,0.06290711019382333,5,-0.04258848046182896,0.0005307076343269252,289.55958577188704
2026-03-02,249.2565904443482,256.3805859819452,193.8100755337451,239.28265251656282,225.97247671706322,259.5154729249538,146.92159794915628,58.93106345026005,0.0,0.6874340963201898,-0.06724233263422048,3,-0.023701357810134157,0.020372069439682006,290.9899239526532
2026-03-03,245.653855586477,253.52687266724396,193.15536196971618,235.79475897081994,221.44886505586732,258.6387986873971,145.9068575090794,57.3533457377832,0.0,0.6658011245474058,-0.07113159108284677,2,-0.0179799865383294,0.06273397792851819,285.8119732811764
2026-03-04,242.63433023734726,249.91486398891092,193.53351400709374,232.85575116516074,218.56581067623455,259.14515164426643,155.16556291390745,60.072054669218076,0.0,0.6906940970338425,0.0024027558693571487,3,-0.027961839621536172,0.0896190866430884,283.1817263038517
2026-03-05,242.51372678069413,250.80019066028242,192.82569412848906,232.73165440465635,218.79813873953722,258.1973670152377,151.3095492416152,58.66892165233545,0.0,0.5944918549558388,-0.07144359040122676,1,-0.012377591584909746,0.11854286608381896,283.33121521378786
2026-03-06,243.49270984153193,251.75233831179648,193.03202693384603,233.65300963035105,219.94398090690308,258.47365066775,145.44328135013902,56.488207133886995,0.0,0.7004748168474977,0.05993871673780414,2,-0.021697665146402728,0.0766532951384133,284.844157085816
2026-03-07,244.78828167133497,253.49157344730654,192.71992243212046,234.90464119532425,221.51842492936146,258.05573664989384,143.62315744499054,55.95158195244417,0.0,0.6862794145641842,0.0649227122495445,0,-0.0,-0.0021067802935788513,287.0556341825692
2026-03-08,244.83939726623905,253.4086245339137,192.87974724511315,234.9126752122185,221.67041633540745,258.2697451931273,140.85238196966478,55.25847926597209,0.0,0.6718400731577353,0.04316229800601305,4,-0.038097114381838396,0.016980637912072237,286.89311090762044
2026-03-09,248.300158917871,254.96644536344368,194.57980679875502,238.2229529663521,224.64912256545702,260.5461581084462,146.0991241187782,56.913608131232486,0.0,0.641715275544208,0.10522536243711407,1,-0.008461107432690103,-0.003124095428924582,289.97862678730144
2026-03-10,247.7287231823713,254.62152873809313,194.22283270529542,237.65185844516975,223.9556355320594,260.0681628317249,149.3227942747278,58.55143947510082,0.0,0.6556049029695753,0.1977171175678734,2,-0.016383893195060922,-0.00222500613679724,289.1293322848938
2026-03-11,250.94662596106625,256.90252839869555,195.7412262537567,240.72883077765584,226.9597405960651,262.1013214212871,149.8290963469346,59.46820209006211,0.0,0.7253417379876748,0.14337017429967083,1,-0.011351344048137472,0.014995922125241125,293.5293505611384
2026-03-12,254.08806013653063,259.60922018391375,196.52868195205488,243.74239034885633,230.0152156095354,263.1557399668065,150.60884426404633,60.715443339197286,0.0,0.7349779299652783,0.1538700071004292,0,-0.0,0.023164062074502126,297.6433718818452
2026-03-13,252.63591320733207,258.53393836801285,195.92168458571865,242.3189270052689,228.57800346442858,262.34295864903896,151.46549882503757,61.33868652953439,0.0,0.7028466251694614,0.004940618702714144,3,-0.02544581489214292,0.0704886536336835,295.91289720038753
2026-03-14,255.14717777515577,260.43472999319397,196.93447155645913,244.70702582768627,230.72165462550095,263.69910016521203,152.06152531510378,62.04660002735592,0.0,0.7077765011981749,0.12122985693836935,2,-0.019045454251409882,0.054823667662099604,298.66905310522344
2026-03-15,255.8543528733001,261.4646314884622,196.5108953979816,245.3543191865563,231.25266762392044,263.13429656042615,155.4753257850888,63.49378880622536,0.0,0.7719191434520181,0.065066948369144,3,-0.024425475686174147,0.12185777077906353,298.9232100797922
2026-03-16,251.18938346707904,254.59135319679925,199.4197626162866,240.80289521185435,228.50141975489694,266.93741202425264,159.91027558214074,67.65592461461739,0.0,0.9845542546629145,0.2425342873350092,5,-0.05243771767073437,0.04817393239645803,292.8749721045284
2026-03-17,252.46347529678025,256.20072328799984,199.2123154564704,241.98982830941046,230.44532082882827,266.82410742336253,157.79534287545414,65.95477929273645,0.0,0.8294151109992837,0.11603038180239879,3,-0.023051678827965473,-0.005221570244767305,293.51057235807104
2026-03-18,253.31651317086818,257.4824285348788,199.88826444831005,242.7753930758552,229.3583080668393,266.84280201422433,152.13202307199333,63.71855309515091,0.0,0.8149033736545926,0.1321325798305559,2,-0.015999120168816654,-0.022932996721120678,294.11949543149683
2026-03-19,251.4941760097126,257.3005594892905,197.8304442535012,241.02704271054367,228.05880770100686,264.0793979104295,149.3676564836575,61.815447299685175,0.0,0.7946524367680227,0.1259130619111542,0,-0.0,-0.017374516413437138,291.8602685605653
2026-03-20,249.40885331039271,255.02336951795135,197.96247721913215,239.00301136189648,226.23128324615757,264.20489853865234,150.5533005768,61.65654096385963,0.0,0.7891189494083246,0.13030678168418103,2,-0.02004779870037944,-0.023004182088136524,291.546889139418
2026-03-21,248.78936963136542,254.86241400244378,197.661217715867,238.39877446330948,225.75175532353086,263.91854386399064,147.13522751548834,60.314218796833906,0.0,0.7199526200516099,0.18060637592035858,1,-0.009123540849967,-0.010011770722347768,291.06311165039347
2026-03-22,248.06300661993498,254.64409981323976,197.0612530606326,237.6714896669989,225.1645622721,263.3556977926481,144.9070711386458,59.414915220229666,0.0,0.7657658695672132,0.21086914202737467,3,-0.027169307864589324,-0.011875316882689287,290.6257073254739
2026-03-23,249.25026436514054,255.9762347242133,196.61053061266605,238.82129998052642,226.37204860598675,262.6504974056466,151.3779107028415,61.80482469568339,0.0,0.7466113805275524,0.17328838585830453,1,-0.007229743523855085,-0.01706015726351292,290.236077233866
2026-03-24,254.80288091664468,260.17900441365686,197.93451653720078,245.58895831475007,232.78286865498066,264.72200591510455,150.7220679342023,63.16142529973722,0.0,0.6808343838231193,0.11593541506528392,1,-0.013465554562268516,-0.018926183770479922,296.2819083040308
2026-03-25,253.93106119776346,259.28330075388146,197.93221892945456,244.7198593080275,232.15582750878684,264.71841107779585,152.32428968169214,63.69825992259478,0.0,0.6710597038444795,0.022791796515644037,4,-0.03952924056016391,0.035882397072264184,295.62010959843155
2026-03-26,254.66587688205857,260.63953161495016,197.39783792467654,245.41863129734207,231.9575948916299,263.8823185044708,146.98995941038257,60.89289621480195,0.0,0.6430777168623818,0.02575003566048693,0,-0.0,-0.03529465110609825,296.3332689128677
2026-03-27,254.1486152083048,260.359950205372,197.17022576571142,244.8818986779739,231.45976905753477,263.5261964978732,141.84148686178185,58.41001209689948,0.0,0.6215477708289174,0.021186001332219116,2,-0.01771937793222629,-0.028061426212154468,295.9339664080925
2026-03-28,255.51691910290015,261.37090362743913,197.5221440909499,246.1940362290579,232.76938451403433,264.0768079446088,141.7496261482591,58.14695486226725,0.0,0.6170237062452447,0.026539610604614954,0,-0.0,-0.02862274090170808,297.49492833399745
2026-03-29,254.93697974790416,261.61205613177316,196.7750638593862,245.63841808681406,232.16434279359345,262.90018344226723,140.93142490920764,57.48580590047395,0.0,0.6072950384472636,0.024443132761785655,0,-0.0,-0.030078260980789757,296.88053537521995
2026-03-30,253.50872744904004,260.64808609705204,196.3172608007162,244.2475497933329,230.90267216583618,262.4809505927792,142.63191625721018,58.063882642871675,0.0,0.5418926547302078,-0.050139602539314196,1,-0.012279107053909841,-0.015269420986829662,294.3815753592789
2026-03-31,252.7331086363485,259.8558870512946,196.3172608007162,243.47297525741143,230.14479913039915,262.4809505927792,145.78936124759687,59.10168349258827,0.0,0.563886189349953,-0.039493394685160915,2,-0.0194722029344211,-0.020730282147735472,293.5393131701094
2026-04-01,253.23784932890885,260.38513393366793,196.3172608007162,243.9152601011729,230.87762306277952,262.4809505927792,145.44755394146569,59.71206184750968,0.0,0.5808368745028907,-0.10798986172845945,4,-0.040021147586992475,-0.02895631654712195,294.0596816682941
2026-04-02,257.82412585058904,265.08933965855044,196.3172608007162,248.3181024989688,231.6268903403264,262.4809505927792,142.84554582354215,58.39806452206749,0.0,0.566107940493183,-0.08819203032783002,0,-0.0,-0.02281068549970145,298.15890564310547
2026-04-03,256.31149081634373,263.5539868455953,196.30712916202955,246.84877514176358,230.41754177035693,262.4674043455328,143.00790429395448,58.94162603001934,0.0,0.6725170783240056,0.00973239159352926,1,-0.01869077661690529,-0.025391729713914794,296.5564967794474
2026-04-04,255.7204722058463,263.6544050312473,195.93642320121936,246.26981477231035,230.38988209693906,261.9717614632564,143.69579149754347,59.50333815027614,0.0,0.7377641249802587,0.06831576149246037,1,-0.010868416285711701,-0.029056204031558838,296.6076741908961
2026-04-05,257.89804537377927,265.0886098431229,196.36584113756902,248.35783789374682,232.41619606047385,262.53890368424567,147.37876522110682,60.204153184054185,0.0,0.7820209468192698,0.11509623744921901,1,-0.007,-0.02878271214305798,298.33358924623803
2026-04-06,257.54734012320785,264.6396105940278,196.49935160584138,247.98998301148995,232.26671269259052,262.5577640895288,147.01559495834246,59.283712689852145,0.0,0.7167835733559071,-0.023037419235282398,3,-0.024712964954298533,-0.013907219234896568,298.42076948864985
2026-04-07,256.3343532042505,261.5142141460178,197.49470031995796,246.682603482891,234.1026799740697,263.8886237515371,153.64024781029718,63.711749350185286,0.0,0.9900565663624363,0.4192939161422968,5,-0.08016557398825591,-0.023233634480850387,299.8671523166056
2026-04-08,254.61944704349082,261.5997081229686,195.96388539290234,245.013352804324,234.70966105199204,261.8333244813496,151.7538987395858,61.721288721364154,0.0,0.8964665192587986,0.3419441804631965,5,-0.04955541630385441,-0.030813012348913107,298.7873473892904
2026-04-09,252.27163065714385,260.35639428776875,194.70742818304748,242.54143610411063,234.025569703148,260.1568009257144,153.2963042085027,61.72664902795903,0.0,0.9672866437012109,0.3956294502906992,6,-0.0751064487538918,-0.039298760825034224,297.1936429479767
2026-04-10,254.491568905908,262.28619940183296,194.8423424430604,245.19276194106803,232.2535371703214,259.97579098849894,155.79149754326025,62.37626314182505,0.0,0.9347381513706388,0.4545460195829544,3,-0.02813234164708503,-0.05973985794764902,302.2783975341643
2026-04-11,258.3857154515767,265.1607596126865,195.86472047389753,248.885825172128,236.79679835957168,261.36943884028227,155.9816278572957,63.7323902629584,0.0,0.9539105907948472,0.4475525189812099,2,-0.019106708015375194,-0.13205030013325533,305.24699399054145
2026-04-12,252.59329657881983,262.59597408866296,192.92274376793085,243.3095211205411,230.863969399021,257.3714429154059,151.04678487502693,60.94585744611906,0.0,0.9872486812191578,0.12801065778786513,6,-0.0543725125775798,-0.10652055689517992,298.26061545696865
2026-04-13,258.0999562610857,263.5187282592147,196.4126509159573,248.43054638085886,241.13309071722583,262.0281968176138,158.91262550737048,65.22473960547767,0.0,1.3194825889783073,0.42493485522909247,4,-0.08453883254012494,-0.11791983689651454,305.1200054298903
2026-04-14,258.18101531026514,265.3945173588642,194.95956773265027,248.5028412242586,239.935143930656,260.08945771295237,158.29523606067104,62.97616702075861,0.0,1.2935680346500429,0.42070069614997496,2,-0.03360437957380411,-0.03856715901239474,303.423437998304
2026-04-15,257.89319298633444,262.80629708349386,196.81677663609798,248.21227849615997,238.8245497678831,262.5674130284861,159.73937192907522,64.43779968811697,0.0,1.4525196188144127,0.28300822576931906,2,-0.024723232171831918,0.04903569431289207,302.70405956694424
2026-04-16,250.46885289471012,256.9236983477211,196.03210228783544,240.95926286920002,234.13388539297392,261.521588469288,160.49989318521708,67.31911590860229,0.0,1.586339073268039,0.4256512681693142,4,-0.05247856525299358,0.06040308517112576,293.3657543416249
2026-04-17,254.4670605339025,257.71593514123134,198.4553670490037,244.75860409754767,237.72041047702933,264.76106066242096,164.53962828455485,67.06256934941732,0.0,1.2731526425564863,0.5656898145414018,7,-0.10085070698843433,0.025235311784283634,297.3721507920275
2026-04-18,253.89623603266162,260.30936689323204,195.9402008136658,244.18599366937363,235.1265930138843,261.4501450785785,161.59367656483684,63.52717747463473,0.0,1.2588367461360548,0.4351670319445952,2,-0.023043456818674604,-0.004852247019011893,295.7917369033492
2026-04-19,250.6160426721603,262.96431638782616,190.9405177750296,240.97460375172878,230.10209124705713,255.1619537134851,157.5325785088659,61.163132144601285,0.0,0.9499035291436003,0.28262667457824964,3,-0.04744817576447289,-0.012307571093834783,290.315224383067
2026-04-20,251.5831135193712,263.1074789395738,191.23306912332887,241.88437502081365,231.7696115475531,255.55289078130446,161.935483870968,62.644824382671,0.0,1.0417129386268615,0.3639142638258168,1,-0.013769199769893917,-0.07277937847196607,291.91992657817275
2026-04-21,249.53968253940184,261.5191909905349,191.05867629666403,239.81698724136237,230.0521041877619,255.31285791819073,162.97372356334145,62.505927157410056,0.0,1.1157010037332982,0.35956225120239366,7,-0.1100871878967237,-0.07216489767953603,289.2208449889382
2026-04-22,251.64720012043475,261.99270908252305,192.6039824342836,241.84158013747373,231.65072161203508,257.35974677229717,166.92373424481977,62.62912858321591,0.0,1.2131676819168629,0.4635331937278634,1,-0.01734685048773781,-0.015700932298700686,291.6123667461402
2026-04-23,250.71262713182938,260.44152785273855,192.28105613509462,240.09479067463454,230.42949797854047,257.763495760151,167.11386455885525,63.04790931810578,0.0,1.3952603072245753,0.4758971511070104,2,-0.030256157218892146,-0.025980767925283452,290.0695346569901
2026-04-24,252.7359937146741,262.87546076836423,192.2642200894904,242.01969675060099,230.58531140226748,257.6257885499556,165.35355693227973,63.01101299884788,0.0,1.3125805418927214,0.4110410314805855,1,-0.012235796846030367,-0.015545950511302992,292.647698712597
2026-04-25,254.64510845382003,264.8716947272403,192.4709898366805,243.83233087290157,232.16647031874123,257.8979667710337,165.7380901516773,62.778334561000214,0.0,1.3018351073369037,0.5180044374825029,3,-0.03257955572828348,-0.03561507795431361,295.36640038673124
2026-04-26,256.37262647344113,264.6603957048388,193.3732299213164,245.64500443737484,232.97185079069612,259.1308674820775,167.94488357188666,63.75031364773047,0.0,1.4358464811257532,0.5632191670393143,2,-0.022545141173278948,-0.0004648443260384348,297.42101000950987
2026-04-27,253.4637473441781,264.1042131650508,191.52457033954335,242.86659824560107,229.93793640972285,256.91893435300454,165.1783806878875,62.477630720531664,0.0,1.314662143646048,0.44888323537437486,3,-0.04935741741604406,-0.038289811625364115,293.9764471695189
2026-04-28,248.9956164521982,262.1841605802597,189.52943118221427,238.53305158152077,225.82091219685668,253.79878503711834,162.99295022431133,61.999783188723626,0.0,1.151368302705744,0.2369021215018675,4,-0.06470927836376225,-0.058053578152748045,288.8325380339748
2026-04-29,249.58809861261847,263.6377897362617,189.05550014443165,239.00207242080654,227.2949595103763,253.20400673689556,161.77526169621902,60.83240228378126,0.0,1.1012671794556317,0.19739771582219157,5,-0.07096018717375736,-0.052438072243907285,289.2771021439067
2026-04-30,254.26822664336868,267.2831085312535,189.23600691754214,243.52059929214326,231.40595436061926,254.19646896997946,162.9993591113013,60.9095815026526,0.0,1.089879568223868,0.21221086065797634,0,-0.0,-0.01023062068165034,294.23819336040486
2026-05-01,261.2927698288247,272.39758278105586,191.3484488462512,250.22229441410846,237.87293575583686,256.0818350405208,167.03482161931237,62.481022351660975,0.0,1.4451243321444747,0.43513659723814846,4,-0.06610700277631495,-0.007253308068328283,302.73715065981014
2026-05-02,261.5443375291265,271.99310996783333,191.82916411641682,250.43283425978603,237.77307909212442,256.7424818551134,168.02179021576615,63.05098583783448,1.0,1.4148813795578712,0.39721139880366085,1,-0.007064975813831874,-0.024535327948429483,303.079529552529
2026-05-03,265.6792290158611,275.1573275607196,192.9371357423384,254.4140799237506,241.5627483609805,260.6283519341873,167.7697073274944,62.82912762744287,0.0,1.434720015757127,0.44441329931692997,1,-0.007,-0.04109908106129529,307.8920492324318
2026-05-04,268.04829625797197,275.86117179964225,194.42827988174156,256.6270937372533,243.47222883534656,262.7121090917432,170.48280281991055,63.213810355213575,1.0,1.4800537529714517,0.49307842065517166,1,-0.00818119666740202,-0.0327756019207103,310.2455311443621
2026-05-05,282.89959355645817,285.23202823101536,199.9320787155941,270.7938356505941,256.6297459189928,276.8589591447428,172.7451399273662,66.50450778023463,1.0,1.6371090207838463,0.6837793051590967,3,-0.05923631455360752,-0.04039235962492305,327.8925870776261
2026-05-06,284.0525007375465,285.102022716889,201.25755138699068,271.7513235600715,256.17580306318354,277.37486902530577,173.8966032898956,69.82301969980918,1.0,1.5873387097623028,0.7815936706049955,5,-0.08250306423017922,-0.06487996746908123,329.2550654154793
2026-05-07,283.0249987955475,285.7914086219609,199.7936357718725,270.65560511721554,255.25747852836304,275.55883256674434,170.88656270027798,69.65602709645697,1.0,1.607358205273728,0.613997285215062,6,-0.09725879163835754,-0.11041794899649712,327.9906933629158
2026-05-08,283.93831455324107,282.34148559945976,202.9806529933871,271.46253443983915,255.8818875073397,275.7521252944447,171.22837000640914,72.49924258677821,1.0,1.5863498476374296,0.8113501673580403,2,-0.03886380736364872,-0.12491375339997919,329.2390027700076
2026-05-09,285.56641386874355,284.6710898281244,202.42645880667888,272.95801011482894,257.8066845255132,277.8353679279581,172.2281563768428,72.73997105346632,1.0,1.600902963732356,1.0090645416774804,4,-0.060421201959545354,-0.09398879513690978,331.0911788080085
2026-05-10,284.9448199417056,279.6732541706076,205.0246118458985,272.2928656056171,252.06496787155788,278.54267599260004,175.5265968810086,74.90559187683775,1.0,1.7890233330926735,1.1714409555939516,2,-0.06440130234412743,-0.08806298060283071,330.63243584864574
2026-05-11,282.5473306747624,282.52843693879674,201.32656389514494,269.9258989963702,250.32745860618562,276.2619341603229,174.54176458021817,73.88425804528266,1.0,1.6282183904560135,1.01532657742156,4,-0.06823443695692955,-0.10226943176887687,327.75400628334665
2026-05-12,276.10080889959914,282.3561378812764,195.26674548817888,263.6764746595476,242.55729706633562,267.89282043220356,171.88421277504835,70.93270783301841,1.0,1.498050386380347,0.5830319170997625,3,-0.08371378030818724,-0.05169243276106285,320.3397522019329
2026-05-13,263.6186541064762,275.86179012314295,190.91555422182043,251.63884179709942,227.9967729470229,255.71002857767678,169.37192907498425,68.36179354341168,1.0,1.3950214736798214,0.41505740481812353,5,-0.08070361443481677,-0.044637664006816624,306.381692447698
2026-05-14,264.17900190353066,272.74441326021116,192.8923298151319,252.0871849905262,229.0099150417045,255.95639849641032,173.13394573809043,69.94602257793792,1.0,1.3344159535791145,0.7217325573755325,4,-0.08343624506809827,-0.009188905936249596,307.1125935183793
2026-05-15,256.6289281160375,270.99179890974375,189.8964068021436,244.7737430046644,224.04580040093396,249.3890651819541,168.9019440290539,66.50201694801028,1.0,1.4555668690109478,0.5516493589902234,6,-0.08365703360100038,-0.020771503522156322,298.68027011460305
2026-05-16,252.05758264179235,269.77172593579786,187.43725973906223,240.36436442768945,220.44849061543462,245.13208260698173,166.85323648793022,64.462068323289,1.0,1.2095840218047342,0.31350711610067566,2,-0.04062840227410259,-0.023953881036290817,293.53495253892515
2026-05-17,258.9114494292266,274.7229551814918,189.01138567156391,246.8719771360799,228.5122238995079,251.92613116096925,165.415509506516,64.31922885429118,1.0,1.1430560070351028,0.4425289702340267,3,-0.03867246724630649,-0.05796971482703432,301.3145403244609
2026-05-18,265.954222977309,279.3358763524494,190.9269822269998,253.57170839506855,234.2241849703431,258.77152631481306,164.46058534501205,65.24335229730455,1.0,1.1353121562394113,0.38754956924269174,4,-0.03817740506182081,-0.03077470374956882,309.3826919645776
2026-05-19,269.27788959693913,283.4881079897448,191.26688698891573,257.57720747163245,238.05626106007892,262.0618477439514,164.0803247169411,64.74100361619453,1.0,1.0854806111743016,0.2735765599732918,5,-0.07400325818090137,-0.009602692102352395,314.6169106066404
2026-05-20,282.55427209947106,290.6394754609618,197.98985570280178,270.254053476112,248.0312827541525,274.97786027501934,165.6334116641746,67.42806552051259,1.0,1.2507905944945021,0.23100782598123176,4,-0.04370103759019593,0.013630371307838576,329.93973775982573
2026-05-21,287.7093133982626,294.9145408234601,199.48957011096678,274.71527007846043,253.1593209216032,279.99652319497835,165.74877162999388,69.77009914069518,1.0,1.1629957396440105,0.19602693802592772,4,-0.0489107311558782,-0.01537427929989945,336.7146209695882
2026-05-22,284.8678007563402,297.43173955765127,195.62855126171902,271.86199392373857,248.79125175791756,277.22071102711146,161.29032258064547,66.12675960579939,1.0,1.075463236171292,0.15379264516233931,1,-0.0068164523493222245,0.01571788707423082,334.5671201917209
2026-05-23,297.77025407094226,306.9335728357031,198.53962579358077,284.12568786844196,260.11618940960614,289.7680423814993,163.87951292458908,68.70512895090529,1.0,1.0507633012637003,0.15450720200300783,1,-0.007511898587692947,-0.01839467984475943,349.2924840745045
2026-05-24,305.8675398392757,312.3351912012284,201.06234321978675,291.73720950538325,267.0992988619454,297.64086844896525,164.52681051057496,68.4491746480034,1.0,1.068562636384067,0.20963910944984407,1,-0.007,-0.009864096960944972,358.8982197388433
2026-05-25,302.76110921008274,310.26746997922487,200.11287717855475,288.87551392372006,265.9005232176184,294.6212144309058,165.09720145268133,69.18051410353353,1.0,0.8840070420762883,0.25825100976192616,3,-0.04183898118636739,0.009673767682344592,355.29752627231846
2026-05-26,293.90474885402506,304.59730719637463,197.37347087677384,280.37497668960964,258.0972110706188,286.0049570552429,162.13202307199344,67.67964732180558,1.0,0.9022469008170149,0.27115071216627007,2,-0.021040366746371837,0.009339121562320139,345.1603719622186
2026-05-27,288.8253111500322,301.22763521716064,196.5038862576508,275.5023436823084,255.1471383216645,281.0639332515136,158.98312326426003,65.61662479005932,1.0,0.8402320966663694,0.21186994176916324,1,-0.00938571167066584,0.02086858415506964,339.35815025873865
2026-05-28,289.25107561901893,299.5383272950704,197.49808297353476,275.86034643340815,255.53197702462967,281.4777962906857,157.20358897671466,63.98538510941911,1.0,0.8298008884940943,0.21300704056512662,0,-0.0,0.006650725917627916,339.82714259918856
2026-05-29,290.05817684685286,298.8288177884308,198.23322705814584,276.60858127434716,256.3993343550611,282.2629458129776,156.87032685323678,63.515421518993485,1.0,0.822172436332971,0.22494833483528215,2,-0.02275932955773136,0.0066346385357156385,340.79839003116246
2026-05-30,297.1818998303972,303.9328492028323,199.22338660198295,283.25300942087534,262.72432965288664,289.19485425992696,157.77184362315774,65.11026375197387,1.0,0.8858480197176619,0.30051281517666617,1,-0.011846071520697811,-0.00033708017769409557,349.0189752382614
2026-05-31,304.4253466885992,309.1748427591827,200.1743593869768,289.9810870462734,269.15164157541204,296.2428134682394,157.3552659688104,65.94876487523035,1.0,0.8314583938993884,0.26039284966520004,1,-0.012142660268776998,-0.054282205331708744,357.5359272869693
2026-06-01,313.4587064573529,317.6890126735251,200.54689407690051,298.59355908282146,276.9021532702432,305.0332807373075,152.55500961333078,66.8671214238723,1.0,0.9028327584335183,0.20512462057807257,1,-0.016878956597673463,-0.09047110857925342,368.7492979311066
2026-06-02,318.1791199316332,324.79070028045606,199.56937439698544,304.0022111289184,280.3026514151486,309.4806296625476,142.5592822046574,63.06656551769934,0.0,0.8430717731917955,0.217196918629249,0,-0.0,-0.08901271807876762,375.7054096544675
2026-06-03,334.49669211984303,338.8687282857777,200.94727933239332,319.3020919414499,295.2004511011598,311.94316117740954,136.97500534073941,65.42791623566372,0.0,0.9273289716504112,0.1963111399598398,5,-0.051968917680720574,-0.12010866050059811,395.52810477144
2026-06-04,308.8178636276688,322.9669670079179,195.68905759548275,296.1545474886649,277.48486863712714,301.2596174138952,136.4131595812863,59.79464616421444,0.0,0.67117688856958,0.020298668928485617,4,-0.04704787495423041,-0.066974169363378,370.71117299549786
2026-06-05,311.93761395596835,326.76759120743316,194.4901811703726,300.2714054330553,279.4052541723513,300.3123179866676,130.3845332193978,54.862325267005666,0.0,0.5177964380493106,0.028120321403778736,2,-0.0212792222684042,-0.02502989526537079,374.193085622477
2026-06-06,303.7007227491192,318.76805921821614,194.4901811703726,290.4775460185001,271.4145996285655,300.3123179866676,130.01709036530679,53.26540333448904,0.0,0.5000113407419585,0.001759762613349835,0,-0.0,0.00045357797932917,361.606903428267
2026-06-07,305.0395281047595,319.697353382828,194.4901811703726,292.12958993229427,271.28332760560596,300.3123179866676,135.2467421491137,57.076456234423986,0.0,0.5338165668200902,0.0061526106933531485,0,-0.0,-0.00354292933122973,364.2403611758502
2026-06-08,308.251221095454,322.5139289463225,194.4831811703726,295.55475430152256,273.4919838361382,300.3053179866676,134.7105319376204,57.95592354839146,0.0,0.5958840730639756,0.07143071638678583,1,-0.011829913778408661,-0.01841635666601395,367.9971810750018
2026-06-09,305.71591089951767,320.76855988878435,193.52213614506078,293.3258412027653,272.6018529702701,299.3442729613558,131.79876094851554,56.19334397066511,0.0,0.5437495624430416,0.025663651521860852,1,-0.008163835081185102,-0.016948957469025104,366.0777828138407
2026-06-10,299.1021566832307,313.665104043279,193.52213614506078,287.79372481125364,267.4115339685637,299.3442729613558,131.34159367656508,53.039971316470194,0.0,0.522958356972864,0.007453122505081371,2,-0.021566971176246973,0.0072185663964887395,358.17829759258285
2026-06-11,302.4096460740659,317.61525053463583,193.52213614506078,290.53092364600843,270.5796021417663,299.3442729613558,135.91326639606947,56.77912034465026,0.0,0.5498740075930092,0.018213811018581036,0,-0.0,0.028702262340356083,364.52969934531694
2026-06-12,300.0754931009955,315.2098043833036,193.52213614506078,288.22454846869374,268.47856515515235,299.3442729613558,135.7850886562703,56.45364541714352,0.0,0.5899551418838801,0.054642787970836215,1,-0.009254552673488648,0.006961712185497499,360.45996218881777
2026-06-13,303.16355380557746,318.5763721721616,193.52213614506078,290.8674983815444,270.2876146441831,299.3442729613558,137.63512070070522,59.22982475544751,0.0,0.6355333079809299,0.007578637191564033,3,-0.030698166370928617,0.009514991079172457,362.9195801531053
2026-06-14,303.31589612652493,319.0128161512506,193.51513614506078,290.51318740710815,270.337106974233,299.3372729613558,140.39735099337773,61.06402822274902,0.0,0.653805110781466,0.011511877755494572,2,-0.01943404223138609,-0.00843966988502291,363.0122944366906
2026-06-15,305.93952526775996,321.49341914661625,193.97611674608243,292.93698110853137,272.55475318721784,299.79825356237745,141.62358470412332,62.67272596061994,0.0,0.6587230132797938,0.03046665289588916,2,-0.02128094415398766,-0.030042492956555145,365.2382074387833
2026-06-16,309.4661198158242,324.6375662681965,195.01544205893248,296.18970133132945,277.15538328772146,300.8270607450296,140.22431104464883,63.50011783742805,0.0,0.6866727442029661,0.05445536585946554,4,-0.043248080520688965,-0.030901980353583623,369.97827195508296
2026-06-17,311.55073859834556,327.8600859412887,194.63085932849765,298.3669315325419,279.32736574336997,299.94044353128413,137.726981414228,63.686262445692954,0.0,0.6656533766649889,0.05307038936713048,2,-0.02490633924323977,-0.023463946551769005,372.8027084823862
2026-06-18,310.39289965476854,327.80482145168105,194.1856364397124,297.4959607560578,277.9860609374132,298.9140264669917,134.44776757103207,61.39771955331882,0.0,0.6430311965115746,0.0496785958868476,0,-0.0,-0.043603366641815966,370.0655471819474
2026-06-19,310.26909602337645,326.90430793912526,194.4814356237956,297.3153625786197,277.9050624032238,299.59596204980767,135.6804101687676,60.75867675566688,0.0,0.6398610198779298,0.04927851740573213,0,-0.0,0.006478747855285263,370.890487728245
2026-06-20,308.1911523237737,324.5274273411719,194.55307203009693,295.20426892860905,276.1524101749427,299.7611126557275,137.31254005554393,60.89439022587769,0.0,0.657835752912255,0.05771371311906933,2,-0.01961944767373806,-0.0003699417789144034,368.77763387058457
2026-06-21,304.68744767503046,322.4109741966909,193.95153460900724,291.9902710925821,273.90416938561555,298.37432799265343,135.16342661824422,59.41436968567763,0.0,0.5945709044964306,-0.0024061019168408315,1,-0.01051887434046085,-0.0001843149803783372,365.3431794941092
2026-06-22,301.89050688907207,319.72586742858283,193.84837581548985,289.1627198503557,271.78819899399826,298.1365056599181,136.74855800042752,59.78667410775883,0.0,0.6085825319259477,0.08598581415373009,2,-0.02063021848621812,0.004020055097751248,362.1454024749808
2026-06-23,298.18442343419827,317.55173742766993,193.1950339258955,285.8817686366952,269.03416045823747,296.63729094996376,133.95855586413182,57.59298010435062,0.0,0.537300344581144,0.02229540785731267,1,-0.010940272500863149,-0.013946214915654054,359.3316853483378
2026-06-24,300.12381220518205,319.353561720956,193.1880339258955,287.9927354717557,271.1020354275385,296.9145669591386,130.4144413586843,56.194709946159136,0.0,0.48023257007288805,-0.01664957803188912,1,-0.009533917888843634,-0.025881841774097067,361.2940204470231
2026-06-25,301.9888166897578,321.3089665989976,193.2133239549293,289.99938143532523,272.1422296721539,296.9405671421827,127.66289254432837,55.49798681350156,0.0,0.5259473364094825,0.0415711260595437,1,-0.010950762457084087,-0.031048383424782673,363.04962525677456
2026-06-26,302.03360967554096,321.3504862818877,193.25132476885366,290.0096469926775,270.0174727179988,296.9796350339807,128.33582567827412,56.29960225855737,0.0,0.5374887251974193,0.04822326135498958,2,-0.020574952857260624,-0.0278392687064922,360.94304999467846
2026-06-27,300.2431080090561,319.8538012187418,192.81749392038492,288.3237850052163,268.208871704697,296.54056313132116,128.16919461653515,55.273272496545935,0.0,0.5300944123734355,0.04263663167402435,0,-0.0,-0.026810777956801767,358.9748846858825
2026-06-28,299.1437782382445,318.72983554068,192.81749392038492,287.33250976725685,267.3163658808671,296.4951090496064,127.2142704550312,54.92251659059535,0.0,0.5685865061844546,0.08237237588036336,1,-0.009028035712219376,-0.032936794966556535,357.8832335426019
2026-06-29,301.2497112551679,320.169468910775,192.80236928137853,289.254636637123,268.5712257899785,296.475615807011,128.662678914762,56.457555666369295,0.0,0.6058627159875297,0.1149591056388289,2,-0.025603538038331042,-0.029176544792651356,360.8136323126083
2026-06-30,297.18623746111933,316.36147149765253,192.25635494965073,285.571247786078,265.1268586499473,295.7517910067174,125.19333475753065,54.07953201614231,0.0,0.5749655168499347,0.013895020060283144,2,-0.018539143013065786,-0.02743602101368238,356.97981541560347
2026-07-01,295.45216765110786,314.40652861499694,191.7761369702515,283.6740504737231,264.4858106248623,295.01457848951253,128.19910275582163,54.62861689491655,0.0,0.5476294841147585,0.046882039331523497,3,-0.025826044630353828,-0.013068107893958559,355.26923419283287
2026-07-02,298.58271911912897,316.63163086648314,192.19204673301604,286.4237381644281,267.2673521092992,295.5818185984804,131.56804101687698,57.61867935277174,0.0,0.6067793744536806,0.10881144687386238,3,-0.028790117380786143,-0.011735443481554409,359.679963438421
2026-07-03,301.3542627805901,318.85423909435883,192.95316194646094,288.90042695385637,269.27978432437783,296.60076521648256,133.68083742790026,60.32112747674743,0.0,0.6092680541267262,0.11134244651358124,4,-0.04085322226703303,-0.029850350456378665,363.0421813788598
2026-07-04,301.4014303119839,319.1198699739411,192.75247568574028,288.8274080860955,267.46626636900237,296.1260983262117,134.8579363383895,59.92948879753152,0.0,0.6746101389689605,0.18476806455600242,3,-0.03374141197868704,-0.0200680548458845,362.6812553322819
2026-07-05,301.73419701882653,318.9410346283808,192.93627057446568,289.0645838020635,267.9952989376685,296.5828280994692,135.94317453535595,60.172553033047215,0.0,0.6393609010959574,0.22389393316781026,1,-0.008050762729446988,-0.025190125552177416,363.0472289436045
2026-07-06,303.36542556432437,320.8822241173078,192.74740666395954,290.53976919826437,269.4394646967239,296.4063830954142,136.83828241828698,59.977351205607945,0.0,0.6282310532736318,0.2990991870077656,2,-0.01505456970337447,-0.027084747899195634,364.4112899406889
2026-07-07,301.990365178392,320.7114921322318,191.93791888827738,289.1667607048339,268.6966553374974,295.27457040701734,135.34501174962642,57.923473992410145,0.0,0.6596844337922589,0.3474416467787773,4,-0.04218218327272844,-0.033096916615516496,362.9820505437386
2026-07-08,297.2253047394973,316.80189565439554,190.39976896185462,284.56518013060355,264.5192837924088,293.47421333372523,133.0549027985476,56.750018023837775,0.0,0.6911166855232872,0.1956089747890616,3,-0.0294531606515581,-0.02745841873792533,356.24697137516523
2026-07-09,297.9650829209582,317.34099101749274,190.25191252447092,285.25399227384275,265.74343814661626,293.291436012354,135.06729331339486,57.47082217201223,0.0,0.6946007006272681,0.19391050887923475,2,-0.01903230545929532,-0.019106748625797913,356.55624293813423
2026-07-10,301.06345101940497,320.3666741016241,190.7239810429001,288.2020868381961,267.4282049789014,293.81827814892506,137.05404828028225,58.471415353012326,0.0,0.6894595765777837,0.2837025580856051,2,-0.01714231538884096,-0.029377944944933367,359.84231024405705
2026-07-11,301.7463698820306,322.0670957069335,190.44488029905446,288.84462734521935,268.309308071558,293.52187777890197,136.3447981200601,57.86160261310299,0.0,0.728758024107235,0.24185010889497977,1,-0.009209066427048522,-0.02860246679369673,360.7140001877054
2026-07-12,302.4472319511354,321.7433824094687,191.10783508766582,289.4993530180861,268.8976934635955,294.401097025256,136.2529374065373,58.36555244340581,0.0,0.6488882373754616,0.24565128114090842,2,-0.018197900262446866,-0.025671056045549444,361.2138473529972
2026-07-13,296.434397604547,318.3441907341818,188.70189372707452,283.6746917398297,264.17446690477345,291.6917043022672,133.15744499038692,56.75643000141477,0.0,0.4395259556992222,0.03567078331912985,3,-0.04042759055834777,-0.003604712640393644,353.0966374239773
2026-07-14,300.61869795813493,320.69103338631345,188.65835788915768,287.6237201703951,270.19912212636063,293.2008819000461,138.85921811578748,59.70511156294989,0.0,0.6258939303269333,0.30529813378928233,5,-0.053875699203919124,-0.0008196736747706187,358.8334959584173
2026-07-15,300.03942986171757,319.8444876969759,189.10753481766616,287.03133059769885,269.60978859427985,293.82432962254234,138.29950865199768,59.614965258612074,0.0,0.7152962469030995,0.2921258649903676,3,-0.03354853505137449,-0.012642698855602486,358.93673038097245
2026-07-16,295.07191203315193,318.33511488100237,186.16957742965633,282.1865413336467,264.83489593741666,289.7740337300612,136.3277077547535,57.34846985207558,0.0,0.6367675961821067,0.11852784311883126,6,-0.06690402108389405,-0.022238788998080315,351.2510154528978
2026-07-17,295.6398095475355,318.00612456973863,186.56442690557088,282.71999963983876,264.7471170374318,290.0405123904371,136.56910916470866,57.51232934124177,0.0,0.5965573318950692,0.16177083030098163,1,-0.008581440387151333,-0.015980654445817657,351.2289017388548
2026-07-18,295.741444739519,317.1046283947164,186.8555527477294,282.79869856934727,264.8130020069167,290.39741607795673,138.48963896603317,57.65248665373649,0.0,0.5942887110276149,0.23555928766503395,2,-0.0151970461090427,-0.011848487186645273,350.6881579738117
2026-07-19,297.53981692349197,319.2979290985454,186.606160742302,284.4873063779905,266.77541085653655,290.0174856098683,138.2567827387313,57.896762005430816,0.0,0.6439734515207981,0.11085051389524639,3,-0.026975667998228207,-0.02911827132378566,352.7477483278873
2026-07-20,296.11967538235905,317.62665009440013,186.6272446679287,283.0872682453059,265.92965017462683,290.1223131296475,139.34202093569778,59.036075646603194,0.0,0.7402378171750691,0.18822652186735214,3,-0.040763048136291884,-0.010466865270949983,351.2012795183992
2026-07-21,296.7924044333792,317.779423152295,186.8982082333149,283.68717644387806,267.0094450192664,290.4274610728733,142.12134159367685,59.91765225903853,0.0,0.8020345491006543,0.34416127803691693,4,-0.04906691561749367,-0.020246105224946458,352.2770682721473
2026-07-22,296.6115685154909,318.3269903365615,186.34810331278794,283.47998571910176,265.9107420843837,289.54618652445396,141.1792352061528,59.558184032315175,0.0,0.853865555516113,0.3057449297274319,3,-0.030677684251900643,-0.027097349444330128,351.6882237140114
2026-07-23,294.52348723710077,318.46825807168705,185.13165194619913,281.4194765073782,264.34973190491235,287.36926816864997,139.00662251655655,57.91149154792768,0.0,0.6067510788679114,0.06881522327988192,4,-0.047885690685052044,-0.02854150105783385,349.43173518476056
2026-07-24,295.5579265423392,319.7676068895342,185.03073592151122,282.4088760385554,264.02032843856944,287.21261643700745,136.98568681905604,56.81842100340767,0.0,0.595347968115792,0.07212195926616964,0,-0.0,-0.0140778982511816,350.5276341790177
2026-07-25,294.2697095580679,318.2498063945757,185.1067726440925,281.17624565308034,262.8847336365724,287.3306480806202,137.4941251869261,56.97121879195124,0.0,0.5950325601577047,0.06809279306385013,0,-0.0,-0.00964668328795857,349.16311831807883
2026-07-26,298.471040928612,321.97856227722997,185.5353434152693,285.11129725464303,266.72929539365134,287.9959200606779,139.64110232856254,59.48025094241588,0.0,0.978768135049204,0.3635337601211667,4,-0.07545240930992919,-0.008397634308892288,353.7318668489629
2026-07-27,298.39012510713155,325.20031032135273,183.58685385313308,284.9827596019415,268.59790449680884,284.9713909710674,136.15894039735124,56.66982570074644,0.0,0.6995265280989873,0.12674087643610613,2,-0.04947187585658854,-0.01947849207921237,353.0380541114929
2026-07-28,299.3203069062642,325.7237096782002,183.8710737554436,285.8458184780419,269.8968290487614,285.41256929731,136.5221106601156,57.11017287242232,0.0,0.5922247709516648,0.11382292579705176,2,-0.023395655703632945,-0.002628122253185354,354.0368094663814
2026-07-29,299.10628711217055,325.67138687683536,183.759444028137,285.64212950804597,269.62779982221787,285.2392928453385,136.6417432172615,55.819359653563,0.0,0.5831645368141284,0.1131973245364475,0,-0.0,-0.0025381646793866588,353.77193875107275
2026-07-30,301.930118149573,328.5784055080844,183.82303791280518,288.3244863458744,272.12807180559633,285.34065286621706,138.3336893826108,57.134772420743914,0.0,0.6818331112669106,0.2092079931294499,2,-0.018522716315804856,-0.004785568270719404,356.7653794178584
2026-07-31,299.446885208413,327.2127697305564,182.96990446583627,285.9081217848654,270.7761226147678,284.1374731952599,134.27900021362979,55.49268115417868,0.0,0.5694053248348137,0.08517321583160178,4,-0.04126075236183764,0.0016543207726208977,353.98837966703445
2026-08-01,299.2161497967243,327.0663809044431,182.96990446583627,285.66254965288476,270.65720329924847,284.03412887940686,134.13800469985068,55.51426819620683,0.0,0.5703504390126495,0.08433885898425098,2,-0.020540515846236132,0.003008724762112863,353.76688410662905
2026-08-02,295.33052732051834,322.6854898871241,182.96990446583627,281.94093443985724,267.47214589158955,284.02712887940686,135.77440717795366,56.22827361585349,0.0,0.6240365774922149,0.11720911852938172,1,-0.00926274673171339,-0.02374651699412422,349.5812072413364
2026-08-03,292.752399378052,320.00290954466715,182.96990446583627,279.4437370421212,265.2016448241692,283.8846235069026,135.63768425550117,55.9745835457896,0.0,0.5826646590806638,0.17143055303251703,3,-0.029113614861480563,-0.015297212831809119,346.8113080353331
2026-08-04,294.4238592117521,321.5484082787502,182.96990446583627,281.0032266941291,266.9332494378528,283.8776235069026,136.8681905575734,56.52407855395807,0.0,0.5716348301180205,0.16269202361318974,3,-0.03611549413713257,-0.0037910444426270977,348.5546963990662
2026-08-05,295.6427376022599,322.4249865671803,182.94982157836063,282.0837848301151,267.64217793545686,283.97675028827064,138.05810724204252,56.83550369906312,0.0,0.8684444496651549,0.05988203014565064,7,-0.0780011169727403,-0.014861476932561122,349.8477436556052
2026-08-06,297.6968668779,324.6919849300469,182.68857342931108,284.0303005072672,267.9268733310612,283.6826570257268,137.34885708182034,56.12402909289864,0.0,0.9059086385667652,0.12440748332184393,1,-0.012051271703673722,-0.0497476944729464,351.75898177728243
2026-08-07,297.42081693248633,324.10893833701425,182.77387026606544,283.7277397452167,268.214478995449,283.81970250605775,138.61354411450566,55.35748169652026,0.0,0.9498564082775792,0.17425994475141668,3,-0.03358663453831587,-0.01771076842879164,351.42442932857193
2026-08-08,296.3806067100677,323.0740737136882,182.73031638832285,282.7191444517198,267.4417025027122,283.7849838999425,138.71608630634503,55.67787860429985,0.0,0.9521035793358268,0.16134008809427944,2,-0.016093927757579687,-0.004979732094037573,350.41792503788184
2026-08-09,297.86072773249896,324.7964396467984,182.72098814198682,284.0766537250292,268.9466062449366,283.7391197387792,138.57722708822925,55.57758235926411,0.0,1.0147878691149255,0.23090569975230754,4,-0.05657539585925174,-0.01469253435669713,352.0002301857106
2026-08-10,295.5019757448597,323.74080641552,181.87028419996477,281.75248699487616,266.73843580560373,282.59852037335986,136.62038026062828,55.75648840199109,0.0,0.9938724676021401,0.04190454658765389,5,-0.06897616946447471,-0.07594399422222509,349.6092635757102
2026-08-11,291.78222029697076,319.9105292951715,181.60338824720452,278.1453392410426,264.02983209287703,282.2944932243484,135.7829523606069,55.33135114991076,0.0,0.9570614614586785,0.009220569500366529,3,-0.03943094269706605,-1.2560769127169638,345.5776379209247
2026-08-12,295.53034968056545,324.05699034292564,181.40769814858635,281.6700396288024,269.0121675887756,281.9903005667161,135.5864131595815,54.01578673788682,0.0,0.8451169219403732,-0.03312766639521621,3,-0.04702870832698659,-1.0866751979583986,349.67500601984005
2026-08-13,296.0999571822145,324.5720175025083,181.4772350920289,282.14940066612155,268.5866359086872,282.10227388434635,135.61204870754133,54.3119691018346,0.0,0.826994538993695,0.14085027828712515,4,-0.06169459787382657,-0.21872474580387674,350.3016932345337
2026-08-14,297.7143254234766,326.55083545345417,181.1824940820415,283.65757655898744,269.6066399312448,281.6619444155826,134.6485793633841,53.60643383692351,0.0,0.9356987430294661,0.08993589731025457,2,-0.025796179247896633,-0.2809638484990536,352.1898986726088
2026-08-15,300.68872225500775,329.99334092278116,181.04212848217813,286.4530350555247,272.8396372437109,281.50942740897386,134.70625934629373,53.39662501783111,0.0,0.9904602851874452,0.17051588409047025,3,-0.028786334930046207,-0.143828812782767,355.5310990086892
2026-08-16,300.16763465481245,329.64954636107274,180.88041509668057,285.90718020630396,272.48641256940726,281.3612425316598,134.3153172399062,53.042957543042654,0.0,0.9534830799499008,0.10376483649309358,3,-0.044920564006557945,-0.15941428235284455,354.9233045995081
2026-08-17,304.4571680815088,333.6421220781888,181.45789851137042,289.8727719192759,276.65912859777796,282.02742055614203,137.7782525101476,53.79761596188876,0.0,1.5703210100926737,0.7376185316637419,5,-0.13225253926088554,-0.07241883422885678,359.75115788499613
2026-08-18,306.74847815952774,336.05462232677365,181.56624666362345,292.0157723369924,278.5441619613267,282.0557308472022,138.2097842341382,53.61741278650333,0.0,1.5306716724705542,0.7036507835567617,3,-0.04689720987776748,-0.09999091334652072,362.1402178345432
2026-08-19,334.62805719744995,336.50027088066554,198.51894340094742,318.47425911542877,305.1782286610942,307.97933591622285,148.09442426831896,58.51788248923593,0.0,1.5601395050927231,0.5855793255503278,4,-0.08328714413166247,-0.0810309676531344,395.4202424758969
2026-08-20,344.2363638205832,339.4187832934092,202.2042440397327,327.53370616975707,315.1766981942559,314.2639128630263,155.9410382396926,62.16263954054294,0.0,1.5976182310894775,0.6167231400496465,5,-0.10124528149862876,-0.16382708717855524,406.4713638796498
2026-08-21,363.219400197832,334.4127554035482,215.0367959946439,345.5678608150384,330.0524032667211,334.25450495454606,167.44926297799643,69.83818172084827,1.0,1.5080374319494565,0.6371495508675467,2,-0.04137195776855061,-0.17946064974100803,429.4608208215267
2026-08-22,371.1098531329818,342.4607645369968,215.20974906950102,352.9920899007035,342.4642899104398,343.1761709474089,164.77889339884666,70.5500108019971,1.0,1.4384439756388765,0.6162248697475995,6,-0.1106467860324242,-0.14407579832262485,437.9534620870382
2026-08-23,375.42234556676425,341.3750247795214,217.50860234767282,357.0146510764333,343.3672102659714,346.39816150016463,166.21234778893427,73.43312084817359,1.0,1.403238215642349,0.5599261614575726,3,-0.06734066418616036,-0.11294868656254503,443.3291557794252
2026-08-24,373.760933352354,339.71742840661295,218.17542193945383,355.45010187047325,345.78588932164206,343.07322276326863,168.75881221961146,71.63246848139812,1.0,1.3683676022255942,0.5308298295434956,1,-0.007149434611192957,-0.06240045864023108,441.37094397046593
2026-08-25,368.738369564772,339.0899190226094,216.02041183545435,350.67683974236206,341.71318125884375,339.6317810814341,167.68639179662492,69.0356288056855,1.0,1.2699841185771061,0.4607501940863506,3,-0.06810587868870085,-0.036170833654030815,435.3165161618417
2026-08-26,376.7136639131033,340.5391454411569,219.60243948556405,358.56622413808714,350.63483839175854,345.83141519846913,168.82290108951105,71.7489003709681,1.0,1.3660743769387904,0.5513398132713749,1,-0.020816953037213513,-0.0663501343277291,444.7241342690591
2026-08-27,384.3113420075526,342.42529064213676,222.55351675766073,366.00725373858705,358.19312407892556,350.91389802502636,171.37577440717823,73.93977623857533,1.0,1.3621909179488754,0.5794630735050414,4,-0.07193559379131045,-0.06962404429754744,453.622846038898
2026-08-28,378.8768570972777,343.54317451690906,218.8378416215406,360.29129980193557,351.25181919793266,346.7364903291176,166.27216406750722,71.0867571903203,1.0,1.4058330005100634,0.4675962054935,3,-0.06407953517242439,-0.06286305570454478,447.1564950504736
2026-08-29,382.2141632722398,344.132905002055,220.39155969011026,363.3584420947433,354.7637406682211,350.7682516396189,167.11813715018187,72.23465654763828,1.0,1.3671394055722488,0.5257821721091925,3,-0.07917243516162431,-0.11276697212677161,451.06620638888535
2026-08-30,380.3885626075674,344.8407886532772,218.52257165328538,361.6286283485517,348.63435951613366,347.8249253933444,165.9025849177529,69.64424535528923,1.0,1.2721625013368365,0.46506991655143815,1,-0.015681990780470747,-0.1586467388400663,449.0191985835028
2026-08-31,381.6281438452342,343.6852009474152,220.31507222120237,362.72566352435274,349.87625880055083,349.31279122172265,167.8572954496905,71.21755379783193,1.0,1.4707059689644546,0.43884101050089613,2,-0.04555397954104644,-0.12785359940421925,450.5043673036071
2026-09-01,384.2341325949872,348.6320741069171,218.4878223794395,365.1401176363519,347.9689196985898,351.76174042786363,165.3898739585561,70.51488955571477,1.0,1.3636340488748206,0.26547134977843123,3,-0.06601921791095597,-0.044680680725403356,453.4283023526162
2026-09-02,384.6041817039951,349.7053545208629,217.97178365791473,365.49908100799945,348.0671761062058,351.92574913097815,165.17624439222413,69.83963859617329,1.0,1.3549719540200773,0.26630904339522865,0,-0.0,-0.05036879545172331,453.71423449880666
2026-09-03,399.4640781005103,354.4769971881193,223.87399092949548,379.57373721041625,361.949049051145,366.42478878554783,173.56120487075438,74.98433396089705,1.0,1.3057445604889657,0.27204899797244064,2,-0.02763791223060942,-0.002890983185263117,472.0938694541883
2026-09-04,403.7237184538933,359.53782637952446,223.1707158922209,383.5935071056434,365.87495190154874,370.2558907418615,170.09826960051296,74.36668811552339,1.0,1.188258896588128,0.3555393146877245,3,-0.05708497357444377,-0.04874843191279044,477.02588395371953
2026-09-05,404.03179992498,357.61927106606936,223.79957170712612,383.87563662337095,365.2969669180746,370.48698712693187,170.48493911557387,76.39983857917042,1.0,1.228132518297809,0.3562855140367426,0,-0.0,-0.10294187009808956,477.3928150722649
2026-09-06,407.72454220918763,354.7218727296105,228.42216827032632,387.263395106799,368.3659420042824,373.9377532121037,171.57444990386693,79.29685190490659,1.0,1.4365889606739377,0.3900520027444287,4,-0.10215538402756713,-0.08956123270933687,481.6628333945159
2026-09-07,395.4868200787013,349.0766816815637,225.42091416538287,375.51459128649265,363.1134330711829,362.70430485163797,168.92117069002376,77.56191930034277,1.0,1.3465653869095968,0.45838402736683587,6,-0.12639203642014002,-0.05224466973394594,467.3792441617065
2026-09-08,395.84903648774065,349.78414938537003,225.66270631207917,375.8375158686331,365.810925203379,363.01673530902235,167.52189703054927,76.91164767043492,1.0,1.4179727241324656,0.3782239230784288,1,-0.022400828878526905,-0.051301043294514986,468.4243772979364
2026-09-09,399.20652068905355,353.4579601558699,225.94439771477505,378.98341096472353,369.1272899434569,366.202253430182,167.21854304635787,74.3976288819313,1.0,1.3304514924312871,0.35998831746922894,3,-0.04525096497715436,-0.08574807724174145,473.6967140956483
2026-09-10,394.21931438962474,354.3056129303272,221.41148903871922,374.123778619835,362.1891959768258,361.7882142414206,163.49711600085476,70.69588711412257,1.0,1.0900976043437953,0.2641320351519783,7,-0.1430619016426636,-0.06452675336687876,468.34218781389023
2026-09-11,396.6977616076441,353.6531763440375,222.5509308878142,376.43219989560083,365.4771882136679,364.0663052253442,164.87929929502266,71.65308099073438,1.0,1.2642089921361022,0.26273701530773036,3,-0.04485450153559536,-0.0677396737921742,470.56966013524345
2026-09-12,395.22518546051464,352.93358989129854,222.17406232885654,374.95724035701056,364.7338446028762,362.7171035286044,165.0245674001284,72.15249870714018,1.0,1.2054216390238726,0.2008980548259268,3,-0.06844078601367347,-0.04804153147868805,468.921323077525
2026-09-13,391.15610343031415,351.13497878122337,220.59717556912588,371.09138308896684,360.2976339594712,358.98711225584464,164.08886989959436,69.57110387686127,1.0,1.1702978317129538,0.1927079901100611,0,-0.0,-0.048017564305929614,464.2517339198364
2026-09-14,398.3265894400709,355.0281310571082,220.97936712415134,377.81073465757237,366.7545213026544,365.55562474270266,167.01986754966913,72.4270424383578,1.0,1.189647232871673,0.36800562222442407,5,-0.08865027870429944,-0.034705448401554144,471.9502931000893
2026-09-15,390.46259125037045,353.32198709856203,218.17607754360955,370.21962204733137,361.0776763316822,358.31666323292546,161.52104251228394,69.54948990967303,1.0,0.9761798062619995,0.17984100186491384,5,-0.08909826932823481,-0.03954022242393329,463.1091983127388
2026-09-16,412.9494898754364,369.77380772050543,220.1163566931369,391.5761332450779,378.15854717143316,378.9268546251947,162.74300363170286,72.89783157081182,1.0,0.9603168336361081,0.19542394681871578,2,-0.02245526640539901,-0.04863366323761517,488.969596961645
2026-09-17,427.727672450823,380.6215857487096,221.32451902526893,405.21091748660353,390.5739129715367,392.1805144733948,163.20444349497996,77.2837565182854,1.0,1.1187547648400062,0.323425944247346,5,-0.08368526571298003,-0.023160353991227255,505.9897048532355
2026-09-18,446.66830265479877,391.07496991162856,225.0953081305245,424.1205924830882,403.63858249052356,410.5729097566702,172.86049989318548,84.2627428335947,1.0,1.310828022625772,0.48844930451583074,4,-0.09721208719844236,-0.11488617590489902,529.3118410031168
2026-09-19,429.61476119334407,377.3636927835978,224.37177522104156,407.8772979942386,388.88168029104304,394.9337440662864,173.66374706259373,84.84336689949238,1.0,1.187320284764689,0.4912726526304349,2,-0.04774052438652072,-0.09878555604866504,509.4072410572801
2026-09-20,442.1958182833187,387.3558725289114,225.04254054317784,419.7959942032287,404.0646468687844,406.4730324127458,173.51207007049803,86.48907739582731,1.0,1.2523510378884002,0.5821495826244555,1,-0.023569830195785225,-0.09031479711922868,524.1964179994789
2026-09-21,435.9731998978637,374.13772317366295,228.83215014030776,413.79377921438873,398.70954342287064,400.7902976418306,185.13565477462112,92.71534940795425,1.0,1.183128489404433,0.5007024958915076,7,-0.08748726197642792,-0.14049121032199074,517.0463404742726
2026-09-22,445.11232064052564,379.64523879593116,230.2404919524454,422.47056918435726,407.39838081689066,409.1778018250892,184.22772911771017,95.24593481898935,1.0,1.1979253730586832,0.5110842264128671,0,-0.0,-0.0578959880696917,527.484417478778
2026-09-23,440.9169761583181,382.3368310758682,226.8176122706639,418.37962552544315,405.0710688065029,405.3268272487412,180.23071993163882,89.37170292904247,1.0,0.94540907594224,0.3119907231478586,5,-0.09989446591266232,-0.13973422564707233,522.8383591533482
2026-09-24,438.410125261411,379.7584644620023,227.1307178326636,415.9801975893449,408.7337184713731,403.0235297183982,180.2713095492419,91.7778218978319,1.0,1.0464540768099968,0.3754564705165886,1,-0.020656281057733494,-0.019133705814224723,519.8660998415071
2026-09-25,450.56963547492484,388.81554045069345,227.7044415753034,427.45953795759635,415.4494597943493,414.20073951955453,179.58983123264287,95.69359893297317,1.0,1.0023161584950666,0.37489503580578565,3,-0.05811976785225105,-0.011916888109607601,534.2807757323528
2026-09-26,451.63267829625676,388.95812893112753,228.61390480740715,428.4109138572837,417.5192646507441,415.17784836320294,180.33112582781484,95.51769610627223,1.0,0.9907966647633799,0.38518668951455237,2,-0.03762089840690627,-0.023650399504554834,535.5414389451197
2026-09-27,452.6685541908644,390.4436551459231,227.8766549758512,429.26191612233407,418.09453924772976,416.1306790546199,180.38239692373455,96.80959758604696,1.0,0.9067842771317302,0.4358219874191249,2,-0.032767877549685895,-0.06566049267433342,536.7699326528995
2026-09-28,436.7516673478233,379.950630716443,225.7332616478377,414.09143506372754,405.2572894934865,401.5016220187939,178.28882717368114,91.81560781293989,1.0,0.9901030262134536,0.386086152708822,3,-0.04636330530095154,-0.057972564919292785,517.8989241321038
2026-09-29,435.99419878995894,380.0230042606933,224.86195549931858,413.2909062703027,403.94557401550526,400.8047412839956,178.63704336680223,91.33580073108469,1.0,1.0260411549379906,0.28698183885947565,4,-0.06879132201452423,-0.04542987618723262,516.9950135833482
2026-09-30,440.4545726428178,383.45696386220544,225.58262348545568,417.48113002652696,410.0352808953541,404.8585351061227,178.6092715231791,92.62288064577753,1.0,0.9506065635134707,0.3737150760110751,2,-0.024482619792214628,-0.02206958944381484,522.3877720399437
