date,rnt,rs,tr,cost2x,late1d,filter_off,btc,ew20,btc_up90,gross_lev,net_lev,orders,fees,pnl_funding
2020-07-01,200.0,200.0,200.0,200.0,200.0,200.0,202.06633861735642,200.0,1.0,0.0,0.0,0,-0.0,0.0
2020-07-02,200.0,200.0,200.0,200.0,200.0,200.0,198.8806055890936,200.0,1.0,0.0,0.0,0,-0.0,0.0
2020-07-03,200.0,200.0,200.0,200.0,200.0,200.0,198.21969236896905,200.0,1.0,0.0,0.0,0,-0.0,0.0
2020-07-04,200.0,200.0,200.0,200.0,200.0,200.0,199.96301512112552,200.0,1.0,0.0,0.0,0,-0.0,0.0
2020-07-05,200.0,200.0,200.0,200.0,200.0,200.0,198.53351672580968,200.0,1.0,0.0,0.0,0,-0.0,0.0
2020-07-06,200.0,200.0,200.0,200.0,200.0,200.0,204.39288445945726,200.0,1.0,0.0,0.0,0,-0.0,0.0
2020-07-07,200.0,200.0,200.0,200.0,200.0,200.0,202.6182668097916,200.0,1.0,0.0,0.0,0,-0.0,0.0
2020-07-08,200.0,200.0,200.0,200.0,200.0,200.0,206.5043052368619,200.0,1.0,0.0,0.0,0,-0.0,0.0
2020-07-09,200.0,200.0,200.0,200.0,200.0,200.0,202.13177340305754,200.0,1.0,0.0,0.0,0,-0.0,0.0
2020-07-10,200.0,200.0,200.0,200.0,200.0,200.0,203.27217697592812,200.0,1.0,0.0,0.0,0,-0.0,0.0
2020-07-11,200.0,200.0,200.0,200.0,200.0,200.0,202.0709343715361,200.0,1.0,0.0,0.0,0,-0.0,0.0
2020-07-12,200.0,200.0,200.0,200.0,200.0,200.0,203.54135686359473,200.0,1.0,0.0,0.0,0,-0.0,0.0
2020-07-13,200.0,200.0,200.0,200.0,200.0,200.0,202.23944535812416,200.0,1.0,0.0,0.0,0,-0.0,0.0
2020-07-14,200.0,200.0,200.0,200.0,200.0,200.0,202.5232878900783,200.0,1.0,0.0,0.0,0,-0.0,0.0
2020-07-15,200.0,200.0,200.0,200.0,200.0,200.0,201.27871388913508,200.0,1.0,0.0,0.0,0,-0.0,0.0
2020-07-16,200.0,200.0,200.0,200.0,200.0,200.0,199.84965318469352,200.0,1.0,0.0,0.0,0,-0.0,0.0
2020-07-17,200.0,200.0,200.0,200.0,200.0,200.0,200.2805598503973,200.0,1.0,0.0,0.0,0,-0.0,0.0
2020-07-18,199.98064474557034,200.0,199.98064474557034,199.95852445479358,200.0,199.98064474557034,200.72065802446036,200.0,1.0,0.13826519814517801,0.13826519814517801,1,-0.019355254429662714,0.0
2020-07-19,200.38295794468092,200.0,200.38295794468092,200.36083765390416,199.98064474557034,200.38295794468092,201.56780871158034,202.2868704284563,1.0,0.14003671802691575,0.14003671802691575,0,-0.0,-0.008295109041284022
2020-07-20,200.0038190092158,200.0,200.0038190092158,199.98169871843902,199.60705364351853,200.0038190092158,200.4871499430455,199.51107743105393,1.0,0.13844861199321043,0.13844861199321043,0,-0.0,-0.008418291533729581
2020-07-21,201.06901242546536,200.0,201.06901242546536,200.9960190700505,200.70053610219617,201.06901242546536,205.45231522059075,206.13873811058082,1.0,0.45963655980047846,0.45963655980047846,2,-0.044527273177649894,-0.008307075340550162
2020-07-22,206.05076889820532,200.0,206.05076889820532,205.96205864151602,202.7982056971854,206.05076889820532,208.3025581937373,215.2044001845459,1.0,0.5651074411963313,0.5651074411963313,1,-0.01328045102164511,-0.05504380305480115
2020-07-23,208.82005215337773,200.0,208.82005215337773,208.7073569504588,205.55924457750675,208.82005215337773,210.18813048002656,218.46130318408177,1.0,0.7139201915293577,0.7139201915293577,1,-0.020781471871838892,-0.16214717309437526
2020-07-24,208.9074795342429,200.0,208.9074795342429,208.75403752333492,205.81818075843063,208.9074795342429,208.77198165637552,217.97929411843376,1.0,0.7821727220303795,0.7821727220303795,2,-0.0358553234466789,-0.1503195974025015
2020-07-25,217.91516555449323,199.944,217.8992325740279,217.6908418229577,214.05398885738245,217.91516555449323,212.31268198365885,230.61737415137276,1.0,1.187635810871036,1.187635810871036,2,-0.060335540372830024,-0.14047175993602862
2020-07-26,219.62597239643185,200.49331174033065,219.10090039035666,219.34637041297734,216.60215521055108,219.62597239643185,217.52558029603227,231.82280129898754,1.0,1.5040290977169315,1.41296518673331,2,-0.04841940034872829,-0.59020058516044
2020-07-27,242.17413157298455,201.3006984510848,239.9460958788617,241.73288611889615,233.06986255109808,242.17413157298455,241.7712474299339,246.8850001789712,1.0,1.3314385440094172,0.9979334008627342,4,-0.1248236770309719,-0.769517237229004
2020-07-28,245.91765414281923,200.31816406696638,243.80867384274572,245.47481900365688,234.98971997555583,245.91765414281923,238.9779042704405,253.91341139516732,1.0,1.346658485782709,1.0010657407167847,0,-0.0,-0.7625613083729987
2020-07-29,249.2032967837189,200.49308679651958,245.72517176684067,248.68744437693954,238.3421011408333,249.2032967837189,243.20359081593242,256.94250957662257,1.0,0.9939800462951561,0.9939800462951561,3,-0.06177071018227843,-0.6109226041666965
2020-07-30,253.29209922261492,200.49308679651958,249.77157701151614,252.7710468562084,242.018089952056,253.29209922261492,243.18017435415973,261.4568437238459,1.0,0.9969384663615606,0.9969384663615606,0,-0.0,-0.7247300276114934
2020-07-31,261.54870249390285,200.49308679651958,257.2140875781664,261.01508205532343,249.85749953312327,261.54870249390285,248.25126082327463,269.6388301983718,1.0,0.9989394487130664,0.9989394487130664,0,-0.0,-0.4980764690952132
2020-08-01,282.30661054960643,200.49308679651958,276.2587533528271,281.6488015879215,269.4631311056774,282.30661054960643,258.4875372994692,290.76860360965304,1.0,0.7034866867970411,0.7034866867970411,3,-0.058871329106886285,-0.6127447748809448
2020-08-02,269.376257459308,200.47303748783992,264.41583879159657,269.7794383560002,254.18411376954455,269.376257459308,242.47461666486117,271.12489309485574,1.0,0.6460250870189882,0.3602298671477851,4,-0.0763060910186134,-0.30117977533057116
2020-08-03,273.02589030575336,199.2007712139581,268.6170778618309,273.3839040092774,260.0324054192687,273.02589030575336,245.69930418093264,281.87525164746916,1.0,0.826000879993639,0.2818918309673029,2,-0.031043738475696,-0.16175378614609143
2020-08-04,270.17876398034724,197.84149155874545,267.37635596001394,270.4286996165112,257.7601786636071,270.17876398034724,245.10798380981456,280.2773530709532,1.0,0.935170465018576,0.37896840956842165,6,-0.10724032008991904,-0.08089605644420172
2020-08-05,271.2331787434702,197.55694113968835,268.5940332109838,271.48988135555726,260.12068102530566,271.2331787434702,257.19809998391486,283.43336236084565,1.0,0.9377519825271738,0.3812977728274813,0,-0.0,0.023024276113774077
2020-08-06,275.6262912594552,199.77292305920912,269.92165454564065,275.864975312045,264.55163714898123,275.6262912594552,257.59333484336685,286.92749743133385,1.0,1.157122848351159,0.469976231208567,3,-0.04316210165097988,-0.0207787829887571
2020-08-07,272.3871180345449,198.8971334943775,266.81293471843355,272.5423801264859,261.85351516554084,272.3871180345449,253.77448196549466,279.7988535092244,1.0,1.435517977266389,0.32877546057548396,4,-0.06961987479815235,0.05139335198414434
2020-08-08,289.1462776849361,206.22523791552524,273.4349296901895,289.30944388392527,278.35929782929793,289.1462776849361,257.4874136517972,291.36156014260047,1.0,1.4855769385798985,0.42741062892685894,1,-0.012154558179134653,0.10497653964870089
2020-08-09,291.8032641002307,208.27748630008517,272.9955481236203,291.9713430596976,281.1962150183897,291.8032641002307,255.74255898158088,291.1386279023083,1.0,1.4810492398538873,0.43288530417060717,0,-0.0,-0.07616592553102411
2020-08-10,287.1505811544789,203.96088664812058,273.99452007600115,287.2322004464539,276.70248291590246,287.1505811544789,260.35800925059664,297.5501451020333,1.0,1.4217145709896086,0.449621979562464,2,-0.06955644519316054,-0.08120839972372144
2020-08-11,284.45317236277134,207.3994436091409,269.23504188173473,284.52184455521063,274.1956224651469,284.45317236277134,249.32272808345016,281.5135594444611,1.0,1.3233927428274739,0.401898364581797,1,-0.008492156617837011,-0.03262098779850864
2020-08-12,304.8750581230474,216.90941067156797,273.4172931007436,304.92827269911635,294.61947681394975,304.8750581230474,253.16828010465193,291.23890287137505,1.0,1.420674642020736,0.268083860745297,1,-0.03716936960241182,-0.05086215601001427
2020-08-13,314.4055902460117,220.42212611842905,277.66191950843404,314.4522794647565,304.94143508628935,314.4055902460117,258.01877037314244,304.57808357134104,1.0,1.5183693498632476,0.3683191372741809,1,-0.017155820630031886,-0.013509997663128201
2020-08-14,315.27176664153916,221.28277452641993,278.138409948457,315.3186730106187,306.2135255052159,315.27176664153916,257.5349031116539,310.56357896571905,1.0,1.5316702909504676,0.3700368805172293,0,-0.0,0.005591105927062731
2020-08-15,316.3779583506147,219.30963592862662,280.3604621423358,316.3622759325685,302.83628154370206,316.3779583506147,259.52967927106965,323.9383004648036,1.0,1.6540121462291113,0.42513910608824085,2,-0.06038904572755073,0.11311396248809258
2020-08-16,314.8466597317512,217.29515622743472,280.6686484993011,314.7870926540565,295.49612297999755,314.8466597317512,260.8906790445646,335.20043386424936,1.0,1.5569588194095505,0.5817306406694406,1,-0.035142577250258884,0.05621906528895662
2020-08-17,311.63968224512615,214.97654552119982,280.21501795133764,311.56027583727786,293.2303718703642,311.63968224512615,269.1374316518344,338.24376533003397,1.0,1.5095103195705348,0.5017116721308829,1,-0.016948905976393338,-0.6000684072220173
2020-08-18,305.76542151263016,214.53730166524036,275.9778945799191,305.5861052715201,287.52113650918034,305.76542151263016,261.75643159384043,325.66294900112,1.0,1.367412080274841,0.43162475388338034,3,-0.08635758712835437,-0.195700878762968
2020-08-19,303.75569200701176,215.47838310858373,273.35976181830955,303.58708030574434,284.74724073651527,303.75569200701176,257.4469272459287,310.96031953042547,1.0,1.3706874515736538,0.3773435737697719,1,-0.010793030431572127,-0.06188494583168277
2020-08-20,302.5664750870372,214.0273884783092,273.8931887529166,302.48578930096767,283.9585265295223,302.5664750870372,259.50516858211137,317.32194412464855,1.0,1.4019587815834398,0.3752735947283249,0,-0.0,-0.11416729532922543
2020-08-21,289.5725155478808,209.56206404339895,268.47537427435225,288.6894622642217,272.1567584459398,289.5725155478808,252.51546416570102,295.56057494732323,1.0,1.6076271487446476,0.305391697226179,6,-0.10255656040397308,-0.075425449699856
2020-08-22,298.17861400545445,213.65801517138829,268.6647038561697,296.962184855796,280.8306992912884,298.17861400545445,255.40291086315926,305.1108212669485,1.0,2.034282344629864,0.1926730369025203,3,-0.08729056772029233,0.06563361978556166
2020-08-23,293.73316134229094,211.17118859576425,268.50730669915134,292.5915868711649,278.0156767912709,293.73316134229094,255.04247242821054,301.5185645746716,1.0,2.121203509029312,0.09921300545191215,2,-0.04131208154014327,0.04446290193377072
2020-08-24,294.84168597745446,211.65153342706205,268.6390079301724,293.6237608949242,280.8491250694084,294.84168597745446,257.2156076188851,306.00174972588815,1.0,2.152482422088819,0.10271075406507209,0,-0.0,-0.03273752373792948
2020-08-25,296.5574945303155,214.67505790541455,266.857185412831,295.4476541766412,283.2090667120972,296.5574945303155,247.88994700657744,285.99638987647273,1.0,2.1401463071029223,-0.0011331447636196744,4,-0.07356988014930727,0.008376066233620999
2020-08-26,296.932118977033,214.87866138148792,266.857185412831,295.8320661333181,288.39364133670716,296.932118977033,250.93299280983317,287.7025562246567,1.0,2.1503459739471356,0.00031668891442036845,0,-0.0,-0.05545323573715551
2020-08-27,300.7890519267752,217.82514520385692,266.857185412831,299.82522543039687,292.2596398220408,300.7890519267752,248.0729017920159,278.2976828412128,1.0,2.0543967125783764,0.012874844291148933,0,-0.0,0.07835585211804696
2020-08-28,302.9854423439818,219.16689283528297,266.84318541283096,301.8388766346953,294.30889496891797,302.9854423439818,252.2598526951363,286.6360192153311,1.0,1.8492130283294832,0.018807471174260352,4,-0.11228090452084563,0.13436267813064642
2020-08-29,302.80454023685314,218.9312165206265,266.8670871008502,301.6678869090213,292.67474828322395,302.80454023685314,250.94262200906678,289.79148099484075,1.0,1.8707668594768614,0.017730186184416248,0,-0.0,0.14870699009036245
2020-08-30,307.74491116103866,222.06975965689492,267.61727758502445,306.4436818910186,297.0442054194156,307.74491116103866,256.35860888709436,300.5713853837858,1.0,1.9405241205290336,0.0650195406541994,1,-0.007,0.30671903771337383
2020-08-31,309.44067326050236,223.21215897332482,267.57302761787554,308.2297918999977,298.2050800477029,309.44067326050236,255.13241790286983,296.432889460494,1.0,1.9093228371029036,0.06944810046564338,0,-0.0,0.21512789707011776
2020-09-01,318.6866639908653,228.80981864445525,270.3626051177009,317.1594304998631,306.018421783124,318.6866639908653,261.0865457107936,311.4158648836703,1.0,1.9070178746209447,0.3627688086843475,2,-0.059577711068336675,0.2970697785373765
2020-09-02,320.30561926071294,231.96105136171275,266.19392599044994,319.12316383586267,314.57461511631976,320.30561926071294,249.4172693122892,290.3825771271892,1.0,1.5398034542145465,0.12036757860398564,2,-0.0550560715121912,0.07765024555111319
2020-09-03,332.947023067554,241.53947559184436,264.8520628998565,332.39023730045824,316.98114492550485,332.947023067554,221.93290855433992,244.7214503800905,1.0,1.3099400284145473,0.18388405947641903,4,-0.08833213651498115,0.2697613953508858
2020-09-04,328.9918410637263,238.67252851314097,264.8520628998565,328.1600132479327,309.68710626170946,328.9918410637263,228.64971271065247,256.60229164242764,1.0,1.4038627808614244,0.14384466082922726,2,-0.05204648599594762,0.12584914933269123
2020-09-05,312.36081245201274,227.25331070660806,264.8520628998565,311.55289605412275,294.4382356244132,312.36081245201274,222.53757849712278,236.75115537193852,1.0,1.4580740799117227,0.022157144213970578,3,-0.0655329874449799,0.15989373847798602
2020-09-06,317.1468519346197,230.51017658650676,264.8520628998565,316.1891953600477,307.9571249066243,317.1468519346197,224.49449439591552,247.7787029407977,1.0,1.4561617622108904,0.004840212465324018,6,-0.09447566262038491,0.11850789568064962
2020-09-07,311.4345361092727,226.72889176358137,264.8520628998565,310.38823950397625,304.12359434845666,311.4345361092727,227.13442690398273,250.516459763458,1.0,1.1350373135943266,0.16547505765139306,3,-0.08017508080186755,0.27083031622481
2020-09-08,311.914491604918,226.97990178007606,264.8450628998565,310.9047560411213,305.64186823744495,311.914491604918,221.66898095716437,245.83349593338673,1.0,1.0956921315588466,0.14604234932237908,2,-0.05158032331009484,0.3340763707458493
2020-09-09,312.73682103936846,228.16172412215468,264.51562789387873,311.6983101412526,308.56636542310184,312.73682103936846,223.64449871811289,249.3122808648358,1.0,1.1031656952732225,0.14768522092528935,0,-0.0,0.1884480694564002
2020-09-10,310.99174672446725,227.62724902428582,264.51562789387873,309.8540073683304,307.6409455566185,310.99174672446725,226.19667420589198,257.85480546669476,1.0,1.1432995872830238,0.15565023336150366,2,-0.04390973758060071,0.10430313380328554
2020-09-11,313.8161672053841,231.04707354156704,264.51562789387873,312.67424023445005,312.4045062486245,313.8161672053841,227.33248202458293,261.0681009791412,1.0,1.040951510789928,0.057245334263984926,1,-0.02318885379355549,0.16210190596698446
2020-09-12,323.11985549448565,239.7710686204777,264.51562789387873,321.87902474501095,324.2337957542333,323.11985549448565,228.4369949457647,269.1422385982553,1.0,1.0469620796826486,0.08330495654061633,0,-0.0,0.3507141588380156
2020-09-13,321.8447956986422,239.09822467228992,264.51562789387873,320.7287810934673,323.8831380773701,321.8447956986422,226.01743979288474,259.3289173875431,1.0,1.0202591797450158,0.07829960502784905,0,-0.0,0.4421053400624734
2020-09-14,322.6701916952285,240.64464709857552,264.51562789387873,321.4757099633116,325.42044895798017,322.6701916952285,233.37896260697448,262.2080955141354,1.0,1.127713741522779,0.1782690982432781,1,-0.022348126243282303,0.45183503606836556
2020-09-15,310.8455612512546,232.4792548054792,264.51562789387873,309.48219009113126,314.3924137789262,310.8455612512546,235.84491299252548,251.12812804867235,1.0,0.9881777646262564,0.21521183884267917,5,-0.06249233403585307,0.31556023459273774
2020-09-16,312.58116548015624,233.81949243301602,264.5086278938787,311.1551878336742,316.7321688353791,312.58116548015624,239.59570493945102,251.78930830507787,1.0,1.0008908986267417,0.014439780468609578,2,-0.04478511399119264,0.18569649457204548
2020-09-17,315.1028415260686,236.51668333360493,264.20662961130756,313.66251291292974,322.3532990364453,315.1028415260686,239.31470739817954,257.5766462055531,1.0,1.0160068668527067,0.022266810524082824,0,-0.0,0.018944186206809936
2020-09-18,321.4004821268904,241.52744521038775,264.19962961130756,319.9434142287247,329.3267996367009,321.4004821268904,239.1168711230164,256.8079986782703,1.0,0.9907482696083473,0.041278262947469856,0,-0.0,0.047122256005518545
2020-09-19,320.57855982579116,240.8557674125698,264.03690038529953,319.1020939363262,328.08570087356367,320.57855982579116,242.34374709345911,254.81479081341374,1.0,1.0766392621049279,-0.04971549876356188,1,-0.019840333474846265,0.05916110420189639
2020-09-20,320.48196091990775,240.15729089981795,263.6992726312982,319.0123116670213,326.1144072474589,320.48196091990775,238.85403775302643,247.53867277208812,1.0,1.0479678752335235,-0.050195610964716954,0,-0.0,0.05246593101835173
2020-09-21,321.9926443861972,239.35484215025576,263.6992726312982,320.5411297353766,325.1773723433038,321.9926443861972,227.92161394132978,225.67435873537912,1.0,0.9441706536022395,-0.04539364820436872,0,-0.0,0.04031645840556784
2020-09-22,320.3684909566243,238.79784264879333,263.6992726312982,318.89781268244246,324.09874769080704,320.3684909566243,230.29805654309564,231.2224080469068,1.0,0.8983874667309324,-0.12469784707123745,1,-0.01659246838550236,0.021753041900072982
2020-09-23,324.0353375155705,240.52392155996384,263.6992726312982,322.5168265464496,326.2090387765831,324.0353375155705,224.05198892204402,219.2688385444728,1.0,0.8344861695885095,0.06999510914502258,2,-0.04130341496649571,0.08287858947914303
2020-09-24,321.9945973666897,240.35621233168197,263.6992726312982,320.4488668657102,321.77103339547256,321.9945973666897,234.709980555583,236.61596543159834,1.0,0.8251304298816562,0.1499399570618403,1,-0.019332762715266537,-0.0021422228442143157
2020-09-25,316.1431224790239,236.2913658449698,263.6992726312982,314.4517304063345,313.4090792482445,316.1431224790239,233.80374160043863,243.1327859462946,1.0,0.8521471221526077,0.07878286350311753,5,-0.12558261755451508,0.1474676234859929
2020-09-26,314.1296052147264,235.30346123361517,263.6992726312982,312.3759846558158,314.6746999582249,314.1296052147264,234.74455813464908,244.41777245157414,1.0,0.9506703769401179,-0.012538062892103139,3,-0.06458302122675641,0.2308660947786355
2020-09-27,316.76287049912816,237.59237423989475,263.6992726312982,314.94274712413363,317.0043277609554,316.76287049912816,235.6527666987276,246.8943254867936,1.0,0.9267170018609655,0.02694649359277586,2,-0.04875287178652243,0.21054686201253858
2020-09-28,314.2711345611905,235.5853057971709,263.6992726312982,312.44382003495895,315.4265173934235,314.2711345611905,233.97750487751776,245.6070108166474,1.0,0.9921548716551187,0.0852265320176994,1,-0.014693450943384478,0.2650114662567525
2020-09-29,315.72433529285644,236.85806220690603,263.6922726312982,313.8651666252033,315.37867880694245,315.72433529285644,237.16236252403203,250.4808976748004,1.0,0.9102877705290772,0.19303340936404104,1,-0.02301182870595831,0.18914762002607402
2020-09-30,316.63261677898856,237.07625092804338,263.88632924741086,314.75002776389755,314.8380226112671,316.63261677898856,235.76218941729127,251.52624719481724,1.0,0.8370310070924204,0.11749658726121882,1,-0.017104191146945672,0.23291986958332656
2020-10-01,312.23401598702173,234.09084119277165,263.3027441790603,310.26396102094907,309.50138277248345,312.23401598702173,232.25256514207996,246.3753004032743,1.0,0.794409938485764,0.033193771499960376,5,-0.09795785622176222,0.0764079817870392
2020-10-02,311.6512653088585,233.70598739102033,263.2672663363013,309.6350361879354,308.2471876423946,311.6512653088585,231.21348700659934,239.35325780422136,1.0,0.7744699279290606,0.0319035970709782,2,-0.050525604911782096,0.10334636512796276
2020-10-03,312.1777782427143,233.9176826143023,263.61333851099425,310.12212005926017,307.19121961325493,312.1777782427143,230.61844626305006,240.0064045364602,1.0,0.9276370071036383,0.0009999381283551623,2,-0.03336740569265584,0.1614759934691271
2020-10-04,313.8000528047159,234.42131901883818,263.9580668914203,311.65923377964054,308.9110956083351,313.8000528047159,233.29273750474627,244.99726192636345,1.0,0.8423728629676139,-0.045018846017284356,3,-0.06450876597100043,0.33741148858322945
2020-10-05,315.77893276314853,235.717977092742,263.7756685458381,313.60863386762253,310.86523476025525,315.77893276314853,236.02480394184408,246.84614184666523,1.0,0.9254661146605951,-0.11580979146742838,1,-0.016921258182695523,0.2659513370121656
2020-10-06,307.82286554173925,230.14542193675888,263.15336967699824,305.59046261134296,301.63689069129623,307.82286554173925,231.83719650241227,238.61843670875453,1.0,1.0270208513763888,0.03790078760273731,5,-0.10071609312786595,0.1494510627216959
2020-10-07,308.0187124104046,230.1537970258611,263.16840130110205,305.74093457156965,303.7280504133776,308.0187124104046,233.26188029811132,240.53038904871804,1.0,0.969898178216381,0.16257364320294862,3,-0.04111689988739894,0.13433076535033925
2020-10-08,307.51383259054,229.84104666118031,263.16348492539385,305.15892324845214,301.5288080607695,307.51383259054,238.9671808440213,244.93555140303204,1.0,0.9780365585363627,0.00988805946672927,4,-0.06725372489844939,0.01920633437586819
2020-10-09,305.90990738389473,228.14524979679223,263.86144500198986,303.5159394891624,301.83887026435895,305.90990738389473,241.83449376126376,252.15294481810102,1.0,1.1779639523301344,0.04778787763983249,3,-0.03621457645317469,0.06461222726329663
2020-10-10,307.56462094510846,228.9089746152116,264.716096129568,305.07569558748895,303.46591602845984,307.56462094510846,247.18132548115915,255.7898593852165,1.0,1.2270547962099074,0.2849251615804029,4,-0.06869229122782462,0.022689257361577755
2020-10-11,310.67623619720234,231.11141466868574,265.10254019909166,308.11093593471753,305.1615756963395,310.67623619720234,248.81828935087168,262.90481660888526,1.0,1.109000164082757,0.3505110242331761,3,-0.04459370762668867,-0.00581721760676783
2020-10-12,313.9938467705498,230.6524231669855,268.4705284856473,311.356504950195,308.682420662155,313.9938467705498,252.33666744356807,266.69736639770576,1.0,1.2241968522484021,0.4649595461544053,2,-0.04144192163097114,0.07794363080924671
2020-10-13,311.16782040466995,229.08907199344662,267.7609569168501,308.45443726601997,307.5106054097573,311.16782040466995,249.90748309145454,265.53139871741126,1.0,1.375020760632684,0.48565646576187677,5,-0.08564657231372991,0.10064901126085547
2020-10-14,313.2474842307493,230.25369145638535,268.13147944682095,310.43181437999726,309.91282093169264,313.2474842307493,249.85868055897512,261.23174030860775,1.0,1.4460496701587315,0.5550440044133871,4,-0.07500309676233904,0.011160489279571688
2020-10-15,316.1879461184531,231.18524456204804,269.74812990843134,313.32914391594977,312.27349100192725,316.1879461184531,251.71602178387494,260.87519359642977,1.0,1.3655012777810012,0.6340338266047327,1,-0.01665585138640329,0.1434757643183041
2020-10-16,303.70398212623644,225.1647215831619,265.0541913942008,300.8486334444852,301.36415895611015,303.70398212623644,247.70939952094744,252.43170665523266,1.0,1.1513756181585826,0.3832914314407089,5,-0.08553673805013291,0.009904512263245055
2020-10-17,303.5299514493439,224.83976147321803,265.27744994065057,300.64139533796555,300.4863803743922,303.5299514493439,248.52634953774384,253.72087949641374,1.0,1.30126784726467,0.38292490433969034,2,-0.03133125599113206,0.03525699953638787
2020-10-18,306.9648593096648,226.31581308613866,266.684763261129,304.0025517638762,304.09865903888794,306.9648593096648,251.69632569453347,257.55427782261233,1.0,1.3413358238016637,0.2972278115085485,3,-0.04231301668551117,0.033752825909240954
2020-10-19,304.2280607789019,224.38191619868817,267.07147778274066,301.18369299417526,302.34751246887464,304.2280607789019,257.0339659060695,259.9847481064532,1.0,1.5253771554143833,0.5985218579530388,4,-0.09666749777599444,-0.02644445504180374
2020-10-20,303.1416824003464,224.1497236239723,265.88801283691936,300.0661634474669,301.193003400771,303.1416824003464,260.42672671785476,248.51084198921112,1.0,1.4679989714970154,0.43769549186426715,2,-0.03384100313497031,0.006568827822007999
2020-10-21,311.421772618771,222.19862069621698,275.8524406155152,308.19556677429546,310.8052862465155,311.421772618771,280.0361532662136,262.8051898946504,1.0,1.6225028037319855,0.5955805906829984,3,-0.058746818351997875,-0.025284692467137458
2020-10-22,316.690651156477,222.7498250908486,281.08517485573736,313.3430397543386,313.57848765594804,316.690651156477,283.8178024197741,271.84209132201596,1.0,1.7183993808202103,0.8679230631191411,6,-0.09149689985292402,-0.15982535754935068
2020-10-23,316.8409467019485,223.2495340836962,280.5048240440055,313.1892244446628,314.2229429639755,316.8409467019485,282.8756728129409,268.97122492998517,1.0,1.7967667094343158,0.9584842967191104,3,-0.05196706274730192,-0.0757636858940196
2020-10-24,322.0189148530594,224.63378369619417,283.7845990912008,318.38260779112136,317.6600658425137,322.0189148530594,286.92562647241954,273.02665632448463,1.0,1.792542784629673,0.9593570060280396,0,-0.0,-0.06606191528408842
2020-10-25,319.52862346069713,225.52062073839213,280.6101972983687,315.8241689211726,315.46882652975927,319.52862346069713,285.02013925135174,268.5447090628518,1.0,1.6445709565189572,0.973735385999366,2,-0.030538100786478877,-0.002887226845913509
2020-10-26,319.8407323096552,226.5221499129645,278.7826795763082,315.9796512417069,316.6632100709748,319.8407323096552,285.5328941105411,262.1412411071226,1.0,1.6233828634470013,0.9737860119756326,0,-0.0,-0.007994830878924806
2020-10-27,331.57223783138284,228.69352210652156,286.8388452465191,327.63596878168426,327.9430993411355,331.57223783138284,298.2727623874725,265.57267491432106,1.0,1.6777229039772577,0.9017740234138653,1,-0.016982830714164423,-0.05949816043890532
2020-10-28,327.6022511252006,230.88508370929253,279.25184635737725,323.69776033474983,322.4365856315937,327.6022511252006,290.10523182844275,255.34473715419256,1.0,1.4227292888827694,0.6838256369719657,2,-0.049746261655358566,-0.005915611205668525
2020-10-29,329.79306937285304,232.29826752586047,279.4920598944847,325.83658665360696,325.44109735825054,329.79306937285304,294.2737997148444,252.13635539241866,1.0,1.347185635085963,0.630453289241543,1,-0.0128224920403609,-0.010512338290771119
2020-10-30,326.78381667937316,231.99334300550302,277.3148216110361,322.7007783243175,322.5946406058605,326.78381667937316,296.5163089090884,248.1195917072105,1.0,1.1340108824199353,0.3888969197200366,3,-0.08010731698374002,0.08540634867255305
2020-10-31,329.89403439129603,233.13888383463686,278.65170298173064,325.7769573405461,325.35929282437166,329.89403439129603,301.6506417095331,250.27006547804328,1.0,1.1360111199556309,0.3945767275653061,0,-0.0,0.026928899454072525
2020-11-01,328.591616165409,231.60215740526348,279.1601109240389,324.53738368528116,323.8179187633856,328.591616165409,300.975065845121,253.07522745357116,1.0,1.1119945240574753,0.4982869203443722,2,-0.024392258774276383,0.003662059531695454
2020-11-02,323.54363929806016,230.53047871347445,274.7771768814265,319.3210482510182,321.5936608069872,323.54363929806016,296.32853952403315,242.71333163802012,1.0,1.0726232105930336,0.3354425728654638,5,-0.06286331704116688,-0.04677574957894665
2020-11-03,329.7280667117361,232.76039629646087,276.9460171680712,325.41867222453305,327.35250392466025,329.7280667117361,306.74580117673196,239.48072686193734,1.0,1.1273824948788385,0.27227706927273015,1,-0.01742229521108118,0.06577568936172534
2020-11-04,333.148917774023,234.0653302984613,277.9675628782003,328.7312877873436,330.54257624887373,333.148917774023,309.3229250443436,238.53228532494904,1.0,1.3599353309516615,0.5268414051459197,3,-0.057569607965521116,-0.018534537819941608
2020-11-05,348.42520737081395,236.06960995345366,288.5801545656526,343.74267955683695,341.76843884227867,348.42520737081395,341.3715262390209,249.02248527620307,1.0,1.4506112133724718,0.6240572245910072,3,-0.06927570850607437,-0.1557233552007457
2020-11-06,354.31466587147446,234.94574467136144,295.0996305708904,349.477295611332,344.7338211721094,354.31466587147446,341.20104564349873,265.20380246545255,1.0,1.4689211624154723,0.715399022967805,4,-0.05018566619600461,-0.400840282833445
2020-11-07,340.5530109208937,233.6823056139605,284.56732742762773,335.83206258964367,331.88515263458464,340.5530109208937,324.42391674244203,251.76052440256623,1.0,1.2099358878051079,0.468506805293314,3,-0.056441330634431255,-0.41072334679799155
2020-11-08,347.19868007215547,234.21348672847492,289.87521334401316,342.3014135920166,341.7458087830308,347.19868007215547,338.62392177588714,262.62581094659606,1.0,1.526511939382265,0.6082894426073141,3,-0.06996275625384651,-0.15211192020863948
2020-11-09,340.5672352949108,232.3334935377921,286.8017056532465,335.7069833220531,338.06469272660024,340.5672352949108,335.46204290027123,259.2072410007939,1.0,1.48034779272574,0.5619345675714043,3,-0.0507485578940185,-0.08381708545515924
2020-11-10,339.3216873127525,231.82438243473013,286.87767130788916,334.42666814579616,336.4635910563942,339.3216873127525,334.71709303228977,261.0856774918382,1.0,1.3112873590797727,0.5693864463063553,3,-0.04389190507812918,-0.14101107359830123
2020-11-11,343.29927927487364,232.85469834812545,288.81202910215217,338.2972158566463,340.8501354039923,343.29927927487364,343.37374314329907,261.36167427279975,1.0,1.435894291860206,0.5339460671385341,3,-0.04440673377432237,-0.15805572793285902
2020-11-12,346.5048404137983,233.95956562125306,290.0927899020712,341.408161502283,344.17261794289357,346.5048404137983,356.47777022761045,263.0181027798856,1.0,1.4550178039565442,0.5678869435608336,3,-0.045976014928485215,-0.06132622915233828
2020-11-13,351.451288223608,234.55426334669644,294.3867716918809,346.21367082202096,350.4069939053147,351.451288223608,357.1675710454358,270.52713742049804,1.0,1.4614740457670226,0.6369129857558715,4,-0.07635318783691356,-0.0012388434835623203
2020-11-14,344.18638935680616,233.1476262913157,290.52819413542704,338.6127836273065,343.82051285416816,344.18638935680616,351.5644713186643,264.9057230108868,1.0,1.4474624481454703,0.5735294739793145,3,-0.05497067828327199,0.11184622091088382
2020-11-15,338.89481284673917,232.01271318452882,287.7659165826802,333.399530283151,339.3979897405066,338.89481284673917,349.10815013234696,259.83428267646696,1.0,1.475915142233867,0.5347135147980309,3,-0.05039836761385576,-0.05736764465479947
2020-11-16,361.4761380322149,236.9273471544362,296.8155323224484,355.56932924099834,357.5930428102631,361.4761380322149,365.6266037267191,271.4953845934983,1.0,1.4659825854482929,0.5638548837512708,0,-0.0,-0.027124079436279612
2020-11-17,374.61744196742484,239.00623613711917,303.43661865267524,368.3723545994344,369.3718871123994,374.61744196742484,386.7001062494599,283.0871628394569,1.0,1.5766130131520348,0.47664023989922666,1,-0.027109539347574284,-0.29716149989524443
2020-11-18,374.86497259535065,241.05573236484395,302.10174954913475,368.57041630979927,369.78668031559175,374.86497259535065,389.2892666161136,277.19815069286807,1.0,1.5428597982529195,0.4476878515164508,5,-0.0849110369747276,-0.10547126459917243
2020-11-19,378.2990568086315,241.92943970059386,304.05570295581754,371.81092608997494,373.7517368994976,378.2990568086315,389.8004895572431,279.0712405124826,1.0,1.453231511246395,0.5538421253893333,1,-0.026593392862260503,-0.24422062774302755
2020-11-20,390.6372664432582,244.89521107165754,310.5565702766943,383.8629117371488,384.2388719126071,390.6372664432582,408.4599080630321,290.5066865854601,1.0,1.69888942140757,0.6449451157181973,4,-0.11435939723341544,-0.30487967149318623
2020-11-21,423.13251911299403,245.39889483912432,337.8616793921815,415.7320573188287,399.02954550082836,423.13251911299403,409.72220854438257,330.3852761279668,1.0,1.5728540193515483,0.4835191047446818,3,-0.11081746300838824,-0.47241798376811006
2020-11-22,419.43161131468685,246.06400293351246,333.9458727844361,411.96522120072046,393.7262559093976,419.43161131468685,403.44594025300734,317.79627811267716,1.0,1.514344175960453,0.3187827776898144,4,-0.0980343517253656,-0.7461948366398501
2020-11-23,427.74234440285437,242.61494115057914,342.8356604580184,420.0934944666652,404.2459699102311,427.74234440285437,402.2832144455497,352.1650453181074,1.0,1.5803455416722507,0.3601668270993933,3,-0.05812065953866545,-0.3794653478944864
2020-11-24,448.3934427124186,251.3585583085401,347.1170995225655,440.329218417577,410.5854033010071,448.3934427124186,419.7376699745154,384.58514611321704,1.0,1.468514490397522,0.4351504008361493,4,-0.06825559848636673,-0.49882651918518417
2020-11-25,433.6137876713702,247.49451208523672,338.52410785584703,425.6663687073169,399.9967500510403,433.6137876713702,410.152896364649,360.7309760550424,1.0,1.3004119042863316,0.19733836205986546,4,-0.11165360676593312,-0.4059351414731092
2020-11-26,425.01348897707646,247.54927234362643,327.32060187404977,417.10438169539884,379.11609329859715,425.01348897707646,375.4367881368265,318.96318693796377,1.0,1.005788191127602,-0.06472280656036596,3,-0.07321127962371891,-0.037929276016414416
2020-11-27,435.4654092116752,255.23035069310095,327.31010153136793,427.3421042689687,388.43259638274367,435.4654092116752,375.19080586549535,323.2096310716142,1.0,0.913777728974083,0.04530394484555637,1,-0.025739216295258275,0.011601730437196367
2020-11-28,446.2719325935662,261.178785777256,327.66038760474146,437.9732169202215,396.6035317901719,446.2719325935662,387.7446555208686,340.3015425659633,1.0,0.9420073365833115,0.06850347434336485,0,-0.0,-0.03635362162284154
2020-11-29,445.12349204526953,259.1860366829578,328.341971007282,436.82463171634356,394.3615509641878,445.12349204526953,397.8848588501642,345.7385341446678,1.0,1.010576032367521,0.11802045582720645,2,-0.01612386236841627,-0.0607271341840729
2020-11-30,449.59112184779985,259.45629654199917,332.0713587983221,441.16375525590365,395.0747697165836,449.59112184779985,431.56320201512887,367.1795683689886,1.0,1.1830135643468165,0.1907396861805193,3,-0.06140819989434556,-0.14943095479218854
2020-12-01,441.48886895619785,256.2251768248831,327.729980497215,433.1486774957756,390.30629462335384,441.48886895619785,410.8319737560553,342.62480539348354,1.0,1.1261985540974737,0.177225766439702,2,-0.04071572223032913,-0.15523994412668043
2020-12-02,441.97039015495557,255.25617716432788,329.4565278583255,433.555890034317,390.3674842326012,441.97039015495557,420.33664993593305,351.5803314511799,1.0,1.2821959241873009,0.2626760668899806,3,-0.06644601313542016,-0.043871876761284366
2020-12-03,440.9039997415123,253.6301671319311,330.37448196912493,432.4133360221188,390.86245627255545,440.9039997415123,425.31078787640064,357.09122482560497,1.0,1.1864024851767854,0.33186824226265244,4,-0.08499917454069147,-0.21982589582646675
2020-12-04,424.5093647950023,246.7619564883291,324.1847102623769,416.2154908224406,378.66975451285543,424.5093647950023,408.4575007632236,328.1347857806193,1.0,1.059494638933065,0.23242547625263893,3,-0.06681384502245036,-0.05014085133092898
2020-12-05,431.18604270476675,250.24061464038024,326.3353199556447,422.77193130704046,385.76101679299927,431.18604270476675,419.0369268848338,343.139513255593,1.0,1.0888046483682927,0.2443716565931152,0,-0.0,-0.026178359645454664
2020-12-06,435.06238198874115,252.26754286651104,326.85268713026727,426.5527162262938,389.2458553745846,435.06238198874115,424.01347212510973,344.8720381101449,1.0,1.0134288460371264,0.1760454257028231,1,-0.022891630741189835,-0.024193404454234124
2020-12-07,433.31870366658444,251.1261185637324,325.9529776491858,424.79444828542483,387.4684955992861,433.31870366658444,419.5897304590176,339.612979309332,1.0,1.0046896301188961,0.30901990440458604,2,-0.041281683584703924,-0.04192508541268379
2020-12-08,424.1917067794876,247.10978507409135,321.779119129779,415.74471856040884,381.6440040534892,424.1917067794876,400.9099593275756,317.33238750194505,1.0,1.0221669745636408,0.13116358012719487,5,-0.08633486220537501,-0.04338787077644408
2020-12-09,427.86373178808617,249.87163107123237,322.541440496805,419.3197019285229,386.6046786105947,427.86373178808617,405.6952336558022,325.35044948116104,1.0,0.9402252237983605,0.039053360548686446,1,-0.02984051155117654,0.0015496424195585064
2020-12-10,429.47673501283697,250.43303324926828,321.8774484664754,420.86326321274476,386.38058649998794,429.47673501283697,399.46973750584056,315.1375320698438,1.0,1.0081045846772687,-0.05666676869219283,1,-0.029841171526050772,0.05917474393869697
2020-12-11,426.70069374679593,248.61285895828075,321.19053804661297,418.1331773401971,382.6096588393337,426.70069374679593,394.610493419865,308.3287626506801,1.0,0.9947883118420663,-0.06474888764650913,0,-0.0,0.5152952104071127
2020-12-12,423.13317018532575,246.34244160764956,321.6596251264955,414.51477536924006,379.9493014810737,423.13317018532575,411.42942179941303,320.149971980904,1.0,1.0258594249768593,0.008511518210840759,6,-0.10853247443094279,0.02229376461118454
2020-12-13,423.9297886442725,246.33035942442083,322.26874194127515,415.17712673370477,379.12430382565213,423.9297886442725,419.63765760974843,333.60466128531533,1.0,0.8950805034410819,0.026380750539485243,4,-0.11054290576397122,0.04866024412342504
2020-12-14,421.78161611729695,244.83873542913298,322.2979084273781,412.9793356721295,375.79568797199477,421.78161611729695,421.73047652499724,333.7012420426872,1.0,0.9990074799928091,0.08679201987564711,3,-0.07744500986178209,-0.007771118440968297
2020-12-15,420.2166659158989,243.66635701527818,322.3854218044563,411.35723773981164,374.8418005556967,420.2166659158989,425.10529201093794,332.24745306171025,1.0,1.0928908602193674,0.14102825390998996,3,-0.07752195952300062,0.017502608281789227
2020-12-16,433.1550075860073,249.7824044875459,326.8842842016072,423.98188882665784,386.07175074767525,433.1550075860073,467.1649777270057,362.0440628732203,1.0,1.1564081525620187,0.16984534419524014,2,-0.06248439166932204,0.021816071394841777
2020-12-17,439.7500961836986,252.77583631168574,329.61979206712215,430.38433602565163,392.3077153792849,439.7500961836986,499.3394150480312,361.47543716695833,1.0,0.9684928847979122,0.21522495671160546,2,-0.05405158142849212,-0.07290247014345891
2020-12-18,447.21342698260804,256.488989912622,331.31921417476497,437.65196562055286,398.85912358234793,447.21342698260804,506.06584840357726,366.3007178114176,1.0,1.0999630670882372,0.14916801373759458,2,-0.03883696232829702,-0.04395019818982382
2020-12-19,452.58426265467176,259.07569562757055,333.4269223468533,442.854213598355,403.30911888341643,452.58426265467176,521.8868415898245,370.30631165706893,1.0,0.9410036650145533,0.1772190359675794,2,-0.05189740755343908,-0.03592100985262303
2020-12-20,452.59736551030267,260.17975308823685,331.2438950422757,442.81467201493984,404.31791781496105,452.59736551030267,513.6950191872736,367.3863612309872,1.0,0.9820992541410946,0.24146167366077737,2,-0.03374169967659416,0.1430053874658329
2020-12-21,445.21008429589193,257.4053628403834,328.0774128307245,435.5483974189487,400.881777733306,445.21008429589193,497.4378670448314,347.33968994779707,1.0,0.8805740424247379,0.15684525709388242,1,-0.022426486474448695,0.053134689820744235
2020-12-22,462.38795735485877,266.196448719181,331.51310605845435,452.30171829791186,418.7119199271628,462.38795735485877,521.4428041978931,354.22790132584106,1.0,0.912375700519417,0.164434681260619,2,-0.06871071660158641,0.12539003872110968
2020-12-23,473.321922499954,275.55851057319046,327.6106580596314,462.92239276395355,427.47110767128265,473.321922499954,508.5589356233319,304.2090245337888,1.0,0.9196937867942498,0.13685377263068413,3,-0.06278972476380995,0.10987978799288614
2020-12-24,463.7638656591,269.1159932099582,330.14372851202114,453.43679624505825,419.0315395185493,463.7638656591,519.4830433084177,338.1699072618716,1.0,0.9832259881445259,0.16049530810625767,7,-0.12341886180574359,0.08783907531671231
2020-12-25,482.44360582135,276.7144772473886,333.81799158149585,471.7329381929631,434.83495881004984,482.44360582135,541.2047660159297,345.7420330220336,1.0,0.981176461405313,0.19305456302794927,0,-0.0,-0.026274837712604082
2020-12-26,506.6214894394568,288.2638386422571,336.4653617147239,495.33567558321414,455.75437912268313,506.6214894394568,580.1336489084538,351.1264563503964,1.0,0.8140206153076439,0.29530035633711665,3,-0.05491498402955807,0.09946744154738253
2020-12-27,498.32217953227115,281.649427646555,337.5222224329028,487.22491906129864,448.8218300933339,498.32217953227115,575.6869284714631,351.69723230410995,1.0,0.8259840257282614,0.28402259505789856,0,-0.0,-0.22856215333694083
2020-12-28,511.26475834488,288.64348919687427,340.1057554889724,499.86332165425165,461.38827077639263,511.26475834488,593.129347501387,366.18858519405427,1.0,0.8686652612656378,0.22443498666088646,2,-0.027989550031622887,-0.22544372475720223
2020-12-29,516.1063415736539,290.7317697360378,340.30834638901047,504.60159720566435,464.72742615083195,516.1063415736539,599.6984309876386,358.10458928862397,1.0,0.8371573601547152,0.2321458464390244,0,-0.0,-0.2246610690758016
2020-12-30,529.3650162976384,297.69337183740436,342.75123516944905,517.5727161238235,477.45579967191674,529.3650162976384,632.6162862585858,354.8410756465593,1.0,0.8457309497601306,0.2290838992354891,1,-0.008463853196352608,-0.28113880990873963
2020-12-31,528.3226541955553,299.58453830913356,341.4762701973026,516.5158776272486,477.2590643718665,528.3226541955553,633.5943065171078,357.22403711612276,1.0,0.7778556213616864,0.16159945660685457,1,-0.024492635133914725,-0.11500000845607981
2021-01-01,526.237007574897,299.05368937477397,341.83064137467795,514.4134830588563,472.18796094525476,526.237007574897,642.0303604274928,353.6495807148859,1.0,0.8542937055028128,0.2093442706874893,3,-0.05838674313576794,0.0667752473270766
2021-01-02,553.4410114216016,309.2176597995044,347.8595919554223,541.0213655692977,496.6859791692757,553.4410114216016,704.6803379411242,361.3895573816287,1.0,0.8687385966836872,0.1790180713741615,2,-0.02708093611263586,-0.36720673118935315
2021-01-03,576.2927052316704,316.387770853851,358.1228106580707,563.3580711408613,520.9609229888564,576.2927052316704,723.3833066889016,391.3141787187632,1.0,0.7961505272404894,0.19136669743671955,4,-0.06645052048439894,-0.6024252313946237
2021-01-04,560.4085941950029,308.2833724989378,356.9592812389253,547.733809574712,507.4999756459793,560.4085941950029,700.9853515806661,400.74214754364664,1.0,0.740959973818581,0.14335004272452223,4,-0.0713987019696375,-0.5650986938420212
2021-01-05,572.1974747516314,312.10210999533155,360.2502632294626,559.2504599195023,513.7159155646227,572.1974747516314,744.0639816519988,415.31652247778334,1.0,0.7943267452043211,0.20913178146814052,1,-0.019014372885226855,-0.3587965597849337
2021-01-06,582.8319924002656,312.63897646366655,367.0573392718818,569.6344027621728,516.4956274819834,582.8319924002656,805.8694346237559,468.23668823759925,1.0,0.875281483252804,0.24612488953732625,2,-0.02450169287454184,-0.6633813261322336
2021-01-07,572.2925952532039,307.1542473469051,368.21707257375334,559.2987033981215,512.6007730728121,572.2925952532039,864.4158413458124,465.02013427613394,1.0,0.8012131192735802,0.18599569156256657,3,-0.04359220650245367,-0.5887190191301186
2021-01-08,575.3039820886437,308.6286312994086,368.6291565825075,562.2260779245325,515.3364479015611,575.3039820886437,889.3272362994555,457.0680308015303,1.0,0.7574978012920792,0.15419241490685637,1,-0.014782304836536371,-0.35496247115592355
2021-01-09,567.2150536589238,302.6165517822394,371.00749635795705,554.2363220976437,509.0791113843858,567.2150536589238,878.35892183607,497.2851618438739,1.0,0.8003034176285293,0.1628943776294003,5,-0.07169113581029882,-0.3396950030476169
2021-01-10,537.8035194531233,289.81425689798766,366.93030283342654,525.341846357032,479.3415825976224,537.8035194531233,836.4638078887218,504.3996565682385,1.0,0.6419531430618107,0.20158452372402003,7,-0.12780352589141636,-0.3819997347120502
2021-01-11,521.467455583513,287.1336248925091,358.1582333967496,509.26655461201665,464.61449245619673,521.467455583513,774.8979906706193,444.4241266664938,1.0,0.5349455068050663,0.07845854146861564,6,-0.09775729967552264,-0.15141037515622585
2021-01-12,517.5247343151094,286.21718181393584,356.94420247226816,505.35843099257477,460.24161965312993,517.5247343151094,745.3197167702356,440.61574077403753,1.0,0.528208696723117,0.07351150331272481,4,-0.049457761795524205,-0.0982347338719269
2021-01-13,522.2172345335719,288.0131186897261,359.6762018349093,509.9319210252214,464.02024008729904,522.2172345335719,818.9430421923064,481.26619926729137,1.0,0.5885687738083791,0.1011218076000263,1,-0.007,-0.06402927643706297
2021-01-14,525.0362644505987,289.6901407925123,361.8971213316319,512.6734359746079,467.24966540923975,525.0362644505987,857.0711696303812,490.0713656620944,1.0,0.5482182962355494,0.15563933859020748,1,-0.01815209200348354,-0.14000420503600586
2021-01-15,516.8651521777466,286.081080253909,358.38755751047967,504.5393759345858,459.5266105614191,516.8651521777466,804.3716564520562,478.25655349230186,1.0,0.49788982355951455,0.1155816273307724,7,-0.12452349997242625,-0.20426485974043848
2021-01-16,517.359973350614,287.81921230947216,358.4213601491346,504.99680247331,463.40262763663685,517.359973350614,788.4051310501193,489.73960873901746,1.0,0.5077934170190679,0.12509673517491463,2,-0.026301025379484415,-0.16887899907735374
2021-01-17,522.3187933639016,289.71305603845406,359.9580152309441,509.8264537201866,469.47093513370106,522.3187933639016,784.9948626033638,495.5563759229905,1.0,0.4785713478100788,0.09866397612738598,1,-0.012846397557492117,-0.1943354828562739
2021-01-18,519.5970111691931,288.3774909683968,360.01739536928216,507.166453587687,466.96590330340314,519.5970111691931,802.8751913529794,506.6291186683226,1.0,0.4873792662698065,0.09407534534593545,0,-0.0,-0.06900150182518018
2021-01-19,515.2243634210106,287.09367268498545,359.98046442371725,502.8976684659788,462.36330942433284,515.2243634210106,785.4588149300737,494.0261933079694,1.0,0.48288543692184066,0.08693955118215,0,-0.0,-0.2847543956564056
2021-01-20,519.3602395442525,289.41223771226856,360.399046430963,506.9371005241786,466.2343026134888,519.3602395442525,776.901301802083,494.9710668510492,1.0,0.4837348812702936,0.09426343699142234,0,-0.0,-0.027430178956121556
2021-01-21,504.1852233548251,283.41549544884424,351.2437564330259,492.1033447872487,451.84836443331557,504.1852233548251,675.7940533129372,424.12443867996564,1.0,0.42001528388161785,0.06325098714415052,2,-0.016682703608835774,-0.0786462693485708
2021-01-22,515.681005046873,288.65962258187966,351.2297564330259,503.3289174893398,465.3021186106339,515.681005046873,721.89099965313,456.49289766363603,1.0,0.44556218495433547,0.08424918964307995,0,-0.0,-0.059712016793470095
2021-01-23,520.0919927727175,289.54316689427674,352.715207108712,507.5811354785576,468.060683883499,520.0919927727175,702.1979741477887,464.4797973532577,1.0,0.5080706314664254,0.11711027057562072,4,-0.04815629097935912,-0.07152519354152745
2021-01-24,526.3833869118226,292.65021476030734,353.9670818080238,513.7049695198739,472.8031655658016,526.3833869118226,706.3374355910526,475.04548145780916,1.0,0.5629839042316522,0.0816718931855171,1,-0.017091867343116605,-0.1910810935276368
2021-01-25,519.2397995176699,290.0658788024473,352.6403129650633,506.73016014848344,466.7571979259274,519.2397995176699,705.857069856558,462.2693472628745,1.0,0.548184161860354,0.06921434408371814,0,-0.0,-0.09170178943648895
2021-01-26,520.548242368181,290.3957369070848,352.91801935817244,507.97797944652825,467.67519787561133,520.548242368181,710.6817363634675,466.11928477715765,1.0,0.5553880600552369,0.0762183485764288,2,-0.02674948002690846,-0.012663609343429229
2021-01-27,515.3197048500498,288.822529839003,350.86436313772754,502.871181687676,464.49795070411767,515.3197048500498,664.8751979183425,427.8086227212008,1.0,0.514679109230253,0.06689415647002334,0,-0.0,-0.025087098791368938
2021-01-28,518.1026026891939,289.2756851674458,352.5090081077911,505.5370565388864,466.4021284907055,518.1026026891939,730.938288869412,547.1168600005063,1.0,0.6158281934871727,0.05746692621603004,4,-0.04806549718123674,-0.14056847248379403
2021-01-29,519.0345808298647,289.78921808639313,352.73553813612835,506.4154169337743,462.5617644735107,519.0345808298647,749.969088082006,563.0694954717982,1.0,0.5575238850074524,0.06610350450409447,2,-0.028549672476230296,0.1142797667774821
2021-01-30,494.8129147255483,276.697200079728,353.0889277752297,482.6487928058099,443.5991270642909,494.8129147255483,750.4177212281172,574.5193116452516,1.0,0.5194273371811912,0.12418145269304719,7,-0.1001812867763422,-0.05114842883240628
2021-01-31,495.4817088595463,277.9190702892103,351.61978944542153,483.2389596146105,440.85207293427493,495.4817088595463,724.9519907822306,573.262952408372,1.0,0.5037995992939903,0.11606284831797484,2,-0.033024995718204934,0.017483271030642386
2021-02-01,493.3881711063378,277.5278385395293,352.2306263842334,481.0260783885539,444.4045149253243,493.3881711063378,734.1408729963337,593.590857977066,1.0,0.5300016960642161,0.09125599891699172,4,-0.043029151495865725,-0.049403261947883005
2021-02-02,492.0523316456505,275.2911978584859,354.1879061800968,479.71308766508037,443.425371307147,492.0523316456505,776.990153049557,605.741521576612,1.0,0.5539216063685096,0.08510069430191407,2,-0.02202777608277899,0.06324853699093488
2021-02-03,499.6428963464312,277.31436085732173,357.457169909143,487.0329774175436,449.1693824495315,499.6428963464312,824.0080009891819,639.2320847582412,1.0,0.5526189784317552,0.11786181735608703,5,-0.07121159712123801,-0.03831107716259326
2021-02-04,509.92164898052465,285.4591009085862,355.21278272485074,497.0308411082476,458.8331702604335,509.92164898052465,809.2232409477326,637.8297176071784,1.0,0.5387053092319295,0.13184510336726163,2,-0.028469287764147463,-0.11841984476715213
2021-02-05,513.5159313468165,286.3048401593506,357.77098026672246,500.470815704092,461.5878845303435,513.5159313468165,839.5490908613434,703.3832204685823,1.0,0.5603409417716474,0.12872983082940107,4,-0.06087666582395523,0.05056147674958205
2021-02-06,514.5778878861425,288.06584375319704,357.21968092319,501.4466302816516,469.1468351931149,514.5778878861425,858.9582738347307,712.9290465831831,1.0,0.5451836890776354,0.14820399635981651,4,-0.0556036173353288,0.01563673314651151
2021-02-07,514.2559520498045,288.68881563572927,356.1695410401012,501.09910377294113,470.22804665158543,514.2559520498045,850.19810983196,726.7322727101391,1.0,0.5421399700350064,0.15029980133641,2,-0.02820990631548896,0.07116068144956798
2021-02-08,525.0944902047034,290.58811560834914,362.15281652936557,511.671653344165,480.2624496912149,525.0944902047034,1016.5659430542295,777.7320658458676,1.0,0.5761231588890191,0.16831044901867145,0,-0.0,-0.2477838395330433
2021-02-09,530.5868598759627,294.1514319566129,363.0235504972931,516.9607596804638,485.13681886465,530.5868598759627,1017.4680239460685,839.2261611365013,1.0,0.6312794580539696,0.1770498937799986,6,-0.06228982612691149,-0.47698642159743115
2021-02-10,535.0633920977226,299.01856246856426,361.17739093874144,521.2882171338767,489.53195709244784,535.0633920977226,981.5217855161532,870.5381397052239,1.0,0.5400841834059157,0.1659841749108551,3,-0.04124145082966278,-0.4902050770538843
2021-02-11,535.006505313385,294.68310028105105,364.25333708832824,521.1732304297419,487.58330852110697,535.006505313385,1051.7757665882114,942.0272013166191,1.0,0.4907271591871717,0.17434767765195028,4,-0.060702695570488116,-0.4547424604932785
2021-02-12,535.4001615095648,292.8471851057865,366.8650027161698,521.5308448180398,486.13872403297023,535.4001615095648,1036.4745313151416,1012.5450984159668,1.0,0.41166948559817373,0.1851742404938643,3,-0.04363152352792782,-0.4186314364079551
2021-02-13,524.3513085536374,284.81751997254537,368.43929708921866,510.69425881094753,475.07197195918656,524.3513085536374,1033.4236070761494,1085.834857557701,1.0,0.3418450265731937,0.23058687023713217,7,-0.07818890016360859,-0.5051100873130862
2021-02-14,515.3276819343274,279.8125302830569,367.5727134480774,501.8533717625055,467.3623254747348,515.3276819343274,1064.7970700972885,1020.9444748647506,1.0,0.29923854580459625,0.19057975831262197,3,-0.0337845339900529,-0.6872014671944031
2021-02-15,518.9779912939074,284.1439801967106,365.73069124397665,505.36152373774524,469.058863071254,518.9779912939074,1050.054984916079,985.1727884768687,1.0,0.34693944107261354,0.1936258624419893,4,-0.03857572269050457,-0.10236424900600731
2021-02-16,522.9126549060924,286.8664430453292,365.3725757334654,509.1380278032923,472.64936142015324,522.9126549060924,1076.674468506501,982.7959888078667,1.0,0.394122252760128,0.20319932044895972,5,-0.06482884652476785,-0.23995833659343066
2021-02-17,533.3366792795948,289.7223636663083,367.84347469391406,519.2873241613186,479.56812026452747,533.3366792795948,1142.2554429595789,1024.810928441227,1.0,0.4040193383041993,0.2195137768269034,0,-0.0,-0.3952282844010108
2021-02-18,535.0880524589429,290.557338711925,368.6657945510001,520.9347474584563,480.9722652691166,535.0880524589429,1129.6735810882535,1068.0669173188276,1.0,0.5115569927982409,0.22473541985056347,4,-0.0583385388084592,-0.5212347373553354
2021-02-19,552.1849580485311,297.0821086108464,371.42742800546995,537.502578075358,499.3215044319648,552.1849580485311,1225.6241745423677,1148.8302702044493,1.0,0.4665021577241492,0.19235189909837153,4,-0.058440503728402135,-0.6729841481195245
2021-02-20,547.4598773790219,295.32293020326983,366.9356684712261,532.9145954548284,500.35445429007564,547.4598773790219,1223.7270034479106,1091.7331991029841,1.0,0.48244525291768825,0.15266555597774645,1,-0.012981437813551168,-0.6214516152993879
2021-02-21,550.6772643036293,295.94537755427507,368.00927576075156,536.031956194305,504.99914774468107,550.6772643036293,1258.0861747677784,1120.764634778773,1.0,0.4941107221372187,0.15793998734108403,0,-0.0,-0.17830667295329689
2021-02-22,546.0314060673877,295.50206926678595,362.95201708175637,531.3936747782175,501.1882406887762,546.0314060673877,1184.415578731288,1041.9460867402045,1.0,0.43894886974344544,0.10395318479823272,7,-0.09389401037720778,-0.06837926993714932
2021-02-23,542.7562155595276,296.24144119671814,357.6569087790886,528.1324431221037,496.9155593589214,542.7562155595276,1070.810723864111,889.9761580257225,1.0,0.3934349143309137,0.05489448952868771,6,-0.06375426526172895,0.0064945973814544075
2021-02-24,542.7729539578299,296.0399743632047,357.9456270045428,528.1250432159372,494.2644655265352,542.7729539578299,1087.7062481466535,921.1431891354346,1.0,0.40511942076369994,0.05337342220895143,2,-0.022162236557744255,0.09135059702626466
2021-02-25,541.3484819302934,295.80205912667225,356.88521556120014,526.7251961845085,493.738144322036,541.3484819302934,1030.52937617014,857.8113400420431,1.0,0.3561439401205046,0.0261878539711573,1,-0.009311950787819127,0.07494812640247957
2021-02-26,543.2354122958341,297.8986604528318,356.55137070145844,528.551265198729,496.2333640967325,543.2354122958341,1013.5417179585668,853.6026197938966,1.0,0.3286488598670262,0.0042322183520135635,1,-0.009628813655383421,0.018775210992965485
2021-02-27,542.3813218136165,297.7000603099513,356.5404401735613,527.6916394853632,495.72399084821893,542.3813218136165,1008.9350215070361,878.4786804037218,1.0,0.36260311956001384,0.029676529912167873,2,-0.024171289908582,-0.005506729451345411
2021-02-28,541.2162839534285,296.8657645080311,356.52909963438753,526.5343452798041,494.58936155181453,541.2162839534285,988.3795261339758,830.4046537365656,1.0,0.352439046767065,0.034500590971334455,2,-0.019280110405319552,0.003337916181652506
2021-03-01,542.5352426826516,296.323903291194,356.33471678532135,527.7844722917239,495.07608957034853,542.5352426826516,1085.3136109825402,902.4113216583114,1.0,0.4633213585165436,0.06661518625115286,3,-0.031277032368206656,0.01669708247881757
2021-03-02,538.5607417980906,294.6833318870924,355.1978022778102,523.8607190844772,490.9645643636257,538.5607417980906,1060.3186170719146,891.0632092521329,1.0,0.4534125022698178,0.06561996791384561,4,-0.049937428184263735,0.03835359573808725
2021-03-03,542.8138056494781,296.50886528853994,355.0640676273516,527.9769696545181,491.4299194046788,542.8138056494781,1102.4065338493717,931.5382076035265,1.0,0.4191405538336065,0.08581553229439744,2,-0.020154345717754193,-0.04757379286619598
2021-03-04,535.6111805502691,292.69176755291005,353.44715336978925,520.941769457428,485.6701708558267,535.6111805502691,1058.9004986393293,904.0697542949899,1.0,0.4108731052864867,0.13388339239675714,2,-0.022575173829084097,-0.05738778726150276
2021-03-05,537.704428336989,293.2856174673417,353.9778193563003,522.9646791257991,489.4061804381816,537.704428336989,1067.3216710599895,895.696754949174,1.0,0.44256318926261795,0.10534939805016678,1,-0.012028547652979256,-0.01575916639194029
2021-03-06,533.8622188752295,291.583402024327,353.6461537331966,519.2047227922395,486.2716065461534,533.8622188752295,1070.3338596566105,906.3692091867854,1.0,0.4355156211300495,0.15148344777929273,1,-0.019641166029635913,0.011788617923284343
2021-03-07,536.4648493640149,292.4145389108592,354.5312588243225,521.7216747766263,487.2594543582553,536.4648493640149,1116.0082154577105,937.8129232944657,1.0,0.5216931101899226,0.16513098723906855,3,-0.02759481578170453,-0.08053779954806511
2021-03-08,539.747412843022,293.19681545474674,355.2873043606317,524.2428291410123,488.76034036022395,539.747412843022,1147.3941526687663,970.5416626309731,1.0,0.5524562473719642,0.14492813622310513,3,-0.03432921919470451,-0.17827590254842995
2021-03-09,546.3270249310906,294.91750875313346,357.57098594045164,530.8319235701472,494.64922865040893,546.3270249310906,1201.8505570163497,1015.3582322832486,1.0,0.5866240499970954,0.23266041761108064,4,-0.05382862500589682,-0.20664396703543192
2021-03-10,543.7463463225647,294.953546236771,355.57029722955156,528.5476728119692,492.47997292275227,543.7463463225647,1224.3960139492092,980.3148033354356,1.0,0.5790865245023356,0.2346777854999873,2,-0.019558644427868442,-0.31510592668853543
2021-03-11,548.1587562428549,297.0913799057638,356.8357441105451,532.7068709388811,496.9000220467696,548.1587562428549,1265.9009264821589,988.578577646272,1.0,0.6120431276824214,0.2712608315735535,2,-0.041190567501979136,-0.48763019982768285
2021-03-12,541.4846657796271,295.14489418639323,353.45865560223837,526.2979626956189,490.61475194696885,541.4846657796271,1253.7880503825975,954.8988416013101,1.0,0.6100406683764564,0.19488373688684546,10,-0.10235406771605135,-0.3544593426012082
2021-03-13,544.6885565874404,293.31360257280335,358.811992732933,528.9289812469366,492.7166753568435,544.6885565874404,1340.8093123110416,1012.309259859069,1.0,0.7211845975674813,0.20035000097416894,2,-0.03149438739238107,-0.3664125136483654
2021-03-14,543.995514905281,294.3617910327357,354.9688515818592,528.4857317104197,490.82316128806656,543.995514905281,1292.0004333139666,964.2474019893712,1.0,0.6904761160028503,0.19987469517657647,0,-0.0,-0.29562655836493923
2021-03-15,534.4580522205101,292.16628764165887,350.9886175800644,519.3335651708234,482.61291675601893,534.4580522205101,1217.8006690105021,937.7181055091376,1.0,0.6558975369537882,0.13479720078772173,5,-0.058849515323875834,-0.1717231386073515
2021-03-16,534.2132771658394,292.0530798663208,351.8012395537029,518.291129433396,485.77196350003106,534.2132771658394,1246.4164606783997,975.8222279019158,1.0,0.6325446133186722,0.19409431792251355,7,-0.11111184091126186,-0.04099815932445732
2021-03-17,537.5901869168042,291.24731875207914,355.3721049438937,521.4907934968394,485.2319665895288,537.5901869168042,1290.2908127591274,1006.2963512244364,1.0,0.6265641488661158,0.2974018632953877,3,-0.036756519861316284,-0.2695812632981261
2021-03-18,531.5531044876175,291.20060347492057,351.38496091186437,515.771354994033,479.9846164733222,531.5531044876175,1262.7383910702317,997.62767232479,1.0,0.5746000811591382,0.2843458212696576,5,-0.052014925141138965,-0.45421316493455893
2021-03-19,537.0175122356668,294.7511580617109,352.84990916987994,520.9348674773205,487.0850707843025,537.0175122356668,1271.2536670288569,1021.3920265883385,1.0,0.537409437268103,0.21798374903001957,4,-0.0417924479472217,-0.23273386529466542
2021-03-20,530.2563357459685,289.3332579289037,352.5126947037508,514.3308517101142,479.2427183257522,530.2563357459685,1272.4901437486262,1041.1251449473998,1.0,0.6979172265212357,0.30232263842680507,4,-0.05981907413523896,-0.3138271812228748
2021-03-21,532.4618100234876,292.29686081307943,351.36162648054096,516.5432835179101,482.31464800798653,532.4618100234876,1256.5050164845334,1031.8207031751597,1.0,0.6907141317300747,0.3056593654402496,0,-0.0,-0.23797023017586327
2021-03-22,524.6493768332433,290.0760517479894,347.32568054618605,509.205172804918,474.2983466671815,524.6493768332433,1184.6007219710978,983.6175305852056,1.0,0.572791094904782,0.19961567905370062,4,-0.07089615585831352,-0.27151866629604116
2021-03-23,530.3757201052092,292.60955974493584,347.56189341865223,514.7228313677389,478.48881619853273,530.3757201052092,1190.5191779727697,995.701011088008,1.0,0.5261273286547036,0.18239039118464487,3,-0.03460550652846934,-0.1030047602874885
2021-03-24,520.0096242493105,290.4764924615371,341.87395920583083,504.6094242423578,469.87071041068555,520.0096242493105,1144.8141838104718,919.630419888365,1.0,0.41930672896085147,0.09425977760259802,4,-0.05150974574502855,0.009425628280597134
2021-03-25,523.4918236072474,292.4523469839614,341.6679419715074,507.9276633630014,474.5950788366636,523.4918236072474,1123.2288018102902,924.7661118273637,1.0,0.4319601003100991,0.04716107243244753,5,-0.05279822452521565,0.011372066622111168
2021-03-26,526.1334650899901,292.5807339951869,342.6471398639758,510.35351311219966,477.99978785809043,526.1334650899901,1204.3064405117925,1002.6805908102012,1.0,0.5814671724838306,0.1488241762971897,7,-0.10410164517823003,-0.015383968112854484
2021-03-27,524.6198235171471,291.58000970591183,342.4117511449229,508.8581691798896,474.9436198946832,524.6198235171471,1221.770306394555,1012.2257260571499,1.0,0.5834042506393687,0.2124559206600718,2,-0.024258313700679397,0.0081425615152796
2021-03-28,526.0291260162857,293.1300531753233,342.2329174924234,510.2138583811119,478.173733838779,526.0291260162857,1221.2687126526591,1012.9653463069012,1.0,0.6120139756361158,0.24466219523445165,1,-0.011041318856872135,-0.047196655874668786
2021-03-29,532.247642298916,294.7992191233737,343.94645509547706,516.1747493278947,482.3935193432031,532.247642298916,1262.2488338273777,1062.9987462800186,1.0,0.7308391485793517,0.29142885157281506,4,-0.06284255764709952,-0.20015411223647697
2021-03-30,535.877502486744,295.3497281477217,346.1621677880795,519.6645666507646,484.64722428890366,535.877502486744,1286.6833645735203,1071.6950959255528,1.0,0.737677461552455,0.302931485148581,2,-0.02930123011101231,-0.4489657389524063
2021-03-31,540.3354019488459,296.83250998950507,346.40353087506963,523.8954512040315,488.39490866303606,540.3354019488459,1286.969614405283,1107.5727361423167,1.0,0.8152019109512167,0.44623929374041116,5,-0.08184141215933047,-0.41076061902574806
2021-04-01,540.2721104012503,294.8492905472355,349.57131051242106,523.7637507582203,487.60786245400885,540.2721104012503,1286.6800818919635,1142.0193466526398,1.0,0.777555302030857,0.4521655084545843,4,-0.061324157521931516,-0.7710339893110113
2021-04-02,553.1787891047221,297.01120245938847,355.2900158405176,536.1961586175661,496.05885215596635,553.1787891047221,1291.874378342181,1195.0981972807722,1.0,0.8256566578903126,0.4880381156124709,6,-0.07245545794757971,-0.8461914206337403
2021-04-03,548.774522087142,300.62955884200153,347.6552984920793,531.8974476796055,487.0980015066424,548.774522087142,1250.3657454368,1135.0165260450053,1.0,0.7839152142780338,0.3878297000530528,2,-0.03751662306432676,-0.8206506670534277
2021-04-04,570.9692066461804,307.66021281689603,353.7039925442039,553.3865381380757,508.00014583499734,570.9692066461804,1274.4378681390594,1222.3323941761396,1.0,0.8202603769446491,0.42584742810667847,2,-0.02625757946794046,-0.27161811376117384
2021-04-05,591.8952215411506,306.54660621597776,367.8645978555507,573.5835928909214,526.9633434035873,591.8952215411506,1296.514558145592,1307.0207946011558,1.0,0.7469332761354277,0.329664045611576,4,-0.07873795414955193,-0.6430090564208203
2021-04-06,599.6159331532434,305.50410539949775,373.0623182468509,580.9825162731009,539.0956977203513,599.6159331532434,1270.6163891159417,1330.2074272228697,1.0,0.7942141460372877,0.4057657315208328,4,-0.06456392890208713,-0.38681035535283637
2021-04-07,583.6132938168631,304.0231534614574,363.1282213941835,565.3269266561014,530.4941483594473,583.6132938168631,1225.9323089178429,1227.3704973881531,1.0,0.6494381026825602,0.254938950938146,9,-0.12018576175213203,-0.2766836512106161
2021-04-08,599.6886912862293,309.2836470068768,370.5267218274158,580.8686771100226,549.7830335484722,599.6886912862293,1271.9791396529338,1310.4706862143194,1.0,0.6916426553635489,0.34808640793989354,2,-0.030553057526279452,-0.20454598833776305
2021-04-09,600.8950150843109,309.4386191386447,370.9275979699169,582.0158790682291,551.6244401253822,600.8950150843109,1273.1558715683673,1293.7793332671283,1.0,0.6405048708359391,0.30187078058031663,1,-0.020140936280808933,-0.19546619940172238
2021-04-10,624.3576410335364,316.14796077054547,379.7511447064732,604.7265241820857,570.33154479434,624.3576410335364,1309.4054297741413,1369.5875902622638,1.0,0.7109862396233967,0.3803514949529981,1,-0.02238103240652154,-0.6248044825908604
2021-04-11,624.7149525744429,315.31822181151904,382.60941223856264,604.9371623982225,570.7463095189509,624.7149525744429,1315.046608606973,1394.7257412684069,1.0,0.8788155654004248,0.39952043399645887,6,-0.11897570845992671,-0.6516858708940697
2021-04-12,631.0287138978675,316.44631706119804,387.1629219449089,611.0112029616004,575.941121579621,631.0287138978675,1311.1288375915194,1430.949746732725,1.0,0.9041321240811632,0.41364503270812936,2,-0.04011360755048142,-0.9811091814206347
2021-04-13,641.9423809732294,314.94427517937544,394.72090880268144,621.5368723024831,581.6423345374859,641.9423809732294,1392.9448607978895,1527.1610517994804,1.0,0.8459042119961083,0.4324620350351405,2,-0.04349600911676159,-1.1736768653161045
2021-04-14,636.5821069652533,309.50851248880406,396.73169003297426,616.2240037269202,568.625481051341,636.5821069652533,1379.144248687202,1583.441560049212,1.0,0.8879065114098419,0.4773951036495675,5,-0.09541171913182937,-1.1676344689656575
2021-04-15,655.4634064304909,320.0058447164554,396.9572992771539,634.4074749061691,571.9174631706197,655.4634064304909,1383.8155045426854,1662.3648018648441,1.0,0.8800242754999543,0.4657648789752987,5,-0.09311443747336445,-1.2837494504526876
2021-04-16,672.5975835085129,340.72254716756356,388.5687400503254,650.8528680085321,581.8001748924355,672.5975835085129,1344.2508756553063,1775.3307796700267,1.0,0.6332380077021693,0.27126239037886285,5,-0.11657733981899059,-0.8986532848483972
2021-04-17,656.1555710887868,337.24191326487653,383.44977500610696,634.8918888318278,570.3997055632005,656.1555710887868,1315.0452955343505,1699.8276711276571,1.0,0.5344711358715689,0.17129925573220878,2,-0.03782493882591051,-0.3883470815436157
2021-04-18,666.3240051988713,344.43054431991493,378.6307380436057,644.6767234487721,575.9192872500813,666.3240051988713,1228.5993782601142,1585.6582102713362,1.0,0.5572955572376396,0.15697384433841574,2,-0.053195208035177494,-0.06472528477128242
2021-04-19,678.4737032082218,348.5804393801718,377.4608290456281,656.4029417735173,588.5785081288116,678.4737032082218,1217.5332398863327,1504.5953212408103,1.0,0.46941333223744086,0.1065646109583474,2,-0.03122933164140236,-0.13824913211337284
2021-04-20,674.0695350905543,343.73342859106253,378.01087713555535,652.0990568104502,587.6557288008771,674.0695350905543,1234.5193661798462,1559.9093423065228,1.0,0.5631034644533283,0.18509345737470792,2,-0.039748175017516894,-0.04588730778793543
2021-04-21,667.6540421998463,341.6900595310048,377.18414540257083,645.8701383068617,584.594462935603,667.6540421998463,1177.3884517451293,1491.716805036027,1.0,0.5790178831939445,0.13987247887006035,1,-0.017563015022120206,-0.10851648509324763
2021-04-22,663.1755686715181,340.2027609697756,376.5581973450019,641.4348803184117,579.1157182459425,663.1755686715181,1131.7506431320294,1400.9167382371497,1.0,0.5906791696860728,0.16233139978223154,6,-0.09111012918360537,-0.07956562102061308
2021-04-23,659.0111493917407,337.99860125615925,376.772941284893,637.385943521899,577.2901784921775,659.0111493917407,1118.7952120995278,1397.8564919771939,1.0,0.5575286738357766,0.19626779152683693,1,-0.018028312785622974,-0.08010293495627795
2021-04-24,654.1682153676339,337.86144645166735,374.65151398176073,632.6696875662664,576.1527933613846,654.1682153676339,1096.249317475794,1309.4334466986554,1.0,0.47437967233558154,0.12910540159395784,2,-0.02806786461686045,-0.025802884509374763
2021-04-25,658.8470037482276,339.53770892896324,375.8017692147818,637.1946437933677,581.5073124209025,658.8470037482276,1073.741939648995,1323.5124719052944,1.0,0.47407245623234034,0.13527485331823175,0,-0.0,0.010006744436748293
2021-04-26,662.2464128692784,339.9076355385313,378.46243129785114,640.4316387489122,584.2008888376954,662.2464128692784,1181.4224296876978,1495.4803595816722,1.0,0.5532841627346552,0.16565811948662976,2,-0.04733624728446155,-0.033618462580856975
2021-04-27,662.8009835377023,338.05598661479894,380.4829203100031,640.8936969768138,583.6463125328389,662.8009835377023,1203.7866825986155,1560.682076197152,1.0,0.5914717189989439,0.18152210369682992,4,-0.06351934104498941,-0.12490461297181006
2021-04-28,673.0015004162769,342.47675809444416,381.03426616754626,650.6962766388391,591.0434055794154,673.0015004162769,1200.6248037229996,1578.9979347006663,1.0,0.5580180042659323,0.15542498493731707,3,-0.05945800923132614,-0.06636292821250224
2021-04-29,672.2778011563233,341.28518513296007,382.0268732673483,649.9861992113601,591.0730658616274,672.2778011563233,1172.1098998016178,1572.0662661909384,1.0,0.5706011731108125,0.1694331680562136,1,-0.007,-0.02160885874311803
2021-04-30,671.7459669065288,340.1403449142942,383.0632341188243,649.3942786334561,589.3341473219717,671.7459669065288,1262.3915210523853,1672.4954727608474,1.0,0.6455348228807388,0.21551024842895833,7,-0.11292799113107266,-0.11632234193257154
2021-05-01,683.1802043506717,343.44762653300273,386.32945479387973,660.3977551363423,605.8941617331834,683.1802043506717,1265.721910914589,1751.3639843502592,1.0,0.6147693991876401,0.2477436520960733,4,-0.052674049494571606,-0.20870853166941725
2021-05-02,680.6842984339997,342.9593790466223,384.94922308644226,657.9316427656958,605.6976422432593,680.6842984339997,1239.328932351594,1737.4998223839295,1.0,0.6162640105191364,0.23922669980754976,3,-0.04598289254823128,-0.1364504551030946
2021-05-03,706.974378192492,348.92933913524564,393.59391638115756,683.2827257614857,628.697233876768,706.974378192492,1252.1204481516872,1838.7456721476647,1.0,0.571875777370357,0.22608882326590976,4,-0.06603050680870522,-0.27070088182741836
2021-05-04,715.8301904659436,355.7344268047911,389.64296324616987,691.7697612451678,635.0672214821177,715.8301904659436,1165.6434548253787,1778.7718559582756,1.0,0.593562393893376,0.1569807437918829,5,-0.07557598155791159,-0.2084201377003553
2021-05-05,729.9459471558181,353.98815196495053,396.5490996192786,705.3238730689313,650.6843831100126,729.9459471558181,1258.3124609497681,2079.326919923705,1.0,0.5114464742375248,0.23229832399079714,5,-0.08310516121806003,-0.2042399477334209
2021-05-06,729.1038157091439,359.19869943056517,393.00796858476946,704.4018085106289,639.6412211468817,729.1038157091439,1235.0618840184845,2157.018887941151,1.0,0.5575332546539212,0.24694473324120392,5,-0.08455091912868568,-0.18441315033534755
2021-05-07,731.8591314479044,358.5034162397178,395.8061607699675,706.9759051109293,643.2595136958305,731.8591314479044,1255.0978403238043,2127.5338958872703,1.0,0.5730314855606128,0.2658882058120863,5,-0.08723786139985788,-0.334081667290643
2021-05-08,741.0692235649924,359.2544320774396,399.6071877880911,715.8806038559231,648.9899786205588,741.0692235649924,1289.5463005820202,2158.9769372357573,1.0,0.5963931522907537,0.2917246670525094,1,-0.008334558642443096,-0.4705221174061757
2021-05-09,740.4594510330777,359.2102934530561,398.5164306364735,715.2727903094495,647.5436569755915,740.4594510330777,1275.705420910901,2172.0313494813586,1.0,0.6346067012658564,0.2556080941182106,1,-0.018660787844603115,-0.32863663652554503
2021-05-10,728.3931296271802,356.84996566405886,393.8001684424916,703.6008613416583,636.0853886881312,728.3931296271802,1222.6822353310647,1991.8186961192355,1.0,0.5672315014141674,0.2148813570122209,1,-0.014721614657977751,-0.33315295635034986
2021-05-11,751.0667297706151,364.1759441793922,396.9423537248074,725.4278273838462,656.5015535916094,751.0667297706151,1241.0818843029836,2200.9366125703427,1.0,0.5937645698029398,0.23161633343898744,4,-0.0619347874531835,-0.07447027649485384
2021-05-12,714.4417271840016,355.94034372230635,388.91087770650296,691.8958827708833,628.5948059780312,714.4417271840016,1085.380577686301,1891.6133534038981,1.0,0.4756929893437768,0.12118007063813038,7,-0.11302308914801218,-0.20964898602319998
2021-05-13,710.3881754539939,355.10693888464607,387.7922648428414,687.8802803509565,627.7362950301206,710.3881754539939,1087.8347104182471,1968.3248173499906,1.0,0.5421665547947017,0.11128475552553144,5,-0.08019752194322875,-0.009247687597434006
2021-05-14,728.948473899207,362.49217352704113,390.3737882794893,705.8028927788756,643.2852830964949,728.948473899207,1091.453757412022,2125.1454229107153,1.0,0.47891250449687656,0.11910298509945345,3,-0.05176469838800121,-0.022707417659372994
2021-05-15,728.4829784840781,364.4443638058583,387.1760298349354,705.3646490783856,643.8032304886942,728.3062983228975,1024.0524266129191,2020.803783856961,0.0,0.4549694908976463,0.08821056909222631,2,-0.01554171597841893,-0.0923639778858027
2021-05-16,730.7011474596832,366.3907982586726,386.5249061750081,707.445838188578,645.5655462474897,727.6165506310374,1016.0836077108008,2032.8659198111186,0.0,0.5043287671369973,0.07250780154304669,3,-0.03897646428092176,0.012444843944435187
2021-05-17,727.5332171775182,364.9075659724285,384.9873234720788,704.2730628506072,642.772601403241,725.4422650998742,953.4259706068701,1906.9324890934406,0.0,0.4502336761191272,0.0402644154222539,6,-0.10493919799486578,-0.012163613894649272
2021-05-18,742.9725702843494,370.69491281918715,385.59044466646685,719.2493797111865,649.9906808937824,726.3782892773736,938.464602297659,2014.2362817461142,0.0,0.456166436005905,0.04814534676608304,2,-0.021071853405323634,0.006113443632162516
2021-05-19,732.2955603150351,367.39721574545763,379.30670841222,712.0332609626463,644.1571734204023,716.3187805428311,802.9250881126447,1333.2778347506737,0.0,0.30956105875673773,-0.0005002551640137372,6,-0.04858665482621942,0.06858983742219636
2021-05-20,731.2514693898618,368.2862252461818,379.30670841222,710.9878456851601,643.9462661340123,716.3187805428311,886.330585728871,1573.263962838659,0.0,0.36233842032329544,0.008795435307691668,2,-0.04053309087413812,0.11741221826810247
2021-05-21,728.9893984066103,367.9647851511736,379.30670841222,708.7372486901579,646.6529307277191,716.3187805428311,814.3461937854466,1342.428129469081,0.0,0.32877588602471003,0.02239119243397876,3,-0.02769196297110693,0.14976077211336256
2021-05-22,719.1542685999199,365.4435024796701,379.30670841222,699.1492361028128,639.5918735317586,716.3187805428311,819.1949332904404,1228.8803110547049,0.0,0.32081758244638375,0.02506196557925182,1,-0.008140150875788678,0.10131968582729778
2021-05-23,717.2294563419268,367.27578483839767,379.30670841222,697.1610459611359,636.4971577288965,716.3187805428311,758.3344549161993,1064.8658120617376,0.0,0.3502362372661336,-0.004175062164126052,6,-0.06168447349980054,0.03287285958269042
2021-05-24,730.5756777201165,383.2042091123735,379.30670841222,710.0955988901185,644.1247957503685,716.3187805428311,848.6751644349912,1385.6965437096758,0.0,0.35582505864012526,0.009931187408727903,3,-0.0522257054301587,0.21862096630310632
2021-05-25,736.2437281201859,386.14138406648647,379.30670841222,715.6015318598668,648.2811729748307,716.3187805428311,838.7654053509905,1381.3448085183593,0.0,0.3573833422792729,0.01746972623532686,0,-0.0,0.06155799903028046
2021-05-26,739.1463316031279,390.55455766238606,379.30670841222,718.3641543677273,649.8849880506364,716.3187805428311,858.4037194970502,1513.4004397888493,0.0,0.41931904993631086,0.02027407186024085,4,-0.056723408760840255,0.10598802713997743
2021-05-27,732.8129130436721,385.40838435009346,379.30670841222,712.174380871518,645.1458906065194,716.3187805428311,843.1541317471424,1448.3061853248057,0.0,0.4181196731934373,0.027412447716772145,2,-0.025719020399784638,0.0755738372930706
2021-05-28,729.7120827131307,381.1141907205018,379.30670841222,709.1342604012993,644.4356357145978,716.3187805428311,780.6433399315241,1305.484454959355,0.0,0.35105279279906193,0.05210897386833819,1,-0.014721016776016458,0.007562467448354933
2021-05-29,726.0475049194741,378.2301951775311,379.30670841222,705.5554230480883,642.2370256404325,716.3187805428311,757.4665139125525,1230.1861707225657,0.0,0.3632073019456431,0.07541353947549584,1,-0.014276380640054551,0.015263748954731194
2021-05-30,731.8335568126647,382.114799559871,379.30670841222,711.1618281735376,645.8688804201925,716.3187805428311,780.2235943831139,1292.9168867065468,0.0,0.3437847448329387,0.047739794859621376,1,-0.01791667381158792,0.024948564440011742
2021-05-31,736.7052426980979,385.5269732832777,379.30670841222,715.8852000024239,650.6766535767148,716.3187805428311,815.0543776199912,1424.2051249798258,0.0,0.40420779732299517,0.020966643837871175,1,-0.017047166972188603,0.02698481433036437
2021-06-01,732.585024706335,382.93768216577917,379.30670841222,711.7814334529138,647.4947507461052,716.3187805428311,803.0185351142986,1405.1363169136107,0.0,0.4107440195697282,0.061324304302301666,6,-0.08573290832211936,-0.008167839111639976
2021-06-02,730.3671159252235,382.0097965510371,379.30670841222,709.5514620571283,640.4437728935108,716.3187805428311,822.2020884420076,1453.5335739349212,0.0,0.3564023166503967,-0.07405187553643727,4,-0.06780512732524008,-0.004249514470444207
2021-06-03,726.1241109455341,380.48711744312897,379.30670841222,705.274202804335,639.6355789394413,716.3187805428311,858.911440911186,1511.4469973958917,0.0,0.39017247832689933,0.015373935666968432,8,-0.14103615126447613,0.009048155073679816
2021-06-04,725.619796740676,380.50013277966275,379.30670841222,704.7598261430651,641.1538023170771,716.3187805428311,805.9646323889067,1395.8391058607258,0.0,0.4029548211321166,0.055344644335124815,1,-0.02060289421576894,-0.046789493342193185
2021-06-05,725.4275987039284,380.43931007466665,379.30670841222,704.5596732339948,642.4265253572892,716.3187805428311,776.87110113176,1357.915897579694,0.0,0.41292923328515146,0.0751898458669463,2,-0.02425051122033938,-0.05052358276842475
2021-06-06,727.5131901651717,381.6948344567383,379.30670841222,706.5976952090883,642.8963789933848,716.3187805428311,783.5040874856528,1383.5718651241455,0.0,0.40642548805392914,0.06402611281343032,1,-0.007056358772400734,-0.02291696458191797
2021-06-07,723.5588986999243,379.29311853097164,379.30670841222,701.2460514947364,640.218237321475,716.3187805428311,734.247450724215,1263.919027746851,0.0,0.4096405874688258,0.025009966656235328,1,-0.017194956031279525,-0.017661754577702585
2021-06-08,723.1810828445039,378.99771565586343,379.30670841222,700.3835514095728,640.0310886765421,716.3187805428311,730.3436858167375,1252.150406652079,0.0,0.37911229396320684,-0.006941088989622814,1,-0.01594590142926625,-0.025880956714265123
2021-06-09,719.3222320322304,377.21867161381647,379.30670841222,697.0182731825146,637.0941004289026,716.3187805428311,817.7914775021428,1316.8131966108158,0.0,0.40363226501445076,-0.005921819952623,4,-0.07549946913943595,-0.026127497765382958
2021-06-10,719.4109434528929,377.3339100042838,379.30670841222,696.6155113193319,636.4236107923185,716.3187805428311,802.498777201121,1241.583712957138,0.0,0.44809185684180586,-0.000782151306903764,2,-0.03256426186504109,0.002757460975848166
2021-06-11,719.0389270448981,377.1396931058822,379.30670841222,695.9934217393053,635.5316357163341,716.3187805428311,816.3026719933655,1178.1692485024257,0.0,0.39408238860376965,0.026469858131584256,3,-0.05173194706195705,0.033997678219196414
2021-06-12,719.7927802693312,377.353367435018,379.30670841222,696.5161528355729,637.4633222939642,716.3187805428311,777.7121241466405,1169.3690535231372,0.0,0.3979585039755265,0.02029214541578703,2,-0.03175308182999757,0.09890495104985972
2021-06-13,721.573162386531,378.35100494472414,379.30670841222,698.4725098145686,638.1595652432131,716.3187805428311,853.3582379440793,1252.116724726916,0.0,0.4214957384563801,0.02560919613175725,4,-0.07368513971782875,0.05365261871868549
2021-06-14,718.9917955416531,376.9205822954002,379.30670841222,695.9579339328488,635.4815985402956,716.3187805428311,886.0854788392885,1299.0593694611755,0.0,0.46814449084046655,0.00485392223832104,5,-0.08621108245755242,0.02285110717547345
2021-06-15,719.3102489121233,377.1508163978993,379.30670841222,696.2132883149444,636.8461869412785,716.3117805428311,878.2893289870639,1275.111691853407,0.0,0.46599499497994995,0.013649236495848545,2,-0.04735490645954683,0.008588020815765042
2021-06-16,721.2190674153147,378.41651926987566,379.30670841222,698.0187060621149,641.3062890455399,715.3661063855277,839.1621721285027,1213.0329902394908,0.0,0.36669711496884266,0.010176656931737551,2,-0.03844573609967913,0.006444439879009892
2021-06-17,721.778255093025,378.68396433273347,379.30670841222,698.4885861297751,642.401825851947,715.3661063855277,832.9412717327207,1219.3127550477907,0.0,0.4682214760833046,0.004624474705314179,6,-0.08487404126624026,0.03955306127714936
2021-06-18,722.8349596247158,379.38936891426636,379.30670841222,700.4277319195512,643.0965705720135,715.3661063855277,783.7163675596665,1143.0902422748218,0.0,0.521111877471088,-0.02937753220341921,4,-0.04259303738065551,-0.005474611087962537
2021-06-19,725.0979452353793,379.364749129484,379.30670841222,702.4186117033063,644.0575810262321,715.3661063855277,776.5292645589672,1109.2513751193974,0.0,0.5093957537785966,0.06379686736016067,2,-0.04567499996835623,0.06457582598761
2021-06-20,721.4937026584086,376.40073673336974,379.30670841222,698.8552863313445,637.5747145285063,715.3661063855277,778.8411477567804,1129.1705886146349,0.0,0.44644286829383883,0.02084280393698359,3,-0.06872838613893814,0.03463583440553811
2021-06-21,718.606582795199,377.88795197194247,379.30670841222,695.1969432330944,632.8867019930764,715.3661063855277,691.6828885846945,878.8243801512326,0.0,0.4948602017156982,0.0038163830486361767,4,-0.07573528315901407,0.008773708549075113
2021-06-22,712.9072173383869,375.4339864023388,379.30670841222,689.5830393873196,632.8627948362255,715.3661063855277,711.1601324890283,861.6705337857155,0.0,0.5438367050852035,-0.027136341939037897,5,-0.12331293811408085,-0.021747499353566617
2021-06-23,708.3589074448197,372.42699348023467,379.30670841222,685.3858220703955,619.0885433031856,715.3661063855277,736.3930113898116,947.2122842809338,0.0,0.5568473704512534,0.06463924412172183,7,-0.13151177245193532,0.07958155401061395
2021-06-24,711.9493974649127,375.1572026462593,379.30670841222,688.7800677496681,622.0738724179331,715.3661063855277,758.1821384919588,983.7076706045239,0.0,0.5804379497750852,0.06257310578898646,4,-0.10716688831576715,0.021281015158907658
2021-06-25,711.8610730158399,373.7983037920079,379.30670841222,688.4159930548,615.4774669563891,715.3661063855277,690.8528078416704,886.9631923076636,0.0,0.5817751054821738,0.002392532253326602,1,-0.02995915760040038,-0.01142747657392553
2021-06-26,713.3426173375016,374.66225138528426,379.30670841222,689.9308072624242,617.8327046322089,715.3661063855277,705.8982127987383,899.0840949178998,0.0,0.5545381331832762,-0.028533540774704838,1,-0.016485485554970026,0.00467739247176614
2021-06-27,713.5494494736048,375.86832048111904,379.30670841222,690.2874374928967,619.5813429172478,715.3661063855277,759.1247057896661,950.3361925809088,0.0,0.5913777381385438,-0.12284619059255436,2,-0.047281593710207716,0.011620867200542643
2021-06-28,692.1758110007708,365.74715701310134,379.30670841222,669.564082813174,600.0188340622935,715.3661063855277,754.7370736206999,981.6035399253965,0.0,0.5276014370008734,-0.11626436079206524,7,-0.13631834957648387,0.03342801664489667
2021-06-29,687.280072678702,363.3584271560113,379.30670841222,664.8175907110584,598.154437818552,715.3661063855277,785.9015392493828,1039.498450577739,0.0,0.5640770444423316,-0.01912638646053812,4,-0.08808210787624832,0.020899287606811284
2021-06-30,683.1441127733243,361.06857091607714,379.30670841222,660.8235562238812,595.1322707947279,715.3661063855277,766.6459857728588,1043.474217738393,0.0,0.5301374972002644,0.03111991541811942,5,-0.12256226115496284,0.023881990986538093
2021-07-01,681.8646050720674,360.4801351541677,379.30670841222,659.2945875460682,599.6576139340668,715.3661063855277,732.912493557738,977.3987526823128,0.0,0.5399631934621234,-0.012885190483410068,3,-0.07328976310942172,0.016517538564741124
2021-07-02,685.2965351891513,362.4640308423644,379.30670841222,662.6373518452359,602.9023924144046,715.3661063855277,738.842767213015,989.4501302496107,0.0,0.46175326991028476,-0.01201880347609681,2,-0.039589325776328954,-0.025320418943880214
2021-07-03,685.7246172657352,362.77587706963993,379.30670841222,663.0729710828357,603.7492246080823,715.3661063855277,758.3637802047743,1017.5126366361648,0.0,0.5243101500555797,0.04104516358888777,1,-0.025155827920674875,0.008011462152059338
2021-07-04,685.577526938277,362.95029125204115,379.30670841222,662.8437898813866,601.5487092116675,715.3661063855277,772.0902037122759,1041.2567416952609,0.0,0.5392628965051023,0.039744870603275244,2,-0.059866388698510034,0.0497521307775467
2021-07-05,690.8669867694576,365.37263958166653,379.30670841222,667.7393712421563,605.5435073210281,715.3661063855277,736.9121127666775,1000.1923817157378,0.0,0.5761972233047702,0.07991426753944175,3,-0.0767318628578155,0.05725984709314326
2021-07-06,688.0883769872881,364.0672316453502,379.30670841222,665.0429645684954,602.8936469564782,715.3661063855277,748.5829210832418,1039.1893708704379,0.0,0.5869865243135459,0.05996061399899311,5,-0.11981296060712965,0.03240947129337319
2021-07-07,685.7773545402515,362.9468855339768,379.30670841222,662.8533766618795,599.3196044409045,715.3661063855277,740.6963880654836,1041.5602983677043,0.0,0.6010918273062,-0.021337562821682955,6,-0.1664239189866199,0.02341505668777355
2021-07-08,679.2268186340866,358.33574463781144,379.30670841222,656.1250051558226,592.7373736340624,715.3661063855277,718.9519054325103,973.9517614853128,0.0,0.5825387676143672,-0.04522153304248926,2,-0.05222563933631557,0.10361462003904559
2021-07-09,681.2661532246689,359.7956942956669,379.30670841222,658.0494967920392,598.0434346342211,715.3661063855277,739.8072190544352,1017.6948307059727,0.0,0.6161261889670432,-0.038638339264727345,2,-0.061038522540952406,0.17199131149954125
2021-07-10,684.3687588995758,361.0602512811697,379.30670841222,660.8115163295546,602.9867202543301,715.3661063855277,733.0880075983143,1000.2831277483656,0.0,0.677579752464114,-0.07506882003521945,3,-0.07289755357082403,0.3708571059073925
2021-07-11,688.1061055741496,363.2980284504469,379.30670841222,664.4302371197904,605.8110384169908,715.3661063855277,749.6290022727105,1017.3426307293429,0.0,0.6117231509836109,0.00583369067117176,1,-0.03645001552359501,0.456294069667172
2021-07-12,683.9715637079657,360.80420516448544,379.30670841222,660.1823112288628,604.8808769875883,715.3661063855277,723.7409001331682,980.8651959998832,0.0,0.7158121806883598,-0.08770292767884497,4,-0.10038436112280816,0.22873469529808382
2021-07-13,691.4264744555531,364.08452705904926,379.30670841222,667.0452021242064,607.7898290513579,715.3661063855277,715.8235099087751,954.8116517006346,0.0,0.7240072257219409,-0.035407246918613675,7,-0.16905098912211508,0.3110439872312731
2021-07-14,701.1129403447695,368.95901955118694,379.30670841222,676.3440927258857,615.8366248910469,715.3661063855277,717.8789062542752,960.5203896827072,0.0,0.7187548635639927,-0.01866010868776491,2,-0.055936182610044724,0.23151829530966217
2021-07-15,706.2613644731985,371.8992746101382,379.30670841222,681.2238776638849,624.5487009552381,715.3661063855277,697.3822803038021,929.7941038767763,0.0,0.6487015022772431,0.03848650294683711,4,-0.08907575997397954,0.36245417421648224
2021-07-16,705.3290623605974,371.9667826788755,379.30670841222,680.1838490667313,627.4624728214359,715.3661063855277,686.8015411095691,879.1078217536144,0.0,0.6930792576971366,-0.005232605392973002,4,-0.11095769106119335,0.23698998599619175
2021-07-17,693.4595845660857,365.6930025735967,379.30670841222,668.6461057299118,622.2504531486933,715.3661063855277,689.2898137297071,878.4308623400175,0.0,0.698497158666368,-0.01884745949626101,2,-0.067927254502749,0.3415581203146544
2021-07-18,691.248697555113,364.568803052243,379.29935949278575,666.4521240492046,622.6853968876159,715.3522464464197,695.2063001224449,881.7751188701069,0.0,0.8222024641301919,-0.021970523706431475,2,-0.0566316694291122,0.30545310192929725
2021-07-19,691.8715210246343,366.00298492909656,378.45054172939433,666.9495613804592,623.5952029727911,713.7513903451131,674.5608592747252,830.3993943058064,0.0,0.83442684647606,0.1812669184036337,3,-0.0981999562084242,0.4061607080050663
2021-07-20,681.8630489856646,362.39606854736974,377.32479017870673,657.2675145990175,623.9715384693575,711.6282417539799,651.6319851360188,781.6897400666295,0.0,0.7248370463360075,0.10199014465997089,1,-0.03180762820544875,0.4539742673425911
2021-07-21,708.0491264712298,369.1349709263668,377.31452234601005,682.4012303807376,637.3519267966574,711.6088767932915,702.9315440530403,896.71566719411,0.0,0.9161942423141614,0.18553476608843858,3,-0.09555165648683617,0.42375026057594806
2021-07-22,723.8836297840614,374.39768414181276,379.01972317093197,697.5385930852232,640.2116879767802,714.8248570216298,706.1728638223335,915.606622736642,0.0,0.9617678301267606,0.11996934438742808,3,-0.11323896579385903,0.7583839971103665
2021-07-23,808.9678575161478,398.80452096332306,390.7260926826404,779.403978014234,697.2958102553838,736.902874076894,736.0748101242286,982.3394062345471,0.0,0.83066357549834,0.07391000076817326,3,-0.15725714416227898,0.7489994579996627
2021-07-24,812.4701976604384,400.7891427949235,390.6246580104277,782.7058622494627,694.7316436429181,736.7045699820706,749.1079312869108,997.0098210851094,0.0,0.8366577917906339,0.07823981419360021,2,-0.06627111903384231,0.29429781981095976
2021-07-25,818.0711595645555,402.88194228715605,391.3069994741597,787.9833399551525,701.0617365658836,738.3400891178716,774.0707549182789,1002.0259388474157,0.0,0.780375751377879,0.13958327780541502,3,-0.10939470825702795,0.5059607165714786
2021-07-26,807.8106529620636,398.7533051658612,390.9235634908944,777.8815423668073,688.9991926480762,737.6174772498965,814.5009175094964,1024.1719824138454,0.0,0.782731071870933,0.1340346095483549,5,-0.1913745519960447,0.14158100256958706
2021-07-27,823.8843214730492,402.9470853682433,394.51237870177357,793.2921414571053,700.7548273123975,744.3885821253517,863.1773950171098,1059.3900867125312,0.0,0.7851697491736966,0.13574203426811884,2,-0.06981421719851937,0.30751869304308366
2021-07-28,804.1407119562704,392.9409864139929,394.5102295538826,774.1135660606357,681.4781364189462,744.3836273234015,875.4491529040258,1077.2061474549675,0.0,0.8825600416623617,0.2103489251773093,2,-0.13926668644848683,0.1497377723469877
2021-07-29,792.2024335007933,386.5819184540159,394.4367125607472,762.4290824569313,671.1618283940802,744.1665992091791,875.664059123285,1108.9924753323264,0.0,0.9223886419160382,0.20035608547490655,4,-0.1667049909590194,0.04216544710195497
2021-07-30,795.7171320914933,386.3210968745302,397.0370200973716,765.6783381624458,664.8264433612288,749.667690001994,923.5988694444735,1151.7600427454754,0.0,0.9884098773243334,0.28044166097042567,3,-0.12601125760154402,0.0010162211975082366
2021-07-31,794.4945388101651,386.2173291318593,396.90088310001994,764.3848823428364,655.8184955832685,748.82608291045,907.072975105239,1175.1509528642703,0.0,0.9259787869877528,0.19323351401264063,3,-0.10885773487466943,-0.08971838308757293
2021-08-01,782.2640302056512,383.1682636844976,393.6250579650852,752.4795786890778,641.9825761888341,742.8331940590676,872.0285987217254,1142.5344429598142,0.0,1.0528648397167313,0.2454235326696649,3,-0.10407318111754006,-0.03873220547841764
2021-08-02,787.4300926083824,385.253448450116,394.4362450300361,757.2964829101757,648.9682667978116,744.7322582012315,856.7247373034102,1166.4506158245806,0.0,1.0247719183303496,0.15467407446586837,5,-0.14713746184725718,-0.009701359823847698
2021-08-03,776.2433634596356,381.69288415519486,391.12146534561055,746.4789608220411,638.1474576302568,738.8684058447138,836.0609134389717,1143.8911498785772,0.0,0.932134803758655,0.17257528750906564,2,-0.04582118253069563,0.014711979485698298
2021-08-04,801.9284971563577,389.5885969843897,395.9182525250626,771.2000940230204,661.3913445357174,749.3165677539821,869.5015904592161,1208.4945135384248,0.0,1.0005669615920383,0.2379228403526321,1,-0.021909975557904946,0.17032457789382321
2021-08-05,792.1659418501167,383.07621618703325,397.7233771078963,761.6468429018496,653.6014594673076,753.2531769648249,894.6926698815082,1246.6572170278266,0.0,1.0249810924644573,0.34679694738151823,4,-0.14505056745579553,-0.0006932589624808437
2021-08-06,795.9479965147306,382.8221906263169,400.0516780575603,765.1429161526845,657.4776650941053,757.9910955063265,937.2149948516633,1272.5961761926,0.0,1.0074957258452866,0.3176280955720513,3,-0.12751704052829793,-0.03818358187518381
2021-08-07,790.4581119098619,373.65504198962174,406.20358397600046,759.7096772166634,650.1803887935524,771.0284604880845,976.0749414314921,1348.610623661975,0.0,0.9888640585048658,0.37582994574170664,5,-0.11910918455062385,0.10565476879022137
2021-08-08,785.6685580485808,376.8220926874374,401.1054095861101,754.9835436962325,649.2625839405841,761.0648403862398,958.2740535755536,1275.508054521181,0.0,0.9283586174851999,0.32593535715822747,3,-0.10148319548336539,-0.0348052265165671
2021-08-09,794.3895352765786,373.7409019174033,407.39394746291214,763.1526512705791,655.692563167029,773.7336200375659,1012.3724267879968,1338.1695078354603,0.0,0.9797421830002305,0.4204477164407318,5,-0.18787887223349609,-0.1359684838238011
2021-08-10,804.5082955304182,370.46856669583764,415.16681495367015,772.7522479304076,664.8115911466568,788.2633856275517,997.7161290181411,1397.1052810741382,0.0,1.0619900473073487,0.4978162879701235,3,-0.11523052520432853,-0.12634349233033101
2021-08-11,805.9713999852324,367.7743402363026,418.3131527713618,773.9865667942589,661.10079954668,794.1010401558667,996.230825036358,1464.3956476453752,0.0,1.1093759506315073,0.5166272895922331,2,-0.14888647166945312,-0.13760046794231529
2021-08-12,796.2201423997218,367.7194281498361,413.63615888243885,764.5364265708168,657.3652719674899,784.629772094052,971.3474422986671,1428.4930220472093,0.0,1.0631635734981788,0.4808951667040881,2,-0.06594093612229283,-0.12443151307022737
2021-08-13,833.4181354823207,370.4442930776022,428.31630802313094,800.1823064136323,685.5375180995965,814.0432899798898,1045.9174930817512,1563.963106991201,1.0,1.0718513057968788,0.43026912605523093,3,-0.09165629620468593,-0.15070460575653155
2021-08-14,844.1262665332733,372.0540253105337,432.68019818070564,810.2886042134493,693.3556320804703,826.0978355936269,1030.4061661890391,1579.372964236156,1.0,0.9968707202217004,0.49842702173181325,4,-0.14264160516702135,-0.3883222183523582
2021-08-15,837.0958631122461,365.59483186094434,436.87972835793124,803.328215494788,686.8853638121942,819.9362142073247,1028.7052994516853,1640.0656014810738,1.0,1.161456706016208,0.5299965441190615,4,-0.13383753978690205,-0.2726667147326274
2021-08-16,802.1501961495343,358.0889024631625,427.56778860809743,769.4404738128356,662.0135936580963,782.9489845610731,1005.0745879961116,1619.161636955414,1.0,0.9745238416782984,0.36188710084692205,11,-0.2843554062276124,-0.20043724734917207
2021-08-17,801.754151787669,362.4378489769963,422.43197658749517,768.8784591910357,651.6074177398717,782.9319256074823,978.3450251508144,1546.9030537153697,1.0,0.8868558450661954,0.3013865570681152,9,-0.17550275819640362,-0.20160178844681087
2021-08-18,821.8835862679599,371.86103158660865,422.6725967745584,788.0737790787172,664.5072743588486,801.5525213925409,978.5474571801572,1567.1060192633438,1.0,0.8960424258715622,0.3240301706323712,5,-0.10857873156594433,-0.07572283011299433
2021-08-19,835.4021293052804,374.1727036569983,429.0867447307861,800.9005841471625,674.9614224635717,814.9644949398315,1023.5838785320313,1660.215352159835,1.0,1.0510018439631925,0.5466785005232915,4,-0.12360061334446966,-0.166856255744479
2021-08-20,854.7946995692404,377.1927308039704,436.3508544539048,819.4650139681917,682.0448453068965,833.7176347790935,1079.6245049989798,1729.3623820523744,1.0,1.0192931464902613,0.5091255898487589,1,-0.02888533649081857,-0.34478305021088046
2021-08-21,834.1066028600217,368.53174586504133,433.68050703699726,799.4166579341039,666.643065573692,813.3203775180016,1069.0225377973454,1729.7960008046657,1.0,0.960345649507184,0.48882712258177785,6,-0.18463001500087717,-0.3320935519258926
2021-08-22,836.5769063135589,369.34889866971184,434.657932661568,801.6729307926923,669.02687578489,816.1646919805087,1078.3232500298207,1739.8157122133864,1.0,0.9882694348410531,0.5056157049141442,4,-0.10200212614628312,-0.15739822918027327
2021-08-23,849.9543172041739,374.3578968970748,436.71301402189835,814.4416596674675,678.3892632192913,828.4546203793311,1083.8081732205435,1800.091966474432,1.0,1.0810472286261175,0.5919777922749744,1,-0.04631142834211896,-0.5847523676447657
2021-08-24,834.8456671780355,378.40070406131906,422.48525997587717,799.8841392513514,666.1298204739692,814.4938060818082,1044.3164198637278,1689.2473791951506,1.0,1.0528212948427613,0.4591770790391503,3,-0.07367063183524122,-0.4666538291242876
2021-08-25,837.3632113194271,376.0956673777151,427.3540931376701,802.2026967992808,671.3935296097172,816.8694182551695,1072.181790527716,1717.1481475766839,1.0,1.0939610761372973,0.4881371535389568,2,-0.08828536537754664,-0.21471255332123323
2021-08-26,816.6932437337664,378.27278756454643,415.0051651058679,782.2517827097921,658.6282366719885,796.7723388123059,1025.3578396453856,1598.2850329315904,1.0,0.9010900309941319,0.24415802880212373,4,-0.13231291860734867,-0.21022789475231424
2021-08-27,853.7515037440916,385.62356778164093,425.1040107198174,817.6325433856559,697.718114574476,832.8837631015734,1074.1805059049998,1750.983011283894,1.0,1.1486925987588623,0.47777973652015054,3,-0.11990950526946413,-0.02549322879937916
2021-08-28,851.2358065062217,387.7510573247633,421.94147222580256,815.2050109577648,697.9116527620963,830.4361442276124,1070.8542741061012,1744.4846763088897,1.0,1.1079456611569098,0.43904539856479485,1,-0.02241921975619703,-0.34673024029516386
2021-08-29,843.8162137846531,385.21108998435835,421.1364420221483,808.0307973421523,692.0287156763854,823.1953576870418,1067.865283125816,1729.9840677362897,1.0,1.0126720206632558,0.44568565853044734,2,-0.056613233495751814,-0.18539993908784452
2021-08-30,840.5686173779825,388.81347502258507,416.1220288142638,804.7968176530582,693.1488947504878,820.0254819610848,1029.114102728239,1683.1679854044178,1.0,0.9712811956698659,0.33714992192116633,4,-0.12128046830071171,-0.36763783976351777
2021-08-31,837.6674979287604,382.65284357729706,421.2216701892917,801.9610990855145,693.4610138377666,817.1929845625267,1031.863239109433,1727.8122090151176,1.0,1.0649060247479663,0.408168855294943,2,-0.04284332932586727,-0.16565996907743863
2021-09-01,852.7698967593651,378.7657958677381,432.41282917429874,816.3415857766286,703.8483707330215,831.9263927348633,1068.9054554884822,1826.4582296533931,1.0,1.074594579447175,0.45610743197201814,4,-0.0707743478262468,-0.2951016486396778
2021-09-02,866.054534487455,383.80066436120075,432.9718757077819,828.9611917896818,713.0694568081085,844.8850886787568,1078.8891843302317,1847.648019252652,1.0,1.081293786887852,0.5841455223397801,3,-0.10744779641033518,-0.8361772506777193
2021-09-03,870.5353275341756,381.31315392122326,437.7214338677018,833.134866370498,715.2848032546898,849.2513828352357,1094.8198190804799,1920.0248104329055,1.0,1.062552164275324,0.5437664440715558,3,-0.08971851401072514,-0.8459294835182505
2021-09-04,844.6350754597564,373.4258306976421,434.1195532006167,808.2197400387154,703.576269060093,823.984431220977,1092.9303075763223,1962.0580260914467,1.0,1.0785843807455233,0.626398916245725,3,-0.10474321948122103,-0.739024387491666
2021-09-05,858.5105336400843,371.24088866852304,440.7966588315391,821.2997512026207,706.1829356586273,837.5204043547423,1133.6099539658653,2074.6543727779713,1.0,1.0173099359907318,0.6373381660758227,5,-0.18580711671420758,-0.9322147248333398
2021-09-06,883.4331608634163,376.3125558284091,447.4135102225441,845.1021165924524,727.458807694391,861.8338357831522,1152.9646444254079,2082.494635646918,1.0,1.0936230456954608,0.6597240973255727,2,-0.05042988692082521,-0.6405496488093083
2021-09-07,841.1923527384149,381.47850104975316,420.5143503710317,804.3153409317815,697.5301677037036,820.6257064354701,1025.6057915256508,1767.1660516791708,1.0,0.6650932579322775,0.11618974029003742,7,-0.31071424589424235,-0.7233644142862188
2021-09-08,858.8358854250835,386.69913214873003,423.2424715745071,821.096169101092,706.8155140814075,837.8335928441136,1008.0521990136662,1788.2434552383238,1.0,0.6165256636704246,0.07956287465512045,4,-0.08640988352968984,-0.09405988755515275
2021-09-09,857.1363439924796,386.4358920241662,422.5572647380163,819.428814872314,705.0521311639437,836.1754399374586,1015.7465857376264,1829.1669478648435,1.0,0.5898399762234152,0.13992069309732427,2,-0.0372451062351375,-0.054661133682717376
2021-09-10,866.923728753703,393.1498179341237,420.650553715702,828.6718227329172,716.5745143796094,845.7101321463607,981.7587951245638,1798.818993111174,1.0,0.5210241738692337,0.09802532314615628,4,-0.08418668052560246,-0.07946756764145513
2021-09-11,870.5004133882348,393.9659324122174,420.559589836222,832.0748198774012,715.0715693324692,849.1993371318275,989.0452539537188,1845.5022576582319,1.0,0.556013874371672,0.12982017785636837,1,-0.017072934193423085,-0.04437627662074533
2021-09-12,866.7556174734505,393.241986056196,419.5915809615595,828.4457611961332,712.2024990403037,845.5459431284384,1007.7116755134961,1889.5742274231995,1.0,0.5598279611716028,0.11941444416424733,3,-0.04569671334055577,-0.10881636437767382
2021-09-13,859.4101513900479,391.37260877606445,417.6930882892054,821.3499084746378,704.3616691205817,838.3743615828869,984.2783626422109,1786.6000862407468,1.0,0.5197263543381035,0.09638767463231446,4,-0.06193710929997345,-0.04787056091634786
2021-09-14,843.1963593766721,384.9745175752031,416.09086468580335,805.7407615234177,693.3059914692625,822.5571329255288,1030.4814490194108,1818.1179600203816,1.0,0.6045330163812723,0.15891850071533797,5,-0.09604697307725582,-0.05030750560963362
2021-09-15,846.2920756851527,385.5393033864786,416.85228834263785,808.6246922289538,695.9852896492652,825.576818075698,1052.7804859900648,1890.2104373449556,1.0,0.7014237148734883,0.1552808635977364,5,-0.06256942906108795,-0.1065527920356331
2021-09-16,850.8487632297637,390.1460022823466,415.6260525909351,812.9538579077725,700.3239120049623,830.0131084960223,1044.889576063564,1876.2596121025756,1.0,0.6804615883087851,0.148678797169961,1,-0.006755856179416576,-0.1779860349005239
2021-09-17,834.3461586233207,384.00444030684815,414.6552397111404,797.0486129628946,686.435319167484,813.9142161726218,1035.2069785433016,1819.22106703407,1.0,0.5337972985914129,0.12566164725944312,6,-0.11435730116672312,-0.08228427212126298
2021-09-18,852.3128264568071,391.10479733161833,416.52681892058854,814.154896095225,704.2134013474408,831.4411441487061,1056.6984758509557,1874.6662377308867,1.0,0.5800307002271786,0.07833730381387609,3,-0.062205335147970206,-0.05529128301591314
2021-09-19,858.147209603026,394.49108742444383,414.78457924389534,819.6704939056106,706.5928812161229,837.1328590308804,1034.1959126237734,1836.6385298037085,1.0,0.5554510533850766,0.02640502209490543,4,-0.0576481140090824,-0.034467057476652976
2021-09-20,839.4862704151515,388.38681072724273,412.40547323320146,801.753535477621,686.8159542573006,818.9284456485775,941.6175085103542,1581.6542261958634,1.0,0.4445883694096953,0.04826436227985745,4,-0.06433798948190621,-0.02149194075209885
2021-09-21,832.3825938850841,385.247700268911,412.40547323320146,794.8838077191758,683.5785148189705,811.9985507609179,891.2721156992079,1472.284760597853,1.0,0.4661900302226617,0.05795092179347714,3,-0.07012740248060985,-0.02463780336157188
2021-09-22,863.1619678113839,398.49659185150466,412.40547323320146,824.2240503767771,701.7262890620049,842.0245962239252,952.4153423782176,1716.7703069918855,1.0,0.5063017015019147,0.04579261102277024,3,-0.07118852054073196,-0.025409226998039557
2021-09-23,872.3464876758331,402.56794672829994,412.39847323320146,832.9598007020829,709.0995627821512,850.9841830094954,981.0466720721514,1770.2341775777804,1.0,0.47468288424103033,0.12130627719207945,2,-0.03992113694579165,-0.04002796166564622
2021-09-24,882.256087971905,407.3304152933131,411.67181612865636,842.2957051639837,718.7714985707661,860.6458769272256,936.6254252440424,1694.6346228970633,1.0,0.46784833209116367,0.02355155506126923,5,-0.10917049402723208,-0.06817568490668185
2021-09-25,877.1577401523185,405.1318349022526,411.67181612865636,837.4144668466218,713.3803112279008,855.672153606933,933.4103669272044,1666.490407368326,1.0,0.46929209935757166,0.029316072919027967,1,-0.007,-0.02766525737141084
2021-09-26,873.3097776549104,403.6417170416323,411.67181612865636,833.6832616531406,711.1947020337703,851.9081944511747,944.3180612045056,1639.5670789922128,1.0,0.40838274503621325,-0.022736560760740224,2,-0.02926686469674213,-0.057621247948446454
2021-09-27,876.2785552490125,404.8059717180707,411.67181612865636,836.5225764882,712.0298268504777,854.8043995650056,921.835850602976,1608.2909273352918,1.0,0.4042535270643581,-0.019241386071880265,0,-0.0,-0.026469240441574664
2021-09-28,867.2285593903625,400.9799951108777,411.67181612865636,827.8439476904159,705.3461959222254,845.9758339574188,897.4046025383902,1538.0005255019996,1.0,0.4244930995647769,0.010244909362350613,1,-0.024313110736162047,-0.038159385991278376
2021-09-29,865.7028692739317,400.1013832303866,411.67181612865636,826.3593824752885,704.0403756325786,844.4874370151894,908.2022175608165,1583.8568469780166,1.0,0.4001737716425523,0.04668882019577476,1,-0.023074828092290757,-0.07254277559539896
2021-09-30,870.7409251333204,402.46632165447926,411.67181612865636,831.1120156961742,706.9598832699579,849.4021056412175,958.4679506328484,1661.1989584250503,1.0,0.5110329817715378,0.046399796786012824,2,-0.05512450766922704,-0.002447227881659266
2021-10-01,882.2317514323034,407.3942511118298,411.6364442886692,841.886300512207,716.7541729246923,860.6111900452577,1053.1704685590257,1849.3117122605875,1.0,0.6199272773402773,0.11409749623166202,7,-0.18190172862268594,0.009866327948865806
2021-10-02,886.2021644243446,408.443444597371,412.2161264026651,845.5946422197453,725.1862251055484,864.4896983440243,1042.2866284343713,1880.4521674884577,1.0,0.6621676662807626,0.16074332373399225,5,-0.08909580946278538,0.02477427011550137
2021-10-03,900.5148779871901,414.3542322567354,412.8786956764111,859.0719375390519,731.4670693109293,878.353798965085,1054.5570732486644,1959.0899381712443,1.0,0.703505198926772,0.20085082720296343,3,-0.06989257968881128,0.19311913509128273
2021-10-04,895.2362637900386,413.3423461168912,412.1094072181816,853.9362787629665,726.3776000014433,873.1546303386791,1076.6805961787422,1935.8242562668502,1.0,0.6522167708577179,0.2498118384182962,1,-0.03368702362559566,0.10793356779725953
2021-10-05,892.4324209339477,410.7785889095878,413.3820722562412,851.3284948889759,723.0157796058933,870.6298895933451,1126.0718228840135,1957.7434356419865,1.0,0.6784903132811628,0.17150855295991074,6,-0.1415089501663619,0.05885518344855342
2021-10-06,893.4537771171939,410.5638688792698,413.97353337640493,851.8641664538634,724.7449898649915,871.3464447682378,1210.6879734584281,1944.2620181737104,1.0,0.5971311083826294,0.16301702407965102,4,-0.13981609375249351,-0.0043816044448509485
2021-10-07,891.3859487103339,410.3682939356965,413.1980839183967,849.7485938418766,723.340529641725,869.328813476115,1177.7165010553847,1990.3475238386995,1.0,0.6397900421277208,0.23181863077719161,7,-0.12857357940596692,0.030208972083744817
2021-10-08,883.7693734978197,406.55847286829805,413.2830772142493,842.3853252251141,714.0322092176347,861.8947956953625,1181.2182468948595,1983.208313982233,1.0,0.5229156907087635,0.2190929894037199,3,-0.07711361572151768,0.07397052044286863
2021-10-09,884.0006185188091,406.0994089999851,413.70447509106634,842.5377877184085,715.648812923857,862.1207959464359,1202.7913735505622,2014.068703185641,1.0,0.5473409586812049,0.1551571069567511,3,-0.06443147465451456,0.01071748806304234
2021-10-10,881.9560364256473,408.4448298575042,411.2973685429655,840.5402009220159,710.7840053016122,860.127194259223,1197.0845410865923,1890.4468349248366,1.0,0.5926844260392492,0.22411653536830317,2,-0.043778135571099885,0.03743700188907625
2021-10-11,900.0830525400612,414.277253827106,413.35424232589395,857.7529575469996,727.9463995025936,877.8072408916271,1258.3614823276869,1917.027048774235,1.0,0.6745219279203364,0.2382639335378218,4,-0.07065139337184864,0.0003428978120170352
2021-10-12,894.7040180178558,412.3367809224253,412.1424884767699,852.5068889727216,725.4240060978476,872.5607968183168,1225.7935609107062,1915.4845173371327,1.0,0.6539100253457988,0.24284511654778923,4,-0.10412093140406561,0.03407038063920782
2021-10-13,899.843147313477,412.86140997760987,413.82122329647433,857.3415721537032,731.4744530450928,877.5729598788565,1256.0338422584005,1964.3425794606185,1.0,0.6712339510327912,0.24591863057777863,2,-0.06077467216145224,-0.008464579944458176
2021-10-14,905.7519993203638,412.88268246848133,416.3134555061213,862.855136138451,738.4711718421361,883.3351535141442,1255.6955072126016,1988.8321388650656,1.0,0.6892111671481806,0.2592777422847486,4,-0.10958383692052284,-0.047236331655996756
2021-10-15,912.1131072688164,412.9717536924534,420.40350615444817,868.7804587715143,745.1767142274248,889.540865995187,1350.3273380625865,2021.952288752344,1.0,0.7087533526420232,0.1947924335580833,5,-0.138860202472983,-0.06025547727537571
2021-10-16,905.205431246063,411.5630978984215,418.72556449351373,862.1045789107818,745.7534097638732,882.8036254431665,1333.3280810428453,2014.675068690362,1.0,0.8082307814696157,0.24635659179666058,3,-0.08245178612030085,0.19188165980234476
2021-10-17,919.3402375038653,416.21679013303867,420.705756426161,875.5018582161545,751.9737571289758,896.5892375379107,1347.4630889814637,1995.7053158332449,1.0,0.7394706204438679,0.31785559901159804,3,-0.06625584729938153,0.018424603449491865
2021-10-18,914.8354549230507,415.8665454881522,418.8452818478167,871.2089743360164,747.7730311540055,892.1961102325406,1357.6715720871432,1983.7028223991715,1.0,0.7346967839046716,0.31455944394596147,0,-0.0,-0.05747269620415052
2021-10-19,925.098384867614,417.0646246334568,423.29540789104976,880.9843315774684,755.9271819697798,902.2062419615395,1407.5416326088489,2020.2796795403697,1.0,0.7260298260988705,0.3046871587737537,1,-0.011230189517700606,0.13556578279510278
2021-10-20,934.0199199725496,415.23992073512574,430.3394609373268,889.3478025895495,765.1765705640278,910.907949508944,1445.7857481286017,2139.0722230512333,1.0,0.8169187963673133,0.374392423724554,5,-0.1371370785743719,-0.06896240419205601
2021-10-21,918.2949358913097,411.77568443058806,425.5297533205154,874.2725751511721,750.1086226635507,895.5701504574758,1362.5389134542927,2075.4298509657588,1.0,0.7811645280177921,0.2564506617737237,3,-0.06921287060243063,-0.3386630099298569
2021-10-22,925.1526243556333,412.57602543476924,428.2514005528793,880.682322488624,756.1520327678174,902.2573123396008,1329.1417866760366,2118.2405998047034,1.0,0.7799174258001104,0.3377875371464263,4,-0.10164829844463762,-0.14900800084089813
2021-10-23,926.7401482175206,412.2715295576072,430.0991926268948,882.1726994824354,758.7122843104657,903.8059085553662,1342.0720504832686,2152.248767255734,1.0,0.8302563915491783,0.2948843152245117,1,-0.02867029383227403,-0.11747599435841469
2021-10-24,935.1186325683572,415.5339077736361,430.2636901742486,890.0582429983734,764.8515037732004,911.9767497206193,1332.8304265188178,2125.328131858724,1.0,0.8029031090203693,0.2857988109346928,3,-0.07974369949397275,-0.15885247060100258
2021-10-25,954.5053622058117,417.72395693168835,437.61014532786356,908.4337603389127,783.7778815765581,930.8837533189561,1381.5064663355568,2207.0234213436133,1.0,0.8448568071335326,0.3284513549888074,3,-0.08546543551202268,-0.16984074027795487
2021-10-26,935.9341718786208,413.39206739840915,433.46599238185803,890.681022204453,767.6274980354306,912.7720988664979,1320.9237028210302,2218.0143401833384,1.0,0.8529778533413893,0.41364049511070866,2,-0.06441169606691512,-0.12176465042492485
2021-10-27,928.9864966827533,417.0720418554699,426.29120035200236,883.9982338669997,768.9707664493526,905.9963004330408,1279.1375739013715,2032.272770467957,1.0,0.7104993340548952,0.3196459285578251,2,-0.05845644495009282,-0.20490292541424024
2021-10-28,943.3027744345482,420.59516148372285,429.6928365712807,897.485108227317,783.4729921718987,919.9584418828823,1326.6854654897188,2167.9522506184226,1.0,0.7408997990138766,0.33670328054735565,5,-0.13652153961394486,0.06358288250765076
2021-10-29,949.5466059297622,419.9056105246933,432.42092920273996,903.3598692369,787.6756663475852,926.0478037359542,1363.586964252695,2234.526727998297,1.0,0.7499282775531341,0.33471942044869335,2,-0.0634123091532162,-0.11019990489985355
2021-10-30,939.2516518107731,417.0763659427355,430.02042578254895,893.5089617737942,777.9606463294933,916.0077573055111,1354.547991163024,2173.0227771208442,1.0,0.7483846916420531,0.3337765572682316,2,-0.046723611575925084,-0.08966344614693919
2021-10-31,928.5739757257675,413.5445079573035,429.0024900431608,883.2199700419587,775.063133096388,905.6043185264057,1342.5863372605177,2180.3141341572573,1.0,0.7805342714407625,0.3297159641452463,6,-0.1332240230955265,0.11499675625815482
2021-11-01,943.1651998837566,419.98971911076757,428.7019589464635,897.0367815975834,777.6520395757271,919.8345932252231,1333.7069024945126,2246.7084267821324,1.0,0.7544385931251639,0.31419382715942146,5,-0.06093039092245783,-0.13030470226579463
2021-11-02,972.8096989073252,431.9581574804304,435.0620321298695,925.1926180504602,802.9654854559878,948.7457504397759,1384.56264286504,2349.243296067026,1.0,0.7723663804967682,0.3377667922128723,2,-0.05620307144786092,-0.20666931074835962
2021-11-03,979.8568021267455,433.9302809790767,438.30256260168846,931.7517230033031,807.3917545713725,955.6185154684349,1377.5543365864737,2407.7480464277096,1.0,0.7648308780098618,0.3059819626536065,4,-0.1320574259869318,-0.18769154560601825
2021-11-04,971.22477557585,431.22660658142877,437.4149761421265,923.4568277708263,800.1344527303162,947.2000074013041,1344.4082255246028,2359.9478488850204,1.0,0.7149526830605462,0.26592979064855726,3,-0.07559087241853592,-0.22019598614258265
2021-11-05,961.3659669172195,429.65504368717626,434.13304117760356,914.0743238536121,795.0013721867921,937.5850988634626,1335.0884737390975,2341.541350511071,1.0,0.712352559317903,0.2585498772255245,0,-0.0,-0.142260132297502
2021-11-06,982.7309487577327,436.5766610120635,438.8201528592687,934.1055453234136,813.2128742970858,958.4214774117655,1346.1467336771425,2387.976382533754,1.0,0.8900846676547454,0.43259675575413137,7,-0.27352105325416953,-0.07493447336628374
2021-11-07,992.9689712382723,440.6801469426553,439.3382658333371,943.7610373052488,815.8707676380736,968.4062492017437,1385.6505235329998,2444.3152936184492,1.0,0.9979368240536077,0.5429255075315436,1,-0.07253761759649455,-0.046234367710760976
2021-11-08,1021.3984854855527,445.72387205984853,445.8212817764091,970.7366673615221,832.0851539225765,996.1325355186684,1479.5474714051113,2568.27897226214,1.0,0.9546078914271514,0.5746410082316153,2,-0.04354780829244663,-0.4106309217202054
2021-11-09,1015.5640417494973,452.40844031276146,441.80880568535696,965.1010249307194,833.212510169014,990.4424483421583,1466.4828364994828,2572.9955283602067,1.0,0.9952649582318914,0.5580670727753707,3,-0.06814753807644088,-0.47950167014251693
2021-11-10,1015.1584398611403,458.3096711926524,435.36398410986294,964.6529931379024,829.2276688623434,990.0468389194508,1420.747422821424,2468.3283784519735,1.0,0.9852731626748453,0.46911654687306115,2,-0.06325962618054282,-0.18800664744491005
2021-11-11,1022.7464002617188,459.46984543812437,436.33871622451755,971.812996433745,838.32984700262,997.4470947308348,1418.803418803422,2522.267520537998,1.0,0.9197395535769101,0.4011667740814161,1,-0.05151154399023428,-0.01270030115256629
2021-11-12,1015.7813876601134,458.3699518091616,434.00547646588734,965.0213464861168,832.3773625701108,990.6543653365771,1404.026537197709,2520.399448583122,1.0,0.9782724337421499,0.47112397924951566,5,-0.15927647099371614,-0.0637494930286594
2021-11-13,1026.1464323677294,461.28584266818046,435.7883068403588,974.7385113916991,837.1578392120346,1000.7630150521203,1409.9554977803632,2550.8076983388387,1.0,0.9544009189542237,0.5041220337533986,4,-0.12546490700439628,-0.1610806938309542
2021-11-14,1041.2970869176418,467.88870856179614,436.3063547192072,989.1549505490868,846.894659307536,1015.5388904397676,1434.9342971286414,2578.5769668868807,1.0,0.9802393214470515,0.48276209874821835,1,-0.020946878280603345,-0.14825108799306924
2021-11-15,1031.0297514918477,466.2446824125713,433.3604022969795,979.0238544756616,838.6358142118535,1005.5255341491368,1393.0494689168384,2509.753299118893,1.0,1.0251072243753496,0.42038148574486905,1,-0.041511773029355256,-0.2554082303831412
2021-11-16,1017.0912546172875,474.59491859182884,421.4793536115836,963.4075638367383,822.5462968361759,991.9318285397281,1315.3930409339475,2359.3849347524974,1.0,0.5782299455763114,0.014033525617505349,3,-0.2839239300475803,-0.10774469590510084
2021-11-17,1021.0941533808965,475.93571380288057,421.78834277316184,967.1087163698285,828.8598448805499,995.8357092520946,1321.1033749249113,2399.136684857126,1.0,0.6568464333017184,0.07162285022732001,4,-0.12328639325009091,0.0014785129785139118
2021-11-18,1043.2127202859458,486.148264641854,423.83368585085407,986.7483456556937,843.644787549113,1017.4071362041828,1245.6912068997615,2263.468622438876,1.0,0.622867606080554,0.003781039819052721,6,-0.12166779251538301,-0.02626605763209655
2021-11-19,1044.12362684255,484.5783658672773,426.017735850393,987.7145366809962,856.492672295393,1018.2955109298555,1270.8247299720888,2448.569515159754,1.0,0.7294980344552954,0.07350120017003021,4,-0.11417375586728873,0.011163133231888169
2021-11-20,1049.3608481233193,486.97559887180057,424.56855132775553,992.813689027249,864.2696779399553,1023.4031817248685,1306.8637588673462,2504.2698713155023,1.0,0.7961167777850879,0.13339518176692697,2,-0.04054740223819353,-0.03271235241066674
2021-11-21,1034.810710774617,482.75815128561453,421.63062638791155,978.6822494301666,852.3843126810322,1009.2129658172624,1283.7777537047823,2421.621449466566,1.0,0.69487491152051,0.14664002737152734,4,-0.10871122268920286,-0.049555607258720845
2021-11-22,1070.7106403160374,500.36061228636913,426.1746597502767,1012.4573081349797,888.8741582957118,1044.2248514855557,1231.4062898367108,2411.6316162860876,1.0,0.5724920315885385,0.14751461051098333,5,-0.11539927580163752,-0.04643810334084632
2021-11-23,1078.7134035193926,503.46026168257106,428.5126397089437,1020.366078848927,901.9248754346681,1052.029652797271,1259.9857531620455,2523.406472585014,1.0,0.6555624189380453,0.17586533007327299,2,-0.05486468800656037,-0.04682431005934528
2021-11-24,1139.4157972010023,525.0633507382946,442.90939303517786,1077.0243796474003,964.8142184739097,1111.2304726133298,1251.03169210198,2573.012381138965,1.0,0.6107086750423832,0.1795260694689133,2,-0.03220682169814181,-0.12169557763451114
2021-11-25,1135.5372255651691,522.9540961130045,443.3815893034216,1073.139839194904,960.3251363956607,1107.454670804641,1290.930060280978,2628.3592565026343,1.0,0.6878266017620539,0.24646564361362078,2,-0.05530840658783362,-0.12732740191481207
2021-11-26,1110.1887607663434,520.8048340427248,437.1995723874001,1051.5502564269661,959.491234291672,1083.569000696325,1176.4178722314707,2351.250545663669,1.0,0.6045824977724557,0.0915328142444213,6,-0.18903324161918897,-0.11856089122599787
2021-11-27,1106.1064335991657,520.6968819568613,436.0603459028919,1047.7690908347279,954.8507585825556,1079.5860205011845,1197.9330048463344,2365.2797480760955,1.0,0.6653640214072407,0.030678930255847798,1,-0.04457427334587336,-0.030746761542771762
2021-11-28,1125.5780893534222,524.867405889307,439.97157201367526,1066.7839727489118,971.305615014924,1098.5719614585487,1254.3285986123035,2439.039255856092,1.0,0.6933820989194682,0.17069703419226384,3,-0.09704148204762222,0.0007064032736457081
2021-11-29,1107.666335117725,518.8577274990491,438.13393843409546,1049.8277084004003,952.9824392196114,1081.0980981825703,1265.538956129152,2473.4719717088838,1.0,0.7899551380155936,0.13575847148643433,2,-0.07110308078923977,-0.07025187690235174
2021-11-30,1103.2416583599163,516.6937664660855,438.05500195164734,1044.8994072411128,947.4027035675339,1076.7882565982045,1246.8718780330635,2472.94085726602,1.0,0.7596560296261119,0.10643024208872558,3,-0.09287033418690487,-0.02903577122558433
2021-12-01,1106.3104542219098,519.6377090447902,436.8543825930271,1047.6519538265545,949.0493980042921,1079.7871870047836,1251.99920777952,2461.943821723708,1.0,0.6971803804223842,0.16263136249972787,1,-0.041496159739752105,-0.11197951480984827
2021-12-02,1092.4108316755905,515.1984668247791,436.28132989345977,1036.5681982908434,940.6756473523094,1066.2272380461272,1236.7736930276963,2427.411230333068,1.0,0.7690246409710149,0.1531488700110981,5,-0.15799470829077494,-0.054454892011683846
2021-12-03,1077.456694286293,515.0753174443865,431.05969505829654,1022.4357654862059,925.215988857652,1051.6500780475872,1173.2741575271364,2282.593409463747,1.0,0.6328842295323698,0.04564705472239628,4,-0.14308215598093357,-0.10336153022710626
2021-12-04,1103.8278643566496,527.3175103687176,431.1870329571052,1047.5389726565663,953.5134641894575,1077.0641143220787,1075.3114991240732,2109.4971195121148,0.0,0.5810150489071896,0.06849718946088568,3,-0.07667413424470021,-0.2534730194706219
2021-12-05,1092.2010613386017,525.2692713785958,428.3476356319054,1036.5226976489623,945.3219036759383,1072.8285413079511,1080.5843610862196,2001.071384418579,0.0,0.5302245642249749,0.03413703407896458,2,-0.032727599242951405,-0.023187117976253318
2021-12-06,1095.8965044339702,526.1206838161002,428.5368981481342,1039.567868424171,947.0449648102815,1072.5764837769445,1103.5219890424112,2081.4365657043736,1.0,0.6216032426164282,0.1168270706961815,2,-0.060948413978654734,0.07968078878827303
2021-12-07,1090.0636541392394,524.2979267959697,427.87308072811237,1034.072633619389,942.8054857413582,1067.0078533569772,1106.8589442677287,2080.1644408954976,1.0,0.6143066571818427,0.0962527316089327,1,-0.012004193033228985,0.1390807686641494
2021-12-08,1093.7857744957003,525.2904597860021,428.4109368377652,1037.3737527086523,945.8435803740628,1069.4263273619918,1104.1980025976975,2143.685107099945,1.0,0.6527414470817237,0.14314869115175824,5,-0.18979177433256378,0.04489752701686084
2021-12-09,1077.8320308031264,520.2326013825682,427.0025867867124,1022.3340911866713,940.0703097972998,1054.1844259638933,1040.3859558129197,1972.998316748168,1.0,0.5579273171812412,0.07150099358349692,1,-0.0445248252734221,-0.008171214116389443
2021-12-10,1069.125112136258,516.3899946843131,427.0025867867124,1014.1716567812243,928.855249011583,1046.2980707026375,1031.5575120337655,1881.9783774602204,1.0,0.5368799010778743,0.06385010349364317,0,-0.0,0.09539339412032688
2021-12-11,1067.223556186662,514.5894086147907,427.0025867867124,1012.0668477440071,926.2264868874248,1042.0264816150373,1080.6839357601125,1978.130690313896,1.0,0.529891188705041,0.029507201025676277,3,-0.1085539080985429,0.0819018335365583
2021-12-12,1070.9989256516326,515.4799702752672,427.0025867867124,1015.5863858950892,929.9734261097702,1045.3296106090936,1095.4748234738015,2010.4068592075378,1.0,0.5435703502767175,-0.0542530288171439,2,-0.06533973029713167,0.09395293046758968
2021-12-13,1069.557957896879,517.0077433016651,427.0025867867124,1014.2910266472453,925.5911162181218,1046.3084900715464,1021.5689685923993,1797.0757118513397,0.0,0.49436697035010585,-0.04775384412715498,2,-0.07741379499886238,0.038129671768420054
2021-12-14,1062.393388783398,513.6536434899992,427.0025867867124,1007.3367473090194,915.2559327683794,1045.9018437899178,1057.5495657559436,1885.026236496698,1.0,0.4669111375691121,-0.06964831244929244,3,-0.11369388564440035,0.04380577588630395
2021-12-15,1057.0979469597942,512.2099184610831,427.0025867867124,1002.1696118002278,920.7960132208369,1044.8371126768654,1069.5081558223303,1972.1828033126774,1.0,0.5710559491052594,-0.04271339439892566,3,-0.08277558917706904,0.043008059637468364
2021-12-16,1062.5357463289824,514.0861438293399,427.0025867867124,1007.3304502076312,925.4416455891655,1047.1778113712828,1042.240452047137,1914.2203748245756,1.0,0.5378015532250622,0.026365787841052542,3,-0.07908010343079899,0.030938617490626902
2021-12-17,1077.2391183120599,521.1111380666449,427.0025867867124,1021.3006352717119,938.2616337758747,1061.5102624669437,1009.4318006493164,1890.4970376070771,0.0,0.5296214589907239,0.03966094092174953,0,-0.0,-0.006352985650416865
2021-12-18,1088.5614544500727,526.9171606384339,427.0025867867124,1031.9703802565832,951.4682411881203,1061.5102624669437,1024.546579609954,1965.341324138948,0.0,0.5038690266703849,0.09756027006718561,1,-0.03648725206130884,0.0074367410385412225
2021-12-19,1081.2732749268578,523.2283119554887,427.0025867867124,1024.9754225885008,946.0976640804789,1061.097177243648,1021.3216732484452,1940.7915543192487,1.0,0.5142140303491114,0.07861114848204363,2,-0.07443913466128993,0.09811331814417705
2021-12-20,1083.9548917865293,524.4529793274334,427.0025867867124,1027.45790437025,946.4866305573146,1063.204560491008,1026.3443948759552,1935.5763611361194,1.0,0.4990081975555325,0.019468961160631196,4,-0.10519116490073468,0.048672661423795255
2021-12-21,1091.530640604903,528.3318078314559,427.0025867867124,1035.5691087124385,961.0397535728487,1069.2292653966597,1069.6103566414688,2040.6312715477225,1.0,0.5789559463350002,-0.029907303753630255,1,-0.042840420776401655,0.1662022430384878
2021-12-22,1074.879979912948,520.2568800103405,426.9756262121616,1020.7295173630148,948.2513422165792,1055.857049332828,1062.9255039189768,2067.175354115845,1.0,0.656124775671901,0.13871926946765012,3,-0.13883476657194993,0.07225088779644226
2021-12-23,1096.5950212399378,527.8989133238932,431.1209133852522,1044.4774730496435,954.2363498064128,1078.790902495159,1112.1269916302585,2255.2229304038515,1.0,0.729643105180585,0.18530163044422282,9,-0.30204675646113205,0.3341995202996603
2021-12-24,1086.0010666807236,524.4505114419111,429.9957034433622,1033.1151252574302,944.2757810800971,1068.7035929778385,1111.9219334556703,2206.219972885727,1.0,0.7732907541139168,0.21377601651448483,5,-0.20829206729671015,0.5122678683556208
2021-12-25,1103.7738007529724,527.6278835708073,434.327168327288,1049.802140280306,963.4231004828177,1085.7207475165574,1103.0606628609466,2268.264999496908,1.0,0.752518567696168,0.20145028229534176,6,-0.20188854810394916,0.11635905083615511
2021-12-26,1112.4407570480437,531.7574015998579,435.02554412519214,1057.851542056677,968.9585160677607,1094.762290335147,1110.984837293891,2322.672581967227,1.0,0.6727201439833956,0.2325292043619426,5,-0.17396824017227908,0.1455997309887056
2021-12-27,1079.5684005636938,521.564239855883,429.99465185745237,1026.4907945713019,945.899587936812,1061.5331785152234,1109.7153149131152,2278.517688892335,1.0,0.8380822289866966,0.2719904941976569,4,-0.14424175851920207,0.18116615068000594
2021-12-28,1054.7981453900104,520.1662319188038,421.76893848382366,1003.0554147302283,935.0568646192744,1036.8475455144992,1039.9979428528932,2099.629309821366,1.0,0.6722640160533777,0.24146473869260066,5,-0.1499385255078913,-0.051910173773402804
2021-12-29,1060.7615021352885,523.9559648120348,421.21181494114575,1008.8768717755156,942.2843692210197,1042.5143198915664,1016.2424894981567,2058.8776641975464,1.0,0.6234029165314896,0.20549670812032034,1,-0.029918133043154074,-0.0333534228568167
2021-12-30,1068.211116031846,525.8077724169613,422.1910594334123,1015.8314762610123,947.4439074086398,1049.6035128022402,1030.6530238421183,2096.613949098704,0.0,0.6887863354193416,0.2353050625977548,3,-0.12213436401791121,-0.07257476615732683
2021-12-31,1069.9647958709718,527.1396177726855,422.0713080387184,1017.4961841568771,946.6260722794665,1049.113296351308,1011.297020309953,2084.65723547949,0.0,0.6828918870234065,0.23657969214956842,0,-0.0,-0.02277865341337333
2022-01-01,1085.0860219152903,531.1797809889741,424.4916342707044,1031.8360981231592,960.8303742246625,1055.4629308731053,1043.987932862599,2177.7180974591884,0.0,0.7621768175076253,0.1895623139016607,1,-0.04381813455323167,0.008234024246367093
2022-01-02,1072.2154673752857,526.2542751288298,423.54159661532873,1019.4981355395582,949.7518974182308,1052.9441943598565,1034.7012267381,2171.7413683003906,0.0,0.7643275071156541,0.1775846834352277,2,-0.08392613424550521,-0.04710199800606653
2022-01-03,1089.3148872038212,537.4186662476949,421.9363514474197,1035.687769960551,964.408100506783,1048.1525825451088,1016.4453592183738,2177.178633597823,0.0,0.7402278193776012,0.12349328138162431,3,-0.08212971749666682,-0.07562768543897404
2022-01-04,1083.2703042192497,537.1037960418812,419.6479766025802,1029.859114717367,957.1796019001406,1043.1141247247185,1003.0434834941321,2141.11613030503,0.0,0.7195646603251534,0.10582294691261125,2,-0.07105313149933509,0.00805857378875001
2022-01-05,1076.2103615019319,537.8077390600502,416.33352206916175,1023.0683589504098,949.3520516560823,1036.2246251402175,950.2638728858184,2018.0669353112116,0.0,0.6738160967095166,0.013382594789140077,3,-0.06531619524385938,-0.07110815089698519
2022-01-06,1083.6929371656288,540.9227373632862,416.3179161124853,1030.1623480101018,956.5342372955179,1036.1939791363866,942.7863619900512,2043.2320186960392,0.0,0.6406852352172631,-0.01093459254506361,1,-0.023647701630610966,-0.02397964782167674
2022-01-07,1074.3866394761392,538.5024475826472,416.3179161124853,1021.2226904663223,948.9088384016613,1036.1939791363866,909.3872656028609,1919.5471904693336,0.0,0.60044548482004,-0.02471232073066244,2,-0.07535945668057525,-0.01491220028232055
2022-01-08,1058.8341221377677,531.4588172968594,416.3109161124853,1006.4208726267607,936.2416743708269,1036.1830997619195,912.3239525236727,1839.152422753845,0.0,0.5822795923593449,-0.039759243488805454,0,-0.0,-0.004660885513257657
2022-01-09,1060.5843882923566,532.1623245606175,416.7744877296195,1007.9889244588192,937.5746444826441,1036.8958229933933,915.8948535212795,1882.4154605058457,0.0,0.5969172916674711,-0.029552794340129432,3,-0.08698765571836922,-0.04622461909604193
2022-01-10,1074.1571725968856,540.129352830447,416.02562294609726,1020.9120825765342,950.1114348184902,1034.939036470465,914.807848235068,1839.334805887008,0.0,0.5829549955813247,-0.01648556152526376,0,-0.0,-0.06236384637767385
2022-01-11,1083.2732037234753,541.6702367347547,415.98791999688024,1029.5236884446529,958.3914237309781,1034.8452435601669,934.4848980234991,1956.625076729319,0.0,0.6986953201165005,0.07495714199209233,1,-0.06278814972864398,-0.030971472854637163
2022-01-12,1077.6946892118606,537.323845197324,417.41555909205874,1024.1174022401726,951.5303306323889,1038.3967542078249,960.3095349862747,2073.570184524243,0.0,0.7481173263735568,0.11869802583598425,5,-0.0889689886225634,-0.0926738464788602
2022-01-13,1098.4363539519336,543.2824401265968,421.7664210899794,1043.752357538524,971.1011914597542,1049.2091454304734,930.8441853314486,2016.4753779951752,0.0,0.643874755376006,0.1998446759175291,3,-0.07244131066208828,-0.1509861102409504
2022-01-14,1108.9225633720787,546.8586932717635,422.8026805331707,1053.6020402435527,976.4772348684445,1051.132542774572,941.9632843010149,2075.8740528971257,0.0,0.7280787272155936,0.2572298221753819,4,-0.10983880912546257,-0.008631366220925247
2022-01-15,1103.8994657893113,545.1428519443148,422.3336165027886,1048.787191691973,968.061139417292,1049.9523663726238,942.5784588247799,2080.3558221482426,0.0,0.6837871701787697,0.20896182766264712,1,-0.034647659526124884,0.08999746618016163
2022-01-16,1127.009253520551,551.8712629647301,427.7038814252287,1070.7157973656122,992.918728664891,1063.3119081920383,942.3628960692096,2116.1920642758764,0.0,0.7373889731396704,0.17817408629458442,1,-0.03713251630246545,-0.03052567753415565
2022-01-17,1084.5837124474149,542.0623762887265,414.4610052907066,1030.2623572552443,943.1806288517577,1030.366834876552,923.0099563731638,1997.0273672937847,0.0,0.7067316027028538,0.15276220522200615,4,-0.11711857685829503,0.012806175534480331
2022-01-18,1083.8991656268006,540.7654464544263,415.14350250393204,1029.613022714887,949.7200212718661,1031.6055360761904,926.5386202014053,1959.7875400274625,0.0,0.7009120175367756,0.15223746988476056,0,-0.0,-0.011213744504189691
2022-01-19,1068.6212213908996,535.6753269659921,412.3033615999952,1015.0680845800268,936.3495552022786,1024.5674605151032,911.6639146852965,1879.5902895952956,0.0,0.6456148668418417,0.10415047500194961,1,-0.026795906335521237,0.18164425703422732
2022-01-20,1065.8848175145833,536.278431099691,410.21465057671134,1012.378443043538,932.9098583114023,1020.8765271530058,889.8625322386702,1807.2603807499333,0.0,0.6022268664404724,0.06949131136921391,3,-0.08783530710636128,0.2125250922030529
2022-01-21,1054.4961979989428,535.4774024423689,405.5502772884799,1001.517791473582,923.6730850598693,1013.7131433044494,797.1659515892025,1560.2382695506271,0.0,0.521149990404857,0.05291099770580226,2,-0.03705254118174453,-0.0461345254004109
2022-01-22,1048.2176182241133,532.7556010389748,405.5502772884799,995.3891008410548,914.8276379945326,1013.7131433044494,766.9160410422749,1420.2004248378594,0.0,0.5490948597729786,-0.03756598917437848,7,-0.154358284487977,0.05009298531933129
2022-01-23,1059.809825616641,537.8904912252415,405.5502772884799,1006.4118307999796,928.6081611071388,1013.7131433044494,792.8772375578178,1516.668393108798,0.0,0.5815212060944446,-0.026283854076624136,0,-0.0,0.0707624994082678
2022-01-24,1060.799375531542,537.7431433341435,405.5432772884799,1007.2711515084135,927.5687939459383,1013.7004768284719,802.0315421928548,1456.5456156946786,0.0,0.6604285951702952,-0.04335069366215837,2,-0.07471484729019649,-0.0019010135028666763
2022-01-25,1063.0035200959085,539.9962337105661,405.5048079528543,1009.3629403647325,930.4777326619572,1013.6308666976754,808.2894274675112,1487.0780759229585,0.0,0.6685891350213886,-0.04124185429511713,0,-0.0,0.05799208968167237
2022-01-26,1045.230823091827,532.2129990745864,404.5182356313073,992.3666421327687,915.1549745724517,1011.8456674675274,805.0761199141704,1457.8845474106897,0.0,0.6875924632245819,-0.08739886994709578,5,-0.10663167827942785,0.08438931199213236
2022-01-27,1025.1223952059208,522.3249896869394,404.5182356313073,973.133478796526,890.6329600891804,1011.8456674675274,812.5949925975546,1436.0703603095228,0.0,0.6444631896350443,-0.04708707134080312,3,-0.12291228441525082,0.2256023417480508
2022-01-28,1015.981409991303,518.1416595218988,404.5182356313073,964.1769267763646,878.1651698622327,1011.8456674675274,824.9643555494293,1456.1707463864807,0.0,0.5763282004273095,0.04575282161033191,6,-0.2545458349475967,0.01973628105656052
2022-01-29,1012.9094669093079,516.5303290502334,404.5182356313073,961.0861044650239,873.1891371883387,1011.8456674675274,834.8955614862683,1490.3408400436624,0.0,0.6707775500759688,0.014146592291745596,6,-0.1586716789736681,0.10145675382848915
2022-01-30,1018.3187085477703,518.3826718898555,404.5182356313073,966.1080833057264,873.7656361152572,1011.8456674675274,828.7678892467026,1451.9204586874914,0.0,0.6957379284976128,-0.029224839765526874,3,-0.10418842388015809,0.17922883423935287
2022-01-31,1010.6272190757189,514.8442159798944,404.5182356313073,958.6759665198571,870.6617003521428,1011.8456674675274,841.2208511555599,1507.4698332979872,0.0,0.6824994328784154,0.01294863394173727,3,-0.11682284909644206,0.06232015173888642
2022-02-01,998.7520403942029,509.1560085769561,404.5182356313073,947.2265629408389,861.4655025443564,1011.8456674675274,846.5053119258739,1529.3620726961353,0.0,0.6840144307586782,0.01864831448096098,3,-0.16085713387751469,0.16044533097159025
2022-02-02,980.7652088442449,498.5213222010992,404.5182356313073,929.8977413060961,847.9939263209895,1011.8456674675274,807.365243186522,1449.0639745387232,0.0,0.578241184122529,0.021431022161944896,5,-0.23670582409994156,-0.04523414762857297
2022-02-03,979.2702200520297,498.8143893498654,404.5182356313073,928.397816452292,857.3467554418,1011.8456674675274,816.0715712117593,1480.7502086804059,0.0,0.5973118238203444,0.022195056857917148,2,-0.07968110388370853,-0.012091149492667881
2022-02-04,983.7266369433798,501.52585879687666,404.5182356313073,932.3342703063224,862.055700720946,1011.8456674675274,909.3027912641292,1610.1761505456238,0.0,0.723760867161993,-0.028771237036767913,7,-0.26913104911769875,0.086569066249334
2022-02-05,984.6150370202813,501.9845459103216,404.5182356313073,933.0412678079061,862.5791730186743,1011.8456674675274,905.4662119058497,1631.1005414512551,0.0,0.6685307228665721,-0.08427483549181318,3,-0.12897114187219327,-0.022324097956737295
2022-02-06,973.4361404678639,496.2991444224282,404.5103585548748,922.3455748257945,853.6881516829757,1011.8259640649155,927.0588158054566,1705.5371529960655,0.0,0.7050690455702696,0.031464093486781405,1,-0.08727827301985479,-0.014927102918826348
2022-02-07,966.3544628372872,492.69675918681145,404.8916361205493,915.3367024648014,833.0111962913397,1012.7654760653751,959.1993320837273,1798.9026254314138,0.0,0.784982953620017,0.03083773529731003,8,-0.2711261272858274,-0.037445006126905864
2022-02-08,981.1901296104927,500.27752229962874,404.84972152260514,929.2412162835669,848.0609886920246,1012.7435794733407,963.3919729682132,1763.7392258139748,0.0,0.7580143561975669,0.04987727929635448,4,-0.14776273277929908,-0.081095178723539
2022-02-09,976.3880039490875,497.6547746530463,405.3940061350192,924.5447344536335,844.2138711396818,1014.2865931066349,970.7563407729856,1799.4801320724787,0.0,0.824999658061292,0.120818642862336,4,-0.13095541273645392,-0.024314997242460563
2022-02-10,974.8829969365748,497.84549844105334,403.56742305916,922.9803854364793,845.8426309123936,1010.7321646617529,951.3493462539695,1701.5893082008454,0.0,0.7897432692973709,0.027970491858259464,6,-0.12194871335218987,-0.0015862422014018829
2022-02-11,976.0446998212025,498.18084484033005,403.2300875991803,924.0353874584997,844.019629868545,1009.8873226715248,927.160578933721,1585.7866807990306,0.0,0.6735853967058173,-0.035714581453974055,2,-0.04436173424631569,-0.04085658423729156
2022-02-12,979.0414781795378,499.6864552899153,403.2300875991803,926.8751364575415,846.2784238943852,1009.8873226715248,923.5248996867243,1594.089215840872,0.0,0.677481719828864,-0.032506691457428634,0,-0.0,-0.03685032094161193
2022-02-13,981.3426495739925,500.83917362520856,403.2300875991803,929.01488228697,848.3506292252351,1009.8873226715248,920.0509472177647,1566.7512204129584,0.0,0.6126923376796308,0.020377687152507745,1,-0.034635394639269595,-0.007950769588393709
2022-02-14,976.088383383749,498.2212045421359,403.2300875991803,923.9035685584873,841.9546096812185,1009.8873226715248,930.6432852201655,1582.4803067928433,0.0,0.5852230658646195,0.05285973479214191,3,-0.121342112901168,-0.0069994469368466275
2022-02-15,982.9091506938134,501.99085574387743,403.2035859123857,930.2532962551971,847.1958231283799,1009.8209493567688,974.5099777105937,1716.4325044884652,0.0,0.6745371880401262,0.10371096473687656,3,-0.10893417908319722,-0.005281571189971109
2022-02-16,984.1039035017625,503.3546910054477,402.5708298847839,931.3204050627153,846.7431267944262,1008.2266538459921,959.8714064211454,1686.5666203616818,0.0,0.6311273758912935,0.07397664505322941,3,-0.061209887967768675,-0.036329380321278554
2022-02-17,977.9599812832718,503.0562794312485,400.46270370150114,925.3656188197274,837.6876570184312,1004.0374320500654,886.1423786529419,1554.9580820585138,0.0,0.6240340353286276,-0.015452160459338598,4,-0.09920717928408199,-0.06436369892886694
2022-02-18,978.2288199096477,503.269406133478,400.46270370150114,925.6251100508294,838.1039634725105,1004.0374320500654,874.6551816581276,1522.6429873494758,0.0,0.6120459565867133,-0.015143177352864688,0,-0.0,-0.02926341564964506
2022-02-19,978.2490502197102,503.25898122326277,400.46270370150114,925.6045111697316,837.7563310085243,1004.0374320500654,876.53287550868,1525.4495910467374,0.0,0.6659433860493135,-0.06719468916678138,1,-0.035695185396550026,-0.017548153975207842
2022-02-20,977.7878109546888,502.3319266110845,400.46270370150114,925.1464537202597,835.7948503564687,1004.0374320500654,839.6683616245784,1442.1794182521403,0.0,0.6606152993131901,-0.034326298046818735,1,-0.022822490501073323,-0.004163947679607854
2022-02-21,976.6446038149941,502.2007714579135,400.46270370150114,923.9237724082333,836.9730556044924,1004.0374320500654,809.4304875766928,1342.7977953055984,0.0,0.5692333648663958,-0.016375994944895965,4,-0.13989433025689618,-0.010457157911803988
2022-02-22,975.8254062809943,501.61131196765245,400.46270370150114,923.1422902867416,833.4937372795747,1004.0374320500654,836.2521843510204,1406.9056059478721,0.0,0.5961135561330736,-0.017217095712702777,0,-0.0,-0.011845210207053022
2022-02-23,980.745948446665,504.2224820694643,400.46270370150114,927.7402002605262,837.0283299670745,1004.0286984638749,814.7134164289471,1377.3641139207537,0.0,0.6621582654343758,0.07548423121760259,1,-0.06012539414949832,0.04235441628722669
2022-02-24,987.7617813531012,507.22028418801233,400.45407102627166,934.2609151090907,835.790233436142,1005.173323471804,838.5084808078036,1382.7245907997155,0.0,0.7319919013578138,0.0183079844201935,3,-0.10475324984472158,0.04241222894776381
2022-02-25,994.294686200585,509.60349374290655,401.96520318233274,940.3430832813672,848.6498744562882,1008.9663559812227,857.9922900752513,1473.9455025967547,0.0,0.6641098162118856,0.02928056258283882,2,-0.08306868887390458,-0.013775246508415162
2022-02-26,991.9283427381923,508.4062004014669,401.9555166773373,937.4848861979857,845.6481798260043,1008.9420422716619,855.6703399873302,1487.1564809707093,0.0,0.7039869440279413,0.021088928944898656,10,-0.5697552129632594,-0.0007166688503165951
2022-02-27,981.05794191081,502.8089585936219,401.9555166773373,927.1717135252912,847.8082611039031,1008.9420422716619,824.4345307461437,1409.8050311455597,0.0,0.7283922921474902,-0.04625955094295806,1,-0.03878153936859131,0.06818779425216694
2022-02-28,987.4910977062243,506.1545103522602,401.9390576748482,933.1727359589046,862.7407114221934,1008.9007287956773,944.4274839230683,1574.9986852714474,0.0,0.8186955581207819,-0.045388433410882945,3,-0.06330316219637112,-0.04263326552497881
2022-03-01,984.7006923683059,504.71265186638357,402.5994616531744,930.1215053321656,862.6040675688259,1010.5583981420881,971.5446220375179,1604.9809310118376,0.0,0.7988588505605841,0.0912053724958937,10,-0.3855852276284331,-0.07490069137227783
2022-03-02,984.8455462082775,505.0605548888226,402.1228714976757,930.1208915556741,866.1888857770706,1009.3621168998495,960.4185200139635,1592.929643434188,0.0,0.7369912467705246,0.13862178773884398,3,-0.12629862132579156,-0.07181248148649308
2022-03-03,986.5876864388277,506.73094932672177,400.78248264316295,931.6672254507396,865.7681392285182,1005.9976285119569,928.987938333734,1548.1964802115308,0.0,0.7380529996176907,0.1256310424889894,2,-0.09936510002578217,-0.07962060578451025
2022-03-04,973.1751960028731,501.65025999370533,399.5659280095737,918.9127167775971,854.9277321920047,1002.9439743994451,856.2918610287716,1438.4002516304006,0.0,0.7054837238615466,-0.013980040841974078,2,-0.08694400087546439,0.01980656916954527
2022-03-05,969.0762761826009,499.38146356211064,399.5659280095737,914.5291157595072,854.2071112513863,1002.9439743994451,861.7060971433021,1476.1734967676932,0.0,0.7511691645288975,-0.08261291422232013,10,-0.4702256403707266,0.07366823847303788
2022-03-06,970.3496869904346,499.5350557120175,399.5659280095737,915.6592532733506,854.6342172258152,1002.9439743994451,840.3905515670986,1396.6632549371552,0.0,0.8072842469288075,0.006359495893492048,2,-0.059437395020247655,0.014262388667949419
2022-03-07,983.0490693622252,506.04463005786687,399.5659280095737,927.5865534191503,865.1402615006745,1002.9439743994451,830.8204406015196,1359.4049283721724,0.0,0.8621294510821544,0.101722179468372,1,-0.05674933203796205,-0.0003529664390136411
2022-03-08,977.4503572114219,503.17832421470456,399.5659280095737,921.7894077083381,859.8061047488239,1002.9439743994451,847.1484986655911,1381.6093531357183,0.0,0.870201090707693,-0.0398449512913111,11,-0.47569292687552844,-0.03010388717409461
2022-03-09,995.9886302027272,512.7126167135594,399.5589280095737,939.0945110502308,866.6079649678456,1002.9268386179285,917.7830519528138,1488.8056288414007,0.0,0.9314187979309118,0.03139664220898536,6,-0.16370430479694534,0.2341435543420221
2022-03-10,1002.0137124830605,515.8141392788074,398.9500448311833,944.730517315802,871.4270568477014,1001.4363116016393,862.408590996481,1416.9267840782363,0.0,0.8237535676774509,-0.019251244157606904,1,-0.039599516175429735,0.05465369801166624
2022-03-11,996.0032179141823,512.7200356601726,398.9500448311833,939.0175189049938,866.7958012506846,1001.4363116016393,847.2163407511007,1385.756025121236,0.0,0.7487021746334868,-0.08244460168270241,1,-0.03960238483957182,0.2793502782018577
2022-03-12,994.732613772991,512.0659191004926,398.9500448311833,937.0989077566618,866.6521046007624,1001.4363116016393,848.9583504306344,1388.6459877875495,0.0,0.8293335003808235,0.043502502551550325,14,-0.6665182074235305,0.2586904758464308
2022-03-13,988.1722567825162,508.68879573508394,398.9500448311833,930.8158121406052,871.556456524848,1001.4363116016393,826.0036525303468,1348.9677420535816,0.0,0.942508612957531,0.07938122634673783,2,-0.0917529786598214,0.08520613886038797
2022-03-14,991.7247488674808,510.51753855809085,398.9500448311833,933.9378360188965,876.0938441088854,1001.4363116016393,867.8053194760416,1384.2679556162839,0.0,0.9903753781506666,-0.07294233733736957,6,-0.21060533102635487,0.058427427122197215
2022-03-15,994.6766664016462,512.0371191425188,398.9500448311833,936.1702650404089,877.5129550239361,1001.4363116016393,859.4279161428066,1391.5009386020893,0.0,0.9381426437756649,0.016410552588897342,12,-0.5090920040148599,0.3578031778790699
2022-03-16,978.857692608639,503.89386813205124,398.9500448311833,921.2077757506922,879.2997551505646,1001.4363116016393,899.5816769469324,1475.1467490233322,0.0,0.91794668691312,0.09064978888436326,1,-0.06186764642741366,0.2151964527078662
2022-03-17,986.3368252781595,507.7439569851871,398.9500448311833,928.2045688581935,886.5439990000821,1001.4363116016393,895.0362572177972,1467.016215273379,0.0,0.8391037845989013,0.034056842521819876,1,-0.04366053418750806,0.2923267581060062
2022-03-18,1002.1294015759636,515.8736191603567,398.92908133022024,943.0285845574599,901.5500404743364,1001.3836894466737,913.7125268222452,1520.7869588936815,0.0,0.9273754342168385,0.11584633390312006,1,-0.046783351192872254,0.1712191588243867
2022-03-19,989.5742753784828,509.4281811265011,399.11027705692726,931.1095690569128,888.9057966928117,1001.8256582271684,923.2695070615964,1555.8495901778917,0.0,1.0929079785506588,0.07757420463538102,2,-0.08720352524928099,0.28854061123272245
2022-03-20,993.1025693996922,512.0332195618668,398.25627032614256,934.4025663443074,889.6030991387655,999.266931220537,902.9781581311488,1504.4898375190608,0.0,1.0110650008857096,0.03714915960158721,1,-0.03032942500203283,0.1033849320512891
2022-03-21,994.4831950693635,512.7229835230783,398.2475710175167,935.4723550848921,891.4392503121641,999.3491901610524,896.8723704352957,1521.7393429259687,0.0,0.8433800061929609,0.19252203449479618,4,-0.21327747977032435,0.4270219886301839
2022-03-22,1007.0345573069618,519.1902377899821,398.54670025813755,947.0125057841249,887.7465169232893,1000.09980895836,926.8060493255743,1561.074099682644,0.0,1.1031383469230542,0.2661150909768317,6,-0.25057188589341794,0.20692896898932694
2022-03-23,995.1206730738091,511.75323100125553,399.67363002666286,935.7003236694496,882.507004728877,1002.9276889675543,938.1444314231424,1603.2362150800068,0.0,1.1168893075786421,0.24354089426598582,2,-0.08785815257981375,0.2888085471085632
2022-03-24,989.3530013172226,506.70465526167084,401.41115825662274,930.1027586902511,874.6819515922432,1007.2877844092995,962.3377944975705,1636.8360438692068,0.0,1.0860428450874904,0.019504610109231334,3,-0.15204699456253334,0.2300170776605386
2022-03-25,1006.0321556181585,515.0480654697475,401.58041697871596,945.6211151711996,884.6601467797173,1007.7125166064418,969.2795717632499,1615.1441899251065,0.0,1.0969450331003663,0.2683399110675813,3,-0.16370712740905902,0.04855167981579038
2022-03-26,1005.0486718660796,513.7318445800498,402.2832889358988,944.2763120864591,887.0542722446486,1009.4762800743457,973.625842144599,1647.3424232440827,0.0,1.0314158805631615,0.250128705444709,6,-0.38429240876704435,0.02498261529373265
2022-03-27,1011.2178593439792,510.7751715161333,408.45880891004305,949.9978377289341,891.0771706946684,1024.9729241122159,1024.6518442652116,1702.2749132360093,0.0,1.1668728000558732,0.3572821843923141,1,-0.07256035809432067,0.0007997763018533291
2022-03-28,1006.2822436315997,506.6372215395952,409.5438618249822,945.3486812215683,886.0964367740463,1027.695719740028,1031.241280377116,1714.2491078663004,0.0,1.1703197485001935,0.354155419898441,0,-0.0,-0.025800559137241
2022-03-29,1017.7305292765446,510.48306980888833,411.0778922069348,955.5935034497453,894.5803197278877,1030.7678044295349,1037.7322360423132,1800.053167803327,1.0,1.3666458615588934,0.28499872776409085,8,-0.4843032617783558,0.052447930740069176
2022-03-30,1079.0152249700052,542.6919924689771,410.23517152917833,1012.9472244088497,888.5746312962591,1092.9869759930177,1029.737812224051,1879.4866163766983,0.0,1.0835328843666543,0.4504402382899158,3,-0.2054173636428739,-0.36392765377158937
2022-03-31,1065.5550385509798,541.5655646011943,406.0322096817223,1000.2197631453466,878.306718581903,1078.0926838401508,995.8780461917078,1828.9222324556083,0.0,1.1010720211508134,0.4717336803234621,2,-0.06591997582621911,-0.5306705600190862
2022-04-01,1082.4287417699693,544.2578152716457,410.11542391672174,1015.6071263767976,894.2847029861653,1088.446971143349,1012.5146763221288,1879.7264867605923,0.0,0.8271102313795105,0.3128699352176903,8,-0.4408341264671862,-0.26538404363017287
2022-04-02,1067.981605787679,538.151072972901,409.15282536443726,1001.9314333706951,881.668590634123,1086.0237332908378,1002.1939255072031,1863.0570771666535,0.0,0.8869880437847183,0.3610936838926579,2,-0.07832588052001982,-0.12619677916627817
2022-04-03,1071.2459140438402,536.7820487102866,411.3624184316692,1004.4452881141544,881.6909378100053,1091.6165721392754,1015.276505738676,1901.3774852755582,0.0,1.1096668466730908,0.3658318833559686,11,-0.513237166465819,-0.17957469915613225
2022-04-04,1061.3557777734077,531.5097656970219,411.5891188566077,995.0871215817871,888.0669936048123,1091.4943984375404,1019.4017422285265,1846.6434157828985,1.0,1.1116966959468828,0.24680534348310756,2,-0.08414968815191254,-0.07219381840109679
2022-04-05,1044.4083715743304,527.5367772738431,407.9018123792962,978.912940621397,868.8176173101276,1067.8814974713355,995.2521482415237,1770.12062271764,1.0,1.1311268104100836,0.3115614858835672,5,-0.2553984332743681,-0.13337444618002264
2022-04-06,1028.7197262254351,528.947163462795,400.1623252365404,963.8067310110871,869.0514284552778,1045.457833126945,944.5303412785183,1607.7914102066516,1.0,0.7385196651876427,0.10906844139033124,5,-0.30721029931488525,-0.05142357489460664
2022-04-07,1034.0811503018917,531.5577068872242,400.39786864486274,968.7849548202128,875.5416138634592,1052.6625419362433,950.1634228301763,1673.4761385423249,1.0,0.8452227653760216,0.061480163368662556,2,-0.061636926539123504,0.011830297658695515
2022-04-08,1031.8450921006604,530.8239039666042,399.87783876508547,966.0121769484252,871.0703934145621,1048.3068169000476,924.1667733538186,1573.6005962915403,1.0,0.7904785201063786,0.11909818369573688,13,-0.6068487984694407,-0.043951554611075916
2022-04-09,1038.022086272325,532.5477446954031,400.32347443438664,971.7297688455119,867.8616479598634,1054.5616679073753,935.0762183946168,1610.0016642016985,1.0,0.8981704149378446,0.039486237913140466,1,-0.06181988141141152,-0.17201298203501653
2022-04-10,1040.6071154676843,534.6666106452919,399.9207710995113,973.6514874540682,867.4675172756922,1057.197690660294,922.2234258721278,1556.0409344421012,1.0,0.8842577119939278,0.027564664231574405,12,-0.4662232247750976,-0.22264955976412468
2022-04-11,1043.648823970703,536.7822963316455,399.11331356450364,976.4557146733706,860.6185626258704,1059.7423933736823,864.5620300978142,1430.3967877504576,0.0,0.8700204538050244,-0.030302840223560164,1,-0.044544736004928684,-0.23957461372979913
2022-04-12,1034.8970014157035,532.1737263499774,399.11331356450364,968.1533503336619,854.4352659108653,1059.7423933736823,876.7101403127532,1478.8858827442436,0.0,0.8825549969012857,-0.05676120296641756,3,-0.10094489396257911,-0.1782091175040969
2022-04-13,1030.1400992562455,529.8968208235315,399.11331356450364,963.5455718780015,856.4612834880949,1059.7423933736823,900.1069059960381,1516.97196122616,0.0,0.8295003285538558,0.020038438984205865,3,-0.14264428962064968,-0.1648061905209847
2022-04-14,1035.261741239393,532.34982015222,399.11331356450364,968.2406914373827,860.873962955077,1059.7423933736823,873.5412583831494,1474.0235092803932,0.0,0.8140137932087516,0.0186995935086983,2,-0.09775259639332776,-0.1188611366975
2022-04-15,1027.1934259021132,528.2399890701838,399.11331356450364,960.4530849364271,850.2538051705912,1059.7423933736823,886.9696144052833,1492.7863659083503,0.0,0.6128131724626779,-0.016353584131551968,5,-0.21817550756954796,-0.08401498101727267
2022-04-16,1027.7135215105516,528.5424971120096,399.11331356450364,960.9395085384137,850.6833229513755,1059.7423933736823,883.2820687896875,1490.2170658141513,0.0,0.6117575571001627,-0.01569719395458544,0,-0.0,-0.14598002452768402
2022-04-17,1029.4453943659464,529.2978367861435,399.11331356450364,962.2714535338499,850.8809728712841,1059.7423933736823,867.7024621205917,1436.1670196024254,0.0,0.7832457039929936,-0.04448263875163191,6,-0.26838497436641034,-0.017244332714087235
2022-04-18,1012.5842213484458,520.6295250726225,399.11331356450364,946.2798266101579,847.6781158178684,1059.7423933736823,892.5742460501148,1479.803852887742,0.0,0.6925105505223552,-0.046461942980017885,4,-0.2099909019737043,-0.16630836903419619
2022-04-19,1011.3583412512521,519.999578266509,399.11331356450364,944.8125679049314,846.5177981418908,1059.7423933736823,907.6154929438776,1524.9742513894869,0.0,0.7507934493237154,-0.027530509321861154,6,-0.30041415807711314,-0.12567296847416543
2022-04-20,1024.228155728044,526.6162430207969,399.11331356450364,956.8468735938928,856.5123261919089,1059.1362821525324,904.4378571967883,1506.5564502728014,1.0,0.7369102836788173,-0.014525837823963838,0,-0.0,-0.09562367992471132
2022-04-21,1019.7968237898898,524.3369841636376,399.11331356450364,952.5542831960541,852.8448997089948,1052.2220672649144,885.2254162713785,1446.9238935428025,1.0,0.7090886591351224,-0.01566350200455628,2,-0.14346964323773903,-0.02200233277709173
2022-04-22,1022.8868306376017,525.9260683650464,399.11331356450364,955.2781952427322,852.2882138837249,1054.3513933649253,868.2517641677814,1450.7233252264218,1.0,0.7099959480388501,-0.016081157946772093,2,-0.14902981427896222,-0.15219250495446152
2022-04-23,1034.8849524743277,532.094461693867,399.11331356450364,965.7185146530684,849.990369988243,1066.5908975860398,862.5814788918118,1436.5667916699892,1.0,0.7142060189959901,0.09544372762736153,11,-0.721219469373112,0.01462665200688491
2022-04-24,1032.4384795345475,530.8364445095989,399.11331356450364,963.2819341684723,844.68030391264,1064.3381950339942,862.981966041755,1409.9888597263946,1.0,0.7094366141709799,0.09636906555610396,2,-0.14449757248750686,-0.052439391214811205
2022-04-25,1060.0393109664103,545.0270986636834,399.11331356450364,989.0612596608875,864.4159958931825,1093.453096333241,884.3762959753244,1433.1804134870868,1.0,0.7156603180299013,0.11992975111775823,0,-0.0,-0.03428779046963368
2022-04-26,1054.4737757363926,542.1633268844579,399.11331356450364,983.4630385267184,860.762404807299,1090.2925749687827,833.6632428298041,1326.7338168743015,1.0,0.7615547113035818,0.004878724279470703,11,-0.40133275127440343,-0.06734723880277302
2022-04-27,1055.7943156902893,542.8433256175001,399.11331356450364,984.5398738444519,864.6031072476146,1090.9158382884552,858.0710744326173,1363.0074504130032,1.0,0.8382731217693514,-0.04935692973053398,3,-0.13556301386096917,0.037204799337568845
2022-04-28,1061.7155528467442,545.8872997307394,399.11331356450364,989.9682036415609,870.6706866481646,1097.3567171670363,869.527633066234,1350.4547190264268,1.0,0.6942957755997589,-0.16923741771573117,2,-0.09354379813717015,-0.04798372123221342
2022-04-29,1085.8774951366543,558.3085921719471,399.11331356450364,1012.0282825962968,885.1662620521673,1123.6040715454094,844.1349969963477,1271.5875536806798,1.0,0.6721555494757414,-0.03804625839198601,10,-0.4725656390491878,-0.1908726297887755
2022-04-30,1109.362379734589,570.383453898394,399.11331356450364,1033.7948320899227,902.0003712402877,1141.5334082397076,823.1761694826619,1148.3160222456877,0.0,0.7530854142365695,-0.008700355866586445,3,-0.12362239564653738,-0.20419068276954006
2022-05-01,1090.5424147174185,560.7070718850556,399.11331356450364,1015.948032721644,888.1198213369246,1140.9398360608448,841.2528025893808,1205.6037692002515,1.0,0.8344876107272232,0.08740141872159196,7,-0.27540876158913263,-0.16607668239653006
2022-05-02,1090.7385455487336,560.8079171738156,399.11331356450364,1015.9700747743499,895.4263163202246,1140.8052910448514,843.1151772593346,1184.7371040053522,0.0,0.7431162914719464,0.011391009017672024,5,-0.15289039860219356,0.031740770041263994
2022-05-03,1077.2993672863256,553.8981103959376,399.11331356450364,1003.3095700918909,881.2766106299047,1140.217148158491,825.3296085839951,1152.4521010680148,1.0,0.6724571193000524,-0.06270792022480444,3,-0.1331755618464153,-0.04512870232537919
2022-05-04,1031.1502019341106,530.170258999335,399.11331356450364,960.049146813066,845.0793576758447,1094.4413267980424,868.4662326961665,1290.9445329482792,1.0,0.6548965353290093,-0.08362395597060335,4,-0.21082830534242997,-0.07163163716940896
2022-05-05,1049.4268226639845,539.5672628684447,399.11331356450364,976.9603861003811,871.9209738461323,1111.319256642554,799.5452391816508,1157.8649042537174,0.0,0.7380927045550241,-0.010102774231460243,3,-0.11997608142144248,-0.09867266896443622
2022-05-06,1059.2657149958584,544.6259710770511,399.11331356450364,986.0147769818918,872.0993936643994,1111.319256642554,787.7407163030017,1155.204285883347,0.0,0.6083022870234425,0.1318994028113855,2,-0.09813822608240935,-0.18414109837223158
2022-05-07,1057.1575511117524,543.542049877245,399.11331356450364,983.9558642761857,878.0776566461134,1111.319256642554,776.17254649645,1100.6707534861378,0.0,0.5943807259864318,0.005699790381058679,2,-0.09218308331630237,-0.01516103864019716
2022-05-08,1067.6061997129061,548.9142671046667,399.11331356450364,993.5439328216574,881.5492057243351,1111.319256642554,744.7747916317894,1072.5751694380622,0.0,0.6414546467339362,-0.031221271381500437,3,-0.13413180588914186,-0.02630717210284423
2022-05-09,1095.7208223215803,563.3695209541761,399.11331356450364,1019.6160955728785,887.9486622727724,1111.319256642554,657.7749765561837,872.5415053520244,0.0,0.575772989408796,0.020668349791872948,3,-0.10173958457759083,-0.10103154347355928
2022-05-10,1097.5548412456214,564.3124894504163,399.11331356450364,1021.1965619895415,908.8803931608027,1111.319256642554,678.4668126365743,896.2158841939065,0.0,0.6504343459949078,0.06827240051224726,3,-0.11799861543645483,-0.0034050896973677226
2022-05-11,1088.3995875178434,559.6052785707028,399.11331356450364,1012.5652914698474,917.550361915829,1111.319256642554,636.2865430846493,657.821253637176,0.0,0.5594722505890223,0.03315230854526097,5,-0.1282374094034259,0.5611856368290333
2022-05-12,1029.7862884505762,529.4690016285195,399.11331356450364,957.9261890294827,908.0948587976264,1111.319256642554,635.1047777241617,586.64275331385,0.0,0.5484989771499857,0.011851805014754486,4,-0.08986547663930929,1.7230817440147335
2022-05-13,1028.6622561833533,528.8910755646725,399.11331356450364,956.6782637119934,899.1722454484499,1111.319256642554,640.6546980097113,650.0768990351655,0.0,0.5205980052470704,-0.04801406104904086,6,-0.19680607116973195,0.3777241670696245
2022-05-14,1022.2034145167756,525.570234664161,399.11331356450364,950.6356384375254,892.6997086080873,1111.319256642554,658.2826979703191,677.6150969938519,0.0,0.5851857395341783,-0.010133605038488478,1,-0.03185322094581882,0.045966210013586986
2022-05-15,1011.0705536431994,519.8462268571574,399.11331356450364,940.0968986635942,881.1883519112586,1111.319256642554,685.5202010751889,720.6330134780811,0.0,0.5735366472048429,-0.04578254393431102,5,-0.17042898159822795,0.14028460518430658
2022-05-16,1011.0529321980005,519.8371668529697,399.11331356450364,940.0832928949906,879.5827228111414,1111.319256642554,653.6191017051353,656.1820578530069,0.0,0.5248257998377175,-0.0455238442170312,0,-0.0,-0.27998730750257583
2022-05-17,998.9094442567193,513.5935408005492,399.11331356450364,928.6525199875942,869.8763869789882,1111.319256642554,666.099856984508,700.1703136771844,0.0,0.5073296471876929,0.002465610662090176,2,-0.12105868386639139,-0.007579246196035569
2022-05-18,1005.3196570643823,516.8893791668295,399.11331356450364,934.5841207315814,869.3466931620693,1111.319256642554,628.0995352817154,640.8922956178246,0.0,0.5096322870156048,0.05336840370057934,1,-0.03153215875013583,0.2983025079177498
2022-05-19,1022.2378614045892,525.5879458219947,399.11331356450364,950.2646527460558,880.1897557650598,1111.319256642554,663.537176915747,678.3976093082425,0.0,0.5585225355127662,0.0033588389551950848,2,-0.0468763942283104,0.21757622139922175
2022-05-20,1027.64876812753,528.3699865894765,399.11331356450364,955.2987652634,882.8605993533268,1111.319256642554,638.7857579766438,655.573502720522,0.0,0.5358257092521304,0.00863598180654871,0,-0.0,-0.03031699176966511
2022-05-21,1029.6248951277964,529.3860206623573,399.11331356450364,957.1394662161374,883.8912969032391,1111.319256642554,644.0052216521311,675.938751690127,0.0,0.5481724268241709,0.010542459407136991,0,-0.0,-0.003895596124656543
2022-05-22,1030.972785257312,530.0790440409676,399.11331356450364,958.3549989047397,883.8023907877114,1111.319256642554,662.7515217964598,697.6206648449537,0.0,0.5078451953319566,0.06944066403490241,1,-0.041499932142545236,-0.061648740566880925
2022-05-23,1026.660393113215,527.8618093795258,399.11331356450364,954.3430502774986,882.9465791614526,1111.319256642554,636.7898875900424,664.8383887805696,0.0,0.4823791762045273,0.06556337973128051,0,-0.0,-0.032282542663886055
2022-05-24,1032.1225661606725,530.6702088644017,399.11331356450364,959.4259186347846,886.9446621631006,1111.319256642554,648.725717730968,672.0071796377102,0.0,0.4877582718932967,0.07062747536154022,0,-0.0,-0.12271285539771006
2022-05-25,1036.8794096351137,533.1159601836239,399.11331356450364,963.803877874016,890.8290168560563,1111.319256642554,646.3972022799329,661.9634549422332,0.0,0.4917935822931098,0.08922126250331026,2,-0.04548186619186717,-0.047499540423466206
2022-05-26,1034.261540792005,531.7699718609888,399.11331356450364,961.312697553004,891.1414560383623,1111.319256642554,638.8973691495787,614.5094944511212,0.0,0.532986483533519,0.07577704023305987,2,-0.05681927098200715,-0.018407557061894446
2022-05-27,1035.4793446312628,532.3961109387346,399.11331356450364,961.9757541916277,892.927872423444,1111.319256642554,626.4056715983497,591.9491148141645,0.0,0.490758999491307,-0.048507816042368423,15,-0.44439002528386295,-0.009859710321382636
2022-05-28,1029.7650460689201,529.458080018411,399.11331356450364,956.665675342029,890.4022859796721,1111.319256642554,635.0631970911076,611.2738766937733,0.0,0.511201921178248,-0.05388990076767149,0,-0.0,-0.4492039807174848
2022-05-29,1028.181389263265,528.6438361322618,399.11331356450364,954.8220339389017,892.0047787787494,1111.319256642554,644.5610890624345,623.3991859467873,0.0,0.5837641879466086,-0.006003779828104811,12,-0.35240479769056693,-0.22994154871562872
2022-05-30,985.5810129005858,506.7406713623381,399.11331356450364,914.8819716636735,866.6343043334294,1111.319256642554,694.3199761020795,705.7691749624215,0.0,0.5134464182132856,0.025767329325078022,7,-0.34794159208748804,-0.18796830203807705
2022-05-31,997.8069931544138,513.0267111305623,399.11331356450364,926.1597731585541,855.8270721496434,1111.319256642554,695.8803440687975,709.4468977498019,0.0,0.5143032252321912,0.03876655745146435,2,-0.07157889975365443,0.67271931263384
2022-06-01,1003.3145991288106,515.8584701767963,399.11331356450364,931.2802814793048,862.5323057488405,1111.319256642554,652.0915605539866,652.9287046171335,0.0,0.4730902817190487,0.043048464925592986,0,-0.0,0.997994770058322
2022-06-02,1004.9378879132835,516.6930910123103,399.11331356450364,932.7852402346639,864.2008847586914,1111.319256642554,666.1020454388793,672.4690484732959,0.0,0.4848669403602911,0.04400632742336003,0,-0.0,0.5908163787530549
2022-06-03,1009.374386888495,518.9741358374185,399.11331356450364,936.8746573646667,867.2988658130239,1111.319256642554,649.5945341163635,644.1088312884867,0.0,0.5068850375010817,0.00365853763393903,1,-0.030847600596661143,0.9301372779212448
2022-06-04,999.2970057617455,513.7928074525295,399.11331356450364,927.5147515015151,860.470814174224,1111.319256642554,653.2186145551924,648.5057818283367,0.0,0.5132019624871113,-0.006970684218666714,0,-0.0,0.5812369222404142
2022-06-05,996.0121320856463,512.1038756750529,399.11331356450364,924.436929556565,858.1647001178895,1111.319256642554,654.5645139935257,643.3977419471025,0.0,0.545515874172785,-0.04834281671960312,1,-0.026005091831171896,0.7752483124367068
2022-06-06,991.9230028679915,510.01140535854324,399.11331356450364,920.5209120775264,855.8063368188577,1111.319256642554,686.3255522838176,670.0868470711931,0.0,0.579821488143542,-0.0505186859276315,5,-0.10961564825117848,0.3771232753119801
2022-06-07,1034.1161300833928,532.5998090166775,399.11331356450364,959.5812857985148,859.2962219164936,1111.319256642554,681.0054197072518,672.0453787539902,0.0,0.5243782695439689,0.027716579086249596,3,-0.09389179576584875,0.22840265942542837
2022-06-08,1024.8839080304308,528.1074303877779,399.11331356450364,950.858987737204,850.5479951398688,1111.319256642554,660.7490860467445,651.274154465058,0.0,0.44079582746264434,0.01853446137129766,7,-0.14564179668101718,0.34778549759094296
2022-06-09,1030.3040895523,530.8644017439713,399.11331356450364,955.82987224632,852.5819092648112,1111.319256642554,658.5781393104412,659.8543657962016,0.0,0.368226608134905,0.025340686504416374,2,-0.05542336894453125,0.08019176395048543
2022-06-10,1025.2842407784194,527.0806973788667,399.11331356450364,951.0960574944368,850.011840391993,1111.319256642554,636.3521967157877,612.2697800806769,0.0,0.38583256423517387,-0.00938757081326708,3,-0.07659001407465571,0.06367917251125482
2022-06-11,1030.2981521343552,529.1667817058201,399.11331356450364,955.6710627232206,851.3016522851932,1111.319256642554,621.8865133216701,567.8579022829728,0.0,0.39104485350182566,0.027322279021250912,3,-0.07822550404433201,0.029218560998739193
2022-06-12,1025.733832417216,524.7662739665288,399.11331356450364,951.3998252912075,848.6791173521964,1111.319256642554,581.3563383656854,510.01284209472084,0.0,0.4006019290431912,-0.028777915475879132,3,-0.03715423415759692,0.06393226676929016
2022-06-13,1021.1500706685522,520.8701432046255,399.11331356450364,947.0484783458688,842.7939757882391,1111.319256642554,491.77852404071933,478.01356969213293,0.0,0.3868743018890813,-0.017054338149259243,5,-0.09779091691827557,0.13074188644427306
2022-06-14,1017.8689098501516,519.5500697845112,399.11331356450364,943.8780399733316,843.8325086019073,1111.319256642554,484.1451951937175,484.2359365315292,0.0,0.4388969300873575,-0.03854756819938778,6,-0.11953304258058846,0.1985242147955555
2022-06-15,1010.9178616970108,516.5800069759969,399.11331356450364,937.3956289862394,837.439480364897,1111.319256642554,493.87944023714186,528.4068786858452,0.0,0.4313343928718691,-0.0014224077036169545,1,-0.03128496547258452,-0.025389235973710914
2022-06-16,1006.694993803228,514.0301299363504,399.11331356450364,933.4856209000075,841.9930636033955,1111.319256642554,446.1689464890088,460.97921706526284,0.0,0.37740175229767303,-0.005655735113120683,0,-0.0,0.03279497667106714
2022-06-17,1010.527906011805,516.2556342125723,399.11331356450364,937.0150937032536,846.3044992152584,1111.319256642554,447.69867609452893,474.7952868940299,0.0,0.4212466031967177,-0.03475101632207441,1,-0.023269030324847402,0.037980877334852295
2022-06-18,1013.0915240228403,517.0221164689094,399.11331356450364,939.3959450730669,845.7860233111479,1111.319256642554,414.92438343033734,445.81173550206046,0.0,0.38995755297342954,-0.032013193909923195,0,-0.0,-0.12095833764990674
2022-06-19,1006.1022240648542,513.4513219363338,399.11331356450364,932.909050716168,840.637242733298,1111.319256642554,450.03813381742026,478.41130637831384,0.0,0.42090380353607404,-0.039182417117029494,0,-0.0,-7.835934865874083e-05
2022-06-20,1007.2580737081728,514.0383277705006,399.11331356450364,933.9522024735601,841.3387169146454,1111.319256642554,450.1672526253254,491.67604230996795,0.0,0.46693878677676254,0.0005454719385966757,1,-0.027160839567109366,0.013261844657650304
2022-06-21,1010.0776118711248,514.3664398758816,399.11331356450364,936.4395026102136,853.2651818563213,1111.319256642554,453.29674237624647,505.6012937799308,0.0,0.4565151104367656,-0.01645365034600684,5,-0.12294215806584104,0.04539966653141833
2022-06-22,1001.4662751978749,508.8328549264505,399.11331356450364,928.4586101917595,844.887701963408,1111.319256642554,437.19628356678754,478.73979769098645,0.0,0.4360484716191683,-0.025264316324329343,0,-0.0,0.07056024344002254
2022-06-23,1003.5166802045998,511.56209509825493,399.11331356450364,930.2984780662277,849.9104987308101,1111.319256642554,461.68946489008016,517.4423280328557,0.0,0.3959064099748046,-0.02224433757031923,2,-0.054186130950160755,0.13062899345080314
2022-06-24,988.948820369819,504.4650840897713,399.11331356450364,916.6353954009344,837.2063766419232,1111.319256642554,464.6351244738143,549.4557413070106,0.0,0.4456917606835065,0.07032774213110674,5,-0.13837528148968298,0.017658511760646527
2022-06-25,984.2093070966025,502.12133538951593,399.11331356450364,912.0832712693712,835.2930045633095,1111.319256642554,470.1215795825969,562.788909393215,0.0,0.41350206628389624,0.0315352344900778,5,-0.14760862842307965,0.036255036166602465
2022-06-26,973.45232559743,495.84640226990996,399.11331356450364,902.0347546781835,833.1785382197,1111.319256642554,460.21225818947056,535.8954308650277,0.0,0.4369726982363779,-0.012176933428887591,3,-0.07457474078235315,0.004462583145397402
2022-06-27,972.620860791878,495.3699526840262,399.11331356450364,901.207613691635,831.7232985407413,1111.319256642554,453.66659116499164,532.429371551478,0.0,0.3567370355201384,0.004233750126992141,2,-0.05411966339270974,-0.03828625716251512
2022-06-28,965.4207538682294,491.0233378326623,399.11331356450364,894.4121560580778,825.5825979016935,1111.319256642554,443.5690626959358,512.9724580747392,0.0,0.38969303207006906,0.05182994954519198,5,-0.11812588125015613,0.03279032981041902
2022-06-29,966.1781932721573,491.44080789629203,399.11331356450364,895.1047823647375,829.5539218336181,1111.319256642554,440.09598560872485,502.1262401125655,0.0,0.40178579126684333,0.033355482967794,1,-0.012921371681609827,0.12162706663782266
2022-06-30,966.2141540678589,491.12325513630714,399.11331356450364,895.1159694230008,829.4684242994672,1111.319256642554,436.0167066606711,492.8076252743134,0.0,0.4302742539292192,0.06666605355103619,1,-0.02249705093385687,0.010757770545964662
2022-07-01,964.055502532998,489.94922491467173,399.11331356450364,893.0881661536507,828.5535208570866,1111.319256642554,421.7589264318244,481.22161788892237,0.0,0.46120028734628765,0.025722240325117704,1,-0.0261907557475626,0.06819108117695621
2022-07-02,975.6721967898609,495.87160752287156,399.11331356450364,903.8265016772061,839.1783973361607,1111.319256642554,421.0783171223584,492.835808079957,0.0,0.4352471579021619,0.07085084076362368,1,-0.022903326558515673,0.029107394810618265
2022-07-03,968.9140869006379,492.49966326042727,399.11331356450364,897.5649495114247,833.0366109294417,1111.319256642554,422.50081246368615,491.53825957554835,0.0,0.43397330778823046,0.06432317748153189,0,-0.0,0.04545278696418101
2022-07-04,971.2764705516108,493.82297528878513,399.11331356450364,899.7243560591103,835.1312466579833,1111.319256642554,442.64991186000105,516.8326041984303,0.0,0.49425076361495135,0.0262143996657251,1,-0.02747556102257273,0.0012609422886444635
2022-07-05,973.6970659207143,494.93614349009107,399.11331356450364,901.9679943824784,836.0835617358523,1111.319256642554,441.41124668586025,506.6894139282402,0.0,0.48386597136004206,0.02858743164082207,0,-0.0,0.04652664318088648
2022-07-06,976.7012556005578,496.50887102011376,399.11331356450364,904.609847394116,838.9929785604048,1111.319256642554,449.8170999259217,521.72294145803,0.0,0.46485203068177605,-0.0034488897548433056,5,-0.13331964934458504,0.04575198664277127
2022-07-07,974.7014894139395,495.64409936224706,399.11331356450364,902.6647509333178,836.1189717551656,1111.319256642554,472.9993970808216,541.8249186869589,0.0,0.5100607435057043,-0.01647831041845158,4,-0.08595460961025582,0.0020456283462932795
2022-07-08,990.6981415451695,503.6445476890284,399.11331356450364,917.485159858837,847.878294189833,1111.319256642554,472.4413412161469,540.5895600211887,0.0,0.506073731817347,-4.6053303683229084e-05,0,-0.0,-0.019156654289043874
2022-07-09,983.4777378568227,500.20895878501085,399.11331356450364,910.7482956407625,840.816412505965,1111.3122566425538,472.2684533208162,546.4901395669748,0.0,0.5130917810478427,-0.06904205184913427,3,-0.05647653489630662,0.011004756177726125
2022-07-10,996.5731175629923,506.74741007968277,399.11331356450364,923.1858774335709,849.8632730183813,1110.9575662100103,456.3758976766282,527.621638010709,0.0,0.45005879003180227,-0.03297424093118823,2,-0.028823332893161666,-0.03871105152585786
2022-07-11,994.1854168718868,505.19315277378547,399.11331356450364,920.9020970563977,848.9917449268769,1110.9575662100103,436.6907506070233,493.17777405401773,0.0,0.45697245926628155,0.021927663543582828,3,-0.06796634212552136,-0.08922368113787046
2022-07-12,991.2611088473675,503.6678574376977,399.11331356450364,918.0047036580924,848.4978031128576,1110.9575662100103,422.87284970680264,480.2748109823128,0.0,0.45357738484831966,-0.026755779197108347,7,-0.176101383319195,-0.07809895732428418
2022-07-13,995.7496784624701,505.9544133544633,399.11331356450364,922.098526048884,868.4377220303386,1110.9575662100103,442.5076623258682,507.42334397705537,0.0,0.5715083465277419,-0.022099028598897685,2,-0.0643900011574813,0.03609688294437338
2022-07-14,1000.3844106465722,508.3340710072406,399.0976669059733,926.2671540729798,870.1535863992056,1110.9140127301102,450.3532712468836,527.1454949584781,0.0,0.5431711166219172,0.06011005961455656,3,-0.1190020862092151,0.06579740092253089
2022-07-15,994.3540219802137,505.5179106995826,398.9174821419589,920.6316976607781,866.6201430630164,1110.4124568558905,455.7040421846472,528.5365916268775,0.0,0.5339450920312763,0.044417402678387494,2,-0.048223437788000284,0.03499434212897447
2022-07-16,997.6857493920857,506.10546278046576,399.7195714788779,923.5284593453428,870.8894348161983,1112.6533140173071,463.59123173871694,552.7487595104552,0.0,0.5815262585291946,0.04753435836792468,5,-0.1766448528423245,0.04816780328548832
2022-07-17,999.5294206455318,506.17877387878514,400.22888637707536,925.0925739833438,872.4927252971642,1114.3746488143354,455.0759557800919,538.0114427423928,0.0,0.5987246919879702,0.08001278970757458,4,-0.13565075256740655,0.09351869594391476
2022-07-18,1035.114261854097,515.3591546447378,406.68701402859256,957.70076149295,897.2976759518689,1132.3512417117954,490.7368197599932,600.0365570846923,0.0,0.7621535706888297,0.14730921302006872,8,-0.32096605873894346,0.009306734700697941
2022-07-19,1012.881241756847,504.71807914661355,406.1614521315038,936.9270171211365,878.9773212466131,1130.8817154910728,511.78975081164407,621.2589406652365,0.0,0.6775731676292649,0.12787964675186192,5,-0.17731328334740676,-0.06370364776828469
2022-07-20,1000.374026439725,504.01754897706206,401.4960666925813,925.1958639162629,867.3364253794418,1117.7747058981743,508.19193182527044,594.9920123891495,0.0,0.5623156230092792,0.14040196896443038,5,-0.13431724587123417,-0.03265809204048631
2022-07-21,1021.0956990417432,512.548831837155,403.91076475909597,944.3584973912538,881.5975193584163,1122.4463172443764,506.50682195938987,617.3178545893693,0.0,0.5892655205606043,0.17315680644691692,1,-0.010915583786029717,-0.02890800103406707
2022-07-22,1004.2511607542774,506.23807129629694,401.2564245310085,928.7035281784682,867.8344410327201,1115.2388841318343,496.23421714063215,596.2352045265623,0.0,0.563095728376699,0.148872790198851,3,-0.06956040621180809,0.016976439923857875
2022-07-23,1001.8917008145482,504.7299839066488,401.6386524396306,926.2748593466284,867.3418768475091,1116.1975542870873,491.09353782251077,600.3687034889791,0.0,0.6239788789339706,0.08451031289698578,7,-0.2327871164276084,0.03202357910450207
2022-07-24,1003.0146324941616,504.97884022789975,402.09613132873426,927.1707561162397,870.1278106528829,1117.2213009187515,493.9472823226513,603.6206638774845,0.0,0.6929835070277329,0.10407045036272636,5,-0.1366969756513962,0.03230573550559725
2022-07-25,982.5451332694034,499.14899421716484,397.4651189538463,908.1252285775669,855.7086507968127,1102.0232339285728,466.14078108125057,544.632077975863,0.0,0.5473015289013403,0.08127631727504418,5,-0.11172551210388923,-0.07577894565477884
2022-07-26,990.0539694197702,502.60947370904876,399.13548084615917,915.031545794111,860.9067063511361,1104.5428547490778,464.84959300219924,550.1803990714428,0.0,0.5075550950157683,0.13317031287502332,1,-0.031084048947791685,-0.04244247168944963
2022-07-27,1023.9194152149831,518.839152149635,405.92536852412763,946.1238250109994,887.0504256526822,1123.4001881528159,502.0555057682197,611.8817416234567,0.0,0.6947631737432837,0.07428612228914269,6,-0.17637156875173846,0.12228843621260288
2022-07-28,1052.5974866002828,525.7918027891529,414.65198868990376,973.4121672865438,911.2350008972081,1146.0921663945298,521.6443608454886,644.9021276340536,0.0,0.6922635409660989,0.2506648904608092,5,-0.17453503288987673,-0.01281782634934926
2022-07-29,1023.1176837860017,511.62446949049337,413.99159414694225,945.9220486920107,885.9295152262051,1144.3568691470764,520.2196770497894,667.3760085039377,0.0,0.6869536261081901,0.25706054290522723,8,-0.2473388174855156,-0.06466024059473396
2022-07-30,1011.8867804987792,506.8089130450391,413.2133543171958,935.4065217851334,884.276806242243,1141.8472149860145,517.1295794775514,658.9214145470705,0.0,0.7227094367539564,0.23942090461545865,3,-0.1246698364228856,-0.06820145171985706
2022-07-31,1007.035650101888,508.1723142721878,409.68358979351547,930.7779715750731,880.7942394331926,1131.7584246331153,509.693211523964,646.9565216375368,0.0,0.7050491852689937,0.27414254746029115,7,-0.1385094355109868,-0.06729385095240534
2022-08-01,987.2755023773917,501.0956778770949,407.34233949862687,912.3599960550408,868.2058685943748,1125.3692296501026,508.9819638533001,640.950170406356,0.0,0.6467632838410468,0.10655328476224787,5,-0.14141978267855818,-0.07709526699757943
2022-08-02,989.791808809839,501.5200225087962,407.23289401884335,914.5268575250874,865.477464329613,1126.1069251139136,502.79958025445256,625.8223425303253,0.0,0.5839712849049009,0.17676996924417412,5,-0.14949988518365495,-0.045475222564018425
2022-08-03,992.4488071369271,502.7332364731206,407.01958969598996,916.8742501507813,865.1210922730002,1125.5181470308855,499.0004234659219,628.833427041128,0.0,0.5886673128838249,0.18681472488063,4,-0.10409025326828357,0.03152656053215444
2022-08-04,987.6570769614186,501.32576462937453,406.33457114998686,912.2620722178057,861.6818798014258,1123.6255077707394,494.7854603468493,634.2722308175,0.0,0.6515697129908776,0.19614480954518695,5,-0.17423595822885418,-0.009185955763165832
2022-08-05,1003.739087594006,504.22893606079055,410.4925498160016,926.9969322571095,878.5852913792594,1135.1279540218568,509.8682878736661,670.7219394443047,0.0,0.6878847495592627,0.18131214837475967,4,-0.12216933070617018,-0.06163007680959005
2022-08-06,1001.2774383445504,505.41169294912476,408.62665762683093,924.6364345401481,882.4482002922298,1130.0746267929244,502.10365176438773,669.0319701794987,0.0,0.783933925267943,0.19163103124947278,3,-0.08234901505133728,-0.05172587320314718
2022-08-07,999.7081231949874,504.4446549586905,408.8234609733899,923.1676101204893,878.8000734429197,1130.548784739057,507.0167318278967,674.3868341544729,0.0,0.7632955112181292,0.21316690661102067,1,-0.015908068933444975,-0.0564543771533789
2022-08-08,1000.4110010933866,501.65147318664845,411.52452719783423,923.5832184423944,879.0355697773758,1138.0182491961627,520.9484323554237,691.0343225680357,0.0,0.8613955752251632,0.3235335345227013,5,-0.22107097492939368,-0.01880771602428675
2022-08-09,995.8327485546038,506.8963467462174,405.60480331214086,919.1648931196515,875.0596332023118,1121.650715950139,506.41271842142527,665.5784466280342,0.0,0.829387075372012,0.17330991908147753,6,-0.17680266038509956,-0.025226802293957636
2022-08-10,1013.2448462132141,508.34766775725745,411.69598857450353,935.1504343728362,894.9416408680053,1138.4913834970444,523.935672572212,700.3745510350147,0.0,0.9037361874118199,0.3129745265442071,2,-0.08886539537477225,-0.08060507116647907
2022-08-11,1005.2156308958118,501.9020479798055,413.22612831214866,927.6627536354478,888.2626654125007,1142.7176426677888,523.4170088862201,702.0736029091984,0.0,0.818800511190666,0.41193972989389654,3,-0.08738773244379777,-0.07063926750957643
2022-08-12,1018.7341450170978,503.34456616330715,418.2198755942541,940.5545707245769,894.2815052269789,1156.5271949016349,533.7093097943192,724.7054970054578,0.0,1.0608216383743485,0.5668061693676733,4,-0.1804107968853797,-0.14265207820735368
2022-08-13,1029.6272924086331,500.81795934431665,423.58941513887555,950.4622711183086,896.6575409596568,1171.375941753689,534.6175183583977,725.9005055067285,0.0,1.1330884966071615,0.5991375420603228,4,-0.14144783902263486,-0.14558164038920718
2022-08-14,1007.4041894098976,495.96348872734575,417.7318584226162,929.6713438415991,879.0101424875968,1155.1776886004143,531.6652934115498,724.1660374930573,0.0,1.12439153437557,0.5475539236127557,7,-0.24746232278418756,0.043129725295246224
2022-08-15,988.8281852536818,491.9310500990249,413.99018031991403,912.3565409298786,867.852345381753,1144.830577736595,527.0936122299595,712.0238564326769,0.0,1.0555669293826893,0.47239192050378964,6,-0.1563018773971233,-0.16098480195153206
2022-08-16,980.2671110110991,491.08744682484814,410.0602196246006,904.1910640080608,858.5399886866671,1133.9628166759012,521.7931757427351,711.2657397462546,0.0,0.8673502705186169,0.33860107321658084,6,-0.24391472112804402,-0.14106256860687164
2022-08-17,967.6818880597199,488.3692481500814,406.359270655355,892.2258662950234,843.7593188960025,1123.7424678659659,510.63424690361165,679.3557244279724,0.0,0.7525912264219536,0.15332262135677474,9,-0.34001775284837865,-0.23433779303075103
2022-08-18,962.9764001959792,486.3720206824365,406.0797240891196,887.6413645048615,835.9941926425233,1122.5748442380616,507.3953344341269,647.8008095775508,0.0,0.7847868705015264,0.06665012101616018,7,-0.19524766245739028,-0.2661277974649566
2022-08-19,944.3655189490288,485.86471097714514,398.28538616778565,870.2292881327177,819.573358260121,1101.0207188591592,455.74343436333027,582.1854104199183,0.0,0.6557175427457042,-0.10290520574289833,5,-0.1801920170899849,-0.2767373820017026
2022-08-20,946.0254275182756,486.65318052413426,398.28538616778565,871.6848116492329,821.5234234692308,1101.0207188591592,462.3722626539176,581.4108931708888,0.0,0.6528755561867687,-0.10022525547561184,2,-0.07109988599143191,-0.07874782647728516
2022-08-21,944.9914866852687,486.2147698054488,398.28538616778565,870.665231170777,821.5114797729135,1101.0207188591592,470.6402432685888,600.3704866160818,0.0,0.6606406860095176,-0.0058700240492478425,2,-0.06307010755814993,-0.13923447721600463
2022-08-22,962.8609178781297,495.00488502280604,398.2646434171811,887.0460684179138,838.0537980625616,1100.9633775682787,468.04473638425844,603.2242643527552,0.0,0.7172221442363427,0.07498924645347804,3,-0.09111266240268484,-0.1001420473371143
2022-08-23,962.4524584865408,494.94431484684856,398.20599869827737,886.6710058555689,838.9241004993336,1100.8012600193874,470.9159885193692,615.5144472581094,0.0,0.7294770143360592,0.07460731468458506,0,-0.0,-0.010238159661668366
2022-08-24,966.8459243443982,497.4082431284567,397.9004814066203,890.7201020877287,842.2159889094149,1099.9650499537286,467.3422425310797,609.5924354648256,0.0,0.7199068168578593,0.0788474316377512,0,-0.0,-0.033858626867945246
2022-08-25,964.8377864389241,495.549772831175,398.89280381694806,888.8050333185577,841.0318510786942,1102.0882514079335,471.5747132851225,613.5360447789046,0.0,0.8149639439570712,0.0557126368297206,2,-0.06053739837417952,-0.03691807113254205
2022-08-26,957.5456540887735,495.8092624286329,394.7398887313461,881.8646590687094,832.6214286324616,1090.3727482601466,442.69586940179784,559.6151378444741,0.0,0.6435529312818471,-0.059216545720546514,7,-0.21821542642917394,-0.028996944934595436
2022-08-27,952.4988916378675,493.407833914641,394.7398887313461,877.1382416853847,831.0483830057092,1090.3727482601466,438.2139148494297,563.0797869812487,0.0,0.6515208494653959,-0.06781455614614242,2,-0.07272114291714236,-0.11117767525175484
2022-08-28,953.0599189394086,493.6381584275225,394.7398887313461,877.6384233462222,829.5944103819978,1090.3727482601466,427.7881182246829,539.6533847129252,0.0,0.6464286316137974,-0.04440277394592785,1,-0.015109828667453697,-0.11317877338126346
2022-08-29,950.3310998908199,491.8690114453625,394.7398887313461,874.984908413646,828.4885701218464,1090.3727482601466,443.7200660475538,569.853358133008,0.0,0.613234962951737,0.02222456931479087,3,-0.1222172420154092,0.01815826266918531
2022-08-30,948.6391715974173,491.0846471759221,394.7398887313461,873.3159389698263,827.1698704814357,1090.3727482601466,433.3818075976579,557.5684557655972,0.0,0.6685314703210873,-0.02300407920599022,3,-0.1034465937387944,0.06343101587371912
2022-08-31,955.7685855925674,494.6953450557333,394.7398887313461,879.8478819845282,830.8220808195553,1090.3727482601466,438.59908281877387,561.3831930266122,0.0,0.6135237725378555,0.04115535796241092,1,-0.03785026160029756,0.08149763226856878
2022-09-01,962.0378989841697,497.8578797907931,394.7398887313461,885.583283173335,834.0091964974886,1090.3727482601466,440.37173085950536,572.5185531852574,0.0,0.5663429107532172,-0.006129786461637958,1,-0.036075980369715904,0.00035971615719689954
2022-09-02,962.6687948310729,498.07136362954793,394.7398887313461,886.0787775828874,833.9161453507354,1090.3727482601466,436.399686175644,569.7173814109595,0.0,0.5703562828744091,0.006255855819226279,2,-0.08503367451280608,-0.015691354260727593
2022-09-03,961.6916973678647,497.5413494525177,394.7398887313461,885.1388616267146,834.7463905283761,1090.3727482601466,433.76697556700196,575.0648684252951,0.0,0.6284868311710776,0.06279581681376352,1,-0.038696299458573204,-0.025871842886176017
2022-09-04,959.7988145946689,496.8766982137002,394.7398887313461,883.2993308686559,831.786847160873,1090.3727482601466,437.5311170855923,583.7073702579054,0.0,0.6310223287410666,0.05181535212719397,2,-0.08344727143890007,0.031209422267357997
2022-09-05,957.3097519757356,495.6365042743573,394.69947105930476,880.7135465689788,830.8613105378187,1090.2655864735984,432.983508902086,588.2090096329597,0.0,0.8306415686864556,0.24012407722637852,7,-0.2777006084666157,0.007632543626889503
2022-09-06,925.8313932916041,486.8816947963716,388.3278380361418,851.5924107589113,822.5263965987141,1072.894546961051,411.0245577407279,544.8440371193545,0.0,0.6454518667371184,0.06741332875333574,5,-0.14729210410100899,-0.08929326665412507
2022-09-07,933.044140599429,489.7853979473222,389.14264044335977,858.1192061716617,844.0981681041444,1074.4425373565168,422.08719458751534,577.2012542924529,0.0,0.826467848385868,0.22580656700680207,2,-0.09876885062468557,0.13575602527158137
2022-09-08,931.9371439551749,490.4593533583298,388.3454878714283,857.0259327349581,846.7962934014353,1072.1039509620427,422.5752199123092,583.2835557140559,0.0,0.8247419063435867,0.21793794225222743,2,-0.0727457178065738,0.06695526431938979
2022-09-09,945.3589917700804,494.7728851178933,390.76232242279525,869.1501812332438,860.6081415213175,1079.4681711628523,467.2787773543125,620.7837259093222,0.0,0.8217534362684251,0.19114612470217643,5,-0.20840222016847068,8.769845598793902e-05
2022-09-10,951.7633359680472,495.9752031270004,393.49429264461065,874.877792103029,868.2342836083724,1085.5035023776584,473.5705836717238,627.2380151720732,0.0,0.9373739414724888,0.27628859575256726,3,-0.15073313139066735,0.04569484054690835
2022-09-11,947.1147840772951,495.0451051579511,392.36124782948946,870.4591690705106,863.4181397022566,1082.3848212394744,477.5273091749862,625.38322377572,0.0,1.017956223121769,0.22881907577861224,3,-0.13481433881792637,0.12265383310083042
2022-09-12,931.0147641285236,489.5470926658141,390.6726086157159,855.3507516445062,850.9823165464331,1076.834236375087,489.90739555328037,628.0792347101167,1.0,1.0534293653115512,0.3712425041261418,7,-0.27289487189016914,0.2828075046621694
2022-09-13,894.6529109652254,488.5201745759304,376.90330964454006,821.428275481272,836.0166940083836,1039.4527666744355,441.2471126080146,572.9680595491061,0.0,0.6617501061395409,-0.006136570194706181,7,-0.3791130027164412,0.44058290236153436
2022-09-14,897.3569040602299,488.95580871801343,377.997132686437,823.6791589707099,852.1976571142903,1042.1816857321346,442.43982024035864,586.6194231199592,0.0,0.8318341037762043,0.12735440270452353,6,-0.22140870696734388,0.025427373322824125
2022-09-15,880.6480348581578,483.6465622680261,374.29296699829223,808.114292971008,856.4706051713167,1033.0397785726248,430.9241733387176,558.962205062371,0.0,0.7168690181512403,0.07022554316776825,6,-0.23602275828975772,0.16275918324246713
2022-09-16,882.1336572190952,485.52660560662275,373.8739554434195,809.3138287094425,845.9056523428648,1031.3598791253485,433.14983143430277,564.622200156276,1.0,0.7725810193252926,0.002988784688616336,5,-0.17733515493208438,0.5878170535062095
2022-09-17,876.9949413899101,482.83139763641356,373.8739554434195,804.5043531932049,842.187416366294,1025.6164650106928,439.9230977133942,579.4728270157897,0.0,0.7963900129146128,0.12874550904074678,2,-0.08082648577619497,0.13586632090387502
2022-09-18,869.2554468218999,480.63634165692184,373.8739554434195,797.3979093714545,842.7483485636702,1025.6164650106928,424.6586284737617,529.6025234111603,0.0,0.7325740388517593,0.12093141533334331,0,-0.0,0.049374117003637766
2022-09-19,880.4337973296218,485.82665433337775,373.8739554434195,807.5189853785347,851.560781601311,1025.6164650106928,427.3745003485121,544.6387764113124,0.0,0.7006370200608266,0.031585524256775785,3,-0.13270563026228274,0.35426769430214944
2022-09-20,872.6915068372737,482.4262002504401,373.8739554434195,800.2683820982564,847.6012746003398,1025.6164650106928,412.89130931942424,528.0378232330712,0.0,0.7013229055264418,0.008588160038873884,3,-0.11535450502629213,-0.08178810247401641
2022-09-21,867.4855059971316,479.5941578718667,373.8739554434195,795.4266196515765,849.8955456764501,1025.6164650106928,403.7151201406746,510.09324683684287,0.0,0.7682664817585385,-0.0820371697269906,1,-0.05151418081798709,-0.08530352568734006
2022-09-22,884.4200214534104,489.4908836491978,373.84378229877296,810.8065560235233,872.7964883902995,1025.5336936020399,424.39601394920896,546.1566239608948,0.0,0.9499816697352779,0.10039561704198131,5,-0.1828863170028945,0.03668377947798175
2022-09-23,885.8033321881936,487.6925302472615,375.6885490580053,811.8283603776066,869.7162521383419,1030.5942845708041,421.94932196212517,553.7415226955875,0.0,0.8857459956370144,0.07415991922104487,5,-0.2326577652063367,0.011549502066749234
2022-09-24,883.0982096158482,488.45651433650823,374.0562537381257,809.3068779267686,868.1048312220994,1026.116548340574,413.8586061515271,545.7276957863005,0.0,0.806148818912852,0.14091410249411665,1,-0.04297306448899336,-0.021945442092705485
2022-09-25,885.8152098763376,489.6179524323223,374.3756351082133,811.7570015564783,872.2121189105644,1026.9926799539437,411.4228564362998,539.0188777938884,0.0,0.8669276596485839,0.07301862528332057,1,-0.04385685554627476,-0.13181092240451908
2022-09-26,871.0111307864914,484.00595957483375,372.3099415508662,798.1393646155535,859.0367315543753,1021.3260393836771,420.539957347025,544.8422735702048,0.0,0.9472105733327213,-0.005594299298854461,1,-0.038416297506798806,-0.09238196357235814
2022-09-27,867.2182065049877,484.5427546495695,371.0213511610067,794.6632431254206,854.8278340968386,1017.7723163408015,417.3404370562231,535.3723576485759,0.0,0.9315322099492052,-0.00999759702941568,0,-0.0,0.004476925452445161
2022-09-28,866.2318445778745,483.1225729640022,371.23102169496957,793.6756910809496,854.2056191320163,1018.1295443326345,424.7199051961573,534.4251997770984,0.0,0.9035163144428291,0.11077267296737275,2,-0.07378329191346565,-0.1327909002357076
2022-09-29,877.6229524810607,486.9071586396135,373.47978429900974,804.0599567496192,864.1996091807571,1021.1123468569732,428.5540772546285,540.7858046389998,1.0,1.0078851576952965,0.21674349838144052,1,-0.05793155302863656,-0.05585122154927513
2022-09-30,872.1228954376757,484.523497289404,373.0244996643153,798.9657773207321,860.8947531778929,1016.6263823977376,424.8161971884934,536.8284929186968,1.0,1.0856675030897698,0.12668194974812816,1,-0.052092814356807626,-0.12943028647296162
2022-10-01,866.5729728513878,481.922197192037,372.7497204238773,793.7832696253556,854.8643093728363,1009.8608717295067,422.45923183063184,532.1888361846759,0.0,1.0997957568611143,0.27540161101431737,2,-0.09348899593177887,-0.07408908709704487
2022-10-02,853.112845116727,476.4838400518458,371.18645333596766,781.2729296645776,846.8863740899909,1004.6980760039727,416.88742700136964,516.3748349417643,0.0,1.0108456660876526,0.1929364430329398,3,-0.16177798332147,-0.0615484951781747
2022-10-03,858.0532245643973,478.10586155209677,371.97418404231314,785.6801297788443,850.8165043664669,1006.2358719746946,429.41851673128156,532.0340513537789,0.0,1.0533047985818116,0.21805739973092908,2,-0.10816475511805346,-0.03508226352750102
2022-10-04,862.6396496945783,479.43574847832053,372.9840834085603,789.6468997025743,866.114121224857,1008.1702858917171,444.97842731103606,542.7024494039674,0.0,1.303185773139264,0.16246279781474277,6,-0.22594108066517715,0.01211781245381438
2022-10-05,866.7961326506694,481.0853428286448,373.4218885168283,793.4570311606221,871.8139061687821,1009.8723181674499,440.97355581160554,540.9268637175715,0.0,1.300127810860643,0.16657286674670435,0,-0.0,-0.08138274917676504
2022-10-06,865.2175937715277,479.4071549631156,373.67427873617794,791.7976187349578,869.8698140210535,1010.8400325730082,436.68418524390955,536.0493940632887,0.0,1.1994798296240854,0.0701863838121914,3,-0.20280578149310352,-0.10832330688746025
2022-10-07,868.2326526946475,478.5587514036894,376.02386771160803,794.357383097197,872.3849672123845,1015.9490556688633,427.20598936192414,531.7238389559202,0.0,1.2757683259443375,0.1593920210292678,3,-0.19999143235815503,-0.1417297974303973
2022-10-08,860.1836046112629,474.0054407476265,375.960109904406,786.8892950765294,863.7203189311522,1015.8104186081081,424.6958321980734,522.9709511977662,0.0,1.1162428699300946,0.002137141959682404,2,-0.08988691523366193,0.18198268877433615
2022-10-09,866.8372982901449,476.2846997549598,377.46308886001174,792.8438175585343,869.2327596773385,1019.0785451941073,425.2166843384364,527.361725333182,0.0,1.1770961910130975,0.06640712392917987,3,-0.138342420029743,0.0830611164397733
2022-10-10,881.8468254018929,487.74535170865806,373.6871914620376,806.5727339869758,885.2417598661133,1010.8903223164895,418.52001396233953,498.706670215389,0.0,1.0945699781274538,0.08211070385103762,0,-0.0,0.16463548318462007
2022-10-11,889.6039445214141,492.03961673687024,373.1347775602858,813.5877749460669,891.1056450186026,1009.1590721457535,417.0099804461609,493.75698967554086,0.0,1.2021444227889249,0.21044951304015613,1,-0.07481279385557937,-0.10030169351953404
2022-10-12,883.4335551866956,488.5780206827794,373.22283597837844,807.946781387754,888.9762863239802,1009.3972322032223,419.0452430114453,489.8495851961327,0.0,1.1977011076000872,0.20493422185259808,0,-0.0,0.0005593977554922275
2022-10-13,894.5674538759916,494.7075541145006,372.83358893933803,817.9453674349267,899.9367219252276,1008.344486773593,423.80513126896517,483.59890904397434,0.0,1.0402291273762057,0.12292326690864824,3,-0.18028101898894966,-0.0669483976340498
2022-10-14,908.6361118154051,502.15200695258983,373.2301066476634,830.631336014068,916.9454504648783,1009.4168962291296,419.40852643707666,481.3564801480207,0.0,1.2239463728226814,0.08839773670364501,3,-0.18353149327816468,-0.00303272900575291
2022-10-15,907.8779106072138,502.3706811319025,372.9563281789186,829.9321224119883,914.4366139931287,1008.6764435016985,417.12815698220976,479.1797341813707,0.0,1.2190359317026704,0.0877999229680635,0,-0.0,-0.14843605222917175
2022-10-16,917.0546340931469,510.7184132507205,372.7194135924655,838.315616595939,923.1959408718996,1008.0356916832237,421.3190471031985,489.17831621690044,0.0,1.234553853819222,0.09702183406376208,0,-0.0,-0.08598843473650569
2022-10-17,913.117862900436,508.0994756205389,372.88259324783803,834.52818051198,918.0829496079492,1008.4770223015,427.63711487306495,501.962709420359,0.0,1.3691113446267367,0.09673223512207958,4,-0.18465427096623785,-0.08149181996131417
2022-10-18,931.8740445675124,518.7407483501903,372.23969289062876,851.5490299737664,937.7066095149922,1006.7462857551158,422.8290806193772,495.0737105412954,0.0,1.3192170677767596,-0.06744378486108919,2,-0.11913478228325272,-0.14018528187266402
2022-10-19,940.6525832551157,525.2432461006711,372.23969289062876,859.5086522936643,942.2621734340909,1006.3523424048583,418.3602567932367,476.38290168326927,0.0,1.1621389427442121,-0.14746068817032099,1,-0.059274682475460236,0.01986022453780928
2022-10-20,927.5875288574091,518.8849375988866,372.23969289062876,847.2386835805565,931.0339143478586,1006.3523424048583,416.5657242087925,470.0101249934625,0.0,1.088392413096322,0.17011795171745356,5,-0.2985872206635623,0.03918469521376958
2022-10-21,911.6849387301233,510.2538171906847,372.23969289062876,832.5704109219138,910.1262649286889,1006.3523424048583,419.1087081882123,477.8988342613764,0.0,1.123423083074299,-0.04456826075687791,2,-0.12784866875165277,0.015805707281136665
2022-10-22,896.7448756564963,502.38972913267247,372.23969289062876,818.755910025836,896.8000616949208,1006.344164038716,420.07600502031516,478.0665647599401,0.0,1.295856738378527,-0.0010125292701985335,4,-0.14233750256005664,-0.04330423964630892
2022-10-23,902.6482208850621,505.8323006060545,372.23269289062875,824.0507964220483,899.3066784986775,1006.4241304570793,428.07699420169104,490.5454372966176,0.0,1.3164395001287734,0.03707745470015096,3,-0.1249857482931516,0.010943417621081263
2022-10-24,898.2412627854769,504.18080960418416,371.88440990334476,820.128302949428,898.7303576888711,1005.6175664436257,422.7678038969815,480.1652572296408,0.0,1.1471383084232745,0.22888408740206578,5,-0.20079153679805228,-0.11701977631881066
2022-10-25,893.1768812365113,501.50344580380283,371.8620213119252,814.9526000451267,885.207266223714,1005.5570251565487,439.1855885902752,505.3017957498309,0.0,1.207944222416604,0.14721807774132828,8,-0.5135410332230498,-0.06838902708388568
2022-10-26,918.0192631755807,514.3919158979853,373.4063625448652,837.5711341598638,913.1002370378236,1009.7350265629286,454.2859237520621,520.5378302232048,0.0,1.3430140451341566,0.10239816284392124,2,-0.07466480139387846,-0.09741653265531433
2022-10-27,922.799639376294,517.9935653094228,371.05024713811895,841.5881948461816,916.9920442435828,1003.4091127109778,443.93891148468117,511.21499222836366,0.0,1.0830027819589525,0.19277585676217832,6,-0.3303373165151634,-0.020084555846589417
2022-10-28,933.1720927138339,523.7948968828377,371.2639330195058,850.7256226992814,922.5396128114778,1003.9869691516077,450.4451863304772,533.6993425145117,0.0,1.4759540590831586,0.33492264998267224,6,-0.351100592471576,-0.020272371153632764
2022-10-29,1048.7778207427905,549.9185169736411,399.8363042318189,955.6712236153942,971.9026717763577,1081.25353297539,455.1262902306312,556.6521065955653,0.0,1.3290224518289209,0.3201234958022385,8,-0.4779687063607163,0.0548597044208365
2022-10-30,1012.4780931687015,536.7279131712772,397.7902203786652,922.3361610064511,933.258300867144,1075.7285379043908,451.16299936425486,546.6632726909822,0.0,1.1796458798613985,0.4143776624106589,4,-0.22102698102722673,-0.08970311193022178
2022-10-31,1019.4858617839578,538.3721968060329,398.994214444233,928.604266042353,939.3895557310971,1079.143144909065,448.23922432423353,551.9684977388613,0.0,1.0741930374482243,0.3155480064497257,4,-0.1191154359836839,-0.014454383573063088
2022-11-01,1039.280340862466,544.5202959266916,402.09012166680856,946.1425616817498,954.6130262332897,1087.7164177560476,448.02256734147744,549.9593968518749,0.0,1.0804141205852518,0.1825533073043893,8,-0.4901290583344917,0.04765709107259235
2022-11-02,1016.9263805324973,539.7134024289951,397.12736063215135,925.5132391168895,938.7300502223583,1074.2682230331434,440.7568988288495,537.0712238665474,0.0,0.9892891652594985,0.10497449450358327,7,-0.25601776828143064,-0.013972928283811118
2022-11-03,1023.0690086583787,544.0595412866495,396.1250979641369,930.7964419195862,927.2867924540687,1072.5208239206247,442.06121763412847,552.268886361488,0.0,0.9439864429757052,-0.10184717922658039,6,-0.2786034198583038,1.9529266654587072
2022-11-04,990.9274988633647,525.1358402890907,397.1578522133562,900.9650144792512,916.7768426577321,1075.5354039787103,462.5867311823024,592.9983108024526,0.0,1.2715158776219204,0.5107987000034779,10,-0.5475902128763678,0.2952478673113988
2022-11-05,990.8503672849088,525.7245332157489,397.24564552677276,900.4989330755186,919.3684581872536,1075.6893331278482,465.919747189752,596.2654329175554,0.0,1.176533320455285,0.5784410498688031,7,-0.37831967180044695,0.19738075948816908
2022-11-06,980.8499784476415,535.3942717069888,385.85105331501376,891.2469633810524,911.5096885367522,1044.336605764145,457.3869635961567,568.8959035632812,0.0,1.0179498337594823,0.35688794046659095,4,-0.14900934612920247,0.3731240388657169
2022-11-07,975.3308181530355,534.2585958397584,384.30163205741906,885.9880884068617,893.0919532579308,1040.4702385188136,450.35327124688376,565.244266896944,0.0,1.0510339317112285,0.16148951589508076,5,-0.2238565048932318,0.09702956184500232
2022-11-08,944.3761289808823,532.3597307914843,373.1417778450571,857.488841337869,832.7882011814308,1014.8516484801218,405.60813317182624,477.34699539679684,0.0,0.7745736671593281,0.061411449664024814,7,-0.27588241851234857,-0.5241717145313164
2022-11-09,929.7885533598419,526.0624319672962,373.1417778450571,844.0827797082126,831.2934266090515,1014.8516484801218,348.0736677510465,377.4588672608848,0.0,0.7900925241512644,-0.0081353616353666,4,-0.11453798338381076,-2.9188376795619457
2022-11-10,955.7509487208109,540.0430202002239,373.1417778450571,867.6770711232426,864.2361305720148,1014.8516484801218,384.90535481957914,471.55782721569557,0.0,0.8580400915535291,-0.021711384099900553,4,-0.07962598354825307,-7.749697782617967
2022-11-11,966.2749601418587,545.2636362674016,373.1417778450571,877.1625308246192,874.6345810441215,1014.8516484801218,373.3131120149435,459.5722066566053,0.0,0.7938989248854688,-0.018946344732969862,3,-0.09543911665778325,0.07993166053693812
2022-11-12,974.6949455528253,549.1051198763699,373.1417778450571,884.8120581264391,879.4294385641782,1014.8516484801218,367.811337725562,437.1362697321186,0.0,0.7498694575976187,-0.009890409561098849,0,-0.0,-0.2472608820674302
2022-11-13,962.115555771065,541.4222200902998,373.1417778450571,873.3790066128756,867.0223717143626,1014.8516484801218,357.1820148442867,421.9641380288822,0.0,0.7287346165176046,-0.022376131514087967,0,-0.0,-0.6910977827275001
2022-11-14,949.6120411441415,534.4993415609314,373.1417778450571,861.9030840090235,856.3009732488424,1014.8516484801218,363.39722525870343,431.72376483678255,0.0,0.6819380882387837,0.022739361090637376,3,-0.11613132504217508,-0.5742584578970586
2022-11-15,949.319682481361,535.3923003229231,373.1417778450571,861.588668086643,856.8076051414652,1014.8516484801218,369.5927395837786,437.7585387345827,0.0,0.6225640785354962,-0.04469483261802283,1,-0.04484490204755273,-0.2884041338582137
2022-11-16,959.3404222639831,541.154621630854,373.1417778450571,870.7032491180245,865.0338722075531,1014.8516484801218,364.39078354326153,432.2860193864928,0.0,0.6133360999316083,-0.03344477184783681,0,-0.0,-0.32402297985065
2022-11-17,962.4081932893627,543.0785395121051,373.1417778450571,873.4425310431327,867.6607311099249,1014.8516484801218,365.0801466702127,428.8431802428505,0.0,0.5971167538875262,-0.04090699601402361,2,-0.04604196619648719,-0.292851525875895
2022-11-18,964.7772792612917,545.963645882024,373.1417778450571,875.5478470969591,870.8783965222921,1014.8516484801218,365.24646920242947,429.9407566152409,0.0,0.6557614119173789,0.02062116573259338,1,-0.03983653275307017,0.05419471162880886
2022-11-19,961.4220807203092,544.2559190880716,373.1417778450571,872.4939422086364,866.9639475613437,1014.8516484801218,365.31649974231027,426.83604132232523,0.0,0.6513249134120845,0.017333497730565264,0,-0.0,-0.12517382457574014
2022-11-20,937.296922914294,530.739593051073,373.1417778450571,850.592585809299,849.1452167373404,1014.8516484801218,356.11842601984785,395.09919538845736,0.0,0.6071390322052049,-0.007780308952121262,0,-0.0,-0.1678907115886306
2022-11-21,942.9054562970013,533.7648627403606,373.1417778450571,855.6613475295804,854.8138921706908,1014.8516484801218,345.1849079809655,387.6801268783879,0.0,0.642191374244843,-0.05123608343841273,1,-0.03283806240295166,-0.25182328017025657
2022-11-22,939.2383245924922,531.892943235155,373.1417778450571,852.2736464086205,851.6929977219075,1014.8516484801218,354.9804297467856,404.3090278742232,0.0,0.6597387925140289,-0.06457764028978766,2,-0.0500820901856885,-0.08734311875001759
2022-11-23,939.2579849732209,532.1202909340532,373.1417778450571,852.1149680439103,848.3585289060775,1014.8516484801218,363.19151054780366,424.50070378187024,0.0,0.6902372617784034,0.03368772872886618,4,-0.1569592243171336,-0.11415342634585962
2022-11-24,938.1679721973078,531.4297065693228,373.1417778450571,851.056009131262,848.8131827950182,1014.8516484801218,363.1171030991804,423.33316294211477,0.0,0.6778395073472803,0.1401761361294854,2,-0.07069304465164322,0.10345087794652263
2022-11-25,944.9916218370687,535.0670917044658,373.1417778450571,857.0897171755843,857.138876298006,1014.8516484801218,361.44731241389866,424.38023910711894,0.0,0.7001460526932843,0.09126866892621104,7,-0.17064339583125196,0.19304045321911362
2022-11-26,948.1017994984916,536.5543219781165,373.1417778450571,859.7794563421444,860.9530645800041,1014.8516484801218,359.98323643951676,427.386126873816,0.0,0.6558643366312983,0.05285178283899638,3,-0.12079725100434036,-0.04435741829680412
2022-11-27,948.2823766420315,536.5500910435692,373.13458925152673,859.8747743442133,862.7360277832489,1014.8320973163881,359.40110757675797,430.10523396505516,0.0,0.6278921692627393,0.08549599012800095,2,-0.07384139826190357,0.1841709275345057
2022-11-28,944.0636535169537,534.5999938418025,372.76280028661915,855.9775164692065,859.1804757255335,1013.81217847515,354.6280885930105,421.5206506766271,0.0,0.6230074775994819,0.08964918735068175,2,-0.06050989472213164,0.0859298952459086
2022-11-29,954.3716493844497,540.1102489211873,373.42061998417876,865.171660550716,868.877554125311,1014.758403077056,359.63308374011297,429.39878162588093,0.0,0.6373644992143981,0.06682095571095223,4,-0.16771166861717957,0.04733767416143855
2022-11-30,966.5478275922628,544.8300994648288,373.9645640129268,876.0398561102472,875.408141604111,1016.4787660030663,375.3921436676532,451.09826834904976,0.0,0.7338321828150126,0.03783007382851919,6,-0.2067065023500977,0.09263656451075199
2022-12-01,963.2977100537015,544.2184819496929,373.28948704062634,872.9656854314675,871.4551786791691,1014.6155371161515,371.39164907696534,445.81256052111655,0.0,0.6512128218722535,-0.03394134720875762,4,-0.12527266512198393,0.1337065808916633
2022-12-02,955.0537249838832,539.523129947529,373.3123712630257,865.3787459581702,864.2170814773743,1014.7065649184558,373.853660244648,453.45332479261265,0.0,0.6966719907812082,-0.005007113416643329,4,-0.10188567119129914,-0.09377151893242477
2022-12-03,952.3548740062929,539.4430226034877,372.1424053341249,862.861340056164,863.2854401699087,1012.2710756128553,369.4001555991064,440.6694667013843,0.0,0.7049888077158524,0.016126672039721016,3,-0.060504419749394925,-0.04145062028262883
2022-12-04,955.3184760040217,540.1317092143477,372.5918902653883,865.5169093606249,866.8148103580836,1013.0674147415716,374.2147552159081,449.7899050903534,0.0,0.7642265920240238,-0.02991154444272568,1,-0.032851188074030695,-0.00044972090335298337
2022-12-05,949.9844311388039,537.7896420266652,372.3247704657077,860.5125923531382,861.980913851141,1012.1838203421055,371.12465764367,443.0368119982325,0.0,0.6614305639136405,-0.006768348953768908,4,-0.1554848912025199,0.04934383735824863
2022-12-06,943.7964785709903,534.6083552280822,372.1873936177946,854.7530269908557,858.1172844027149,1011.7207811722461,373.7573682523119,446.56202251636205,0.0,0.6782765928970447,0.10063388157562594,4,-0.1434395760283277,0.019557844784926906
2022-12-07,938.1007783355537,532.5118433172842,371.7200181539226,849.442216909905,859.2431975827707,1010.7266718506418,368.2731015979006,428.9526066052134,0.0,0.6734762374479766,0.0016135124973302606,4,-0.13649735491463488,-0.00864450788171216
2022-12-08,940.0326688939375,533.3177129634805,371.7130181539226,851.0835403979801,860.9230335512526,1010.7154900617562,376.7643045584417,439.46082003339785,0.0,0.7346307093654385,0.053777675140948014,3,-0.10822187464665789,0.2506493211740839
2022-12-09,933.3793433360717,529.801013048899,371.5246840055532,844.8914004058352,856.609942622006,1010.4256261065356,374.70715744944465,431.62457710243854,0.0,0.7122405936579601,0.031987905281632256,4,-0.1490656001352804,0.14574260796876934
2022-12-10,937.4916815243137,532.1581043472576,371.5246840055532,848.5761328716409,859.8961758647263,1010.3579841058207,374.6633883620192,432.7586579954731,0.0,0.6533926235231892,-0.023411205331917376,1,-0.03913221802423951,0.052962079806450096
2022-12-11,940.9351031818143,534.4175330662046,371.5246840055532,851.5366017779626,861.3345839351487,1009.7519831139157,373.7289183454854,424.59971423230803,0.0,0.558149984074476,0.009976867085838165,5,-0.15994725000036134,0.2165882846951867
2022-12-12,939.2566893877193,533.4558723614564,371.5246840055532,849.8612034477715,859.4664915734752,1009.7519831139157,376.41415185903793,425.15588448201794,0.0,0.5725026630641081,0.06755406870134435,4,-0.1543385458914798,0.2854343734026573
2022-12-13,937.6280177042079,532.5337014885931,371.50763838813685,848.1751038220252,856.1352091168922,1009.7056555165028,389.04372203565714,431.54383437053514,0.0,0.800626286997034,0.05975820960747734,5,-0.19129936847378473,0.12078178458696046
2022-12-14,933.12632541856,529.9826716324911,371.3898384032308,844.0650731622638,853.8609702030352,1009.3734920145964,389.63022780715846,425.90129012531906,0.0,0.7357042644354397,0.11459978756981926,1,-0.03894331146774805,0.2654460696412398
2022-12-15,923.1575996176624,524.8298258102559,369.97254172768885,834.9950632063992,844.9550060703092,1006.0822302802982,379.73622559463104,415.21638314825,0.0,0.6429064330389399,0.12076415878201083,2,-0.05360386361108482,0.04773311697681783
2022-12-16,913.5626242166127,519.5374986032771,369.97254172768885,826.2482282257972,840.9971960100763,1006.0822302802982,363.81084313487395,372.0475818354159,0.0,0.678373871172018,0.0877101724093644,3,-0.08905365344986269,0.012477205785760614
2022-12-17,916.8579415878761,521.3922594313033,369.97254172768885,829.0996727296634,843.2514299678463,1006.0822302802982,366.96002897513654,380.09971942915,0.0,0.6124842645882904,0.01608927189769116,3,-0.12320915669080347,0.09073823202949582
2022-12-18,914.8371889143363,520.2495597921602,369.97254172768885,827.2406148144169,839.8598960452166,1006.0822302802982,366.1349816771664,376.289343787054,0.0,0.5629981745688265,0.060844619206968244,1,-0.029988871697216382,-0.06086220220617028
2022-12-19,903.8262313334147,514.0485660633242,369.97254172768885,817.1621617964579,832.1536633869906,1006.0822302802982,359.545545565262,364.2212499833492,0.0,0.622800307385309,-0.009947520241494034,4,-0.12482623686278431,-0.04041596512368528
2022-12-20,901.8842675299095,512.9326785308515,369.97254172768885,815.4124512216289,838.8714406294399,1006.0822302802982,369.5686665856945,376.92848191261425,0.0,0.6513814104815386,-0.012116226049561207,0,-0.0,-0.005359878552309197
2022-12-21,901.4808422664355,512.7027344216639,369.97254172768885,814.9083648439871,838.5864510379336,1006.0822302802982,368.08927143071355,371.98261999351297,0.0,0.6723459483386603,-0.03519445584272597,5,-0.1353967238437956,-0.1622542417094626
2022-12-22,900.7056699454525,512.2597136030157,369.97254172768885,814.2098227833856,839.1982654292215,1006.0822302802982,367.9995448014914,377.21327438370537,0.0,0.6807976042689048,-0.03588576489932394,0,-0.0,-0.17978810204185483
2022-12-23,899.5374490191929,511.59674555358106,369.97254172768885,813.1527149222127,838.0608014176637,1006.0822302802982,367.1438591423235,376.3786971403863,0.0,0.6824101050789838,-0.037367227074274985,0,-0.0,0.12248727790405958
2022-12-24,899.8628634201345,511.77988209395556,369.97254172768885,813.4085209953131,838.5017219062263,1006.0822302802982,368.2927976872421,374.2666340584376,0.0,0.6210214009656596,0.023025961830355365,1,-0.037905479007727595,0.18057611172249277
2022-12-25,904.3309626773117,514.3268399098147,369.96554172768884,817.398528806878,842.988388666957,1006.07241977475,368.19431724053476,371.5346767614234,0.0,0.6843151294805319,0.10251980429024886,1,-0.0473183520780694,0.12143807344458532
2022-12-26,905.9735614639407,515.0996274746133,370.19281425477607,818.6640308745103,843.3882244631629,1006.3909424016006,370.1310993591118,375.5283757566753,0.0,0.7066534967347068,0.09145499365668067,7,-0.21379364487689367,0.1852803340486318
2022-12-27,905.8473436247258,514.877602313891,370.19281425477607,818.4448010242058,843.4080990899516,1006.3909424016006,365.43248782398757,370.73896776916996,0.0,0.7185585590065876,0.11494465156649582,3,-0.10095264325960307,0.010885679819004016
2022-12-28,917.7301153110097,521.4640804655415,370.19281425477607,829.1447936950118,853.7414018926119,1006.3909424016006,361.94846846492015,355.40665730116376,0.0,0.7393109954357568,0.062281898363773056,1,-0.04113740202525249,0.12052542758292484
2022-12-29,915.7755190243353,520.37874210587,370.19281425477607,827.2687016234416,854.2050481051681,1006.3909424016006,363.94652730589286,354.19455552595093,0.0,0.5678535728503766,0.025482544363009826,3,-0.10788731998810958,-0.10211846173630476
2022-12-30,914.1671751468871,519.558118815164,370.19281425477607,825.6938115747369,852.3791704935045,1006.3909424016006,363.30968708385234,352.6355524543889,0.0,0.6563659008425655,-0.020680158061541738,4,-0.11763664544842624,-0.42021754187984517
2022-12-31,910.9617094476986,517.8957884458147,370.19281425477607,822.752548237777,850.3363436304007,1006.3909424016006,361.91783010372234,354.82641942924903,0.0,0.7304964486050198,0.04281589656968598,1,-0.04265535123314027,-0.1353583079797771
2023-01-01,911.1028232512298,518.0280902537722,370.19281425477607,822.878293144547,851.7655200333146,1006.3909424016006,363.5088364316381,358.07289987385207,0.0,0.7385545185715288,0.04303328135675649,0,-0.0,-0.0629880037171873
2023-01-02,908.608008640382,516.8837299596754,370.19281425477607,820.4414840730993,849.2826984719527,1006.3909424016006,364.72780551643746,368.01113899437746,0.0,0.776058839649786,0.029525479216252367,5,-0.17324607266303854,-0.024459825773740125
2023-01-03,909.4758584938187,517.4362958906908,370.19281425477607,821.1367170641431,838.5001170108856,1006.3909424016006,364.75406696889274,371.9971978224686,0.0,0.7814092314233194,0.03616270777679196,2,-0.08700929594721507,0.38591029526977444
2023-01-04,906.4231502305804,515.7408377612941,370.1436460333881,818.0879566038519,835.5880946674291,1006.2752951341412,368.58167366425005,385.358054261127,0.0,0.9886842210681929,0.21238483481299747,7,-0.28652027769678523,0.9494654294478178
2023-01-05,901.4808427610303,513.1653712181547,369.9086052886978,813.5137220063775,833.507845921803,1005.6819835117366,368.181186514307,383.177553349787,0.0,0.9968592214822418,0.0350596026683625,4,-0.10890624117153164,0.49122511291834015
2023-01-06,912.7696584204244,518.9567731595697,370.4865480258554,823.6382242623538,845.249871713302,1007.3655712514775,370.80733175983517,391.76138147268796,0.0,1.1221273473544169,0.16679430669608544,2,-0.07680579643913228,0.4489656083355874
2023-01-07,919.2603600376453,522.8725376511226,370.0766660243042,829.3086273246684,848.7362839508163,1006.0592224664024,370.64757459073223,393.3641669720585,0.0,1.1294533198561028,0.21725902220218515,4,-0.18740697845284365,0.37284610772699833
2023-01-08,933.359497072073,528.7741622884025,372.9005921497181,841.9557660362285,855.8410783720482,1012.4529406569975,374.7662457174689,408.97229789843266,0.0,1.268254273833246,0.3489194059835401,2,-0.07883805876294808,0.8541390094976058
2023-01-09,945.0906386342014,533.7664385478245,375.0420408319305,852.4081742347253,857.8926965978734,1021.1965198866466,375.75105018454195,421.0244409701199,0.0,1.3627659043347178,0.43269596235112584,3,-0.13414942121863335,0.1590989113256194
2023-01-10,950.1919081635989,533.5182496060575,377.01638282801105,856.9515998885247,865.6209767904384,1026.4727291977265,381.4213354605115,431.73257456562857,0.0,1.4690434429610304,0.5137130260348054,1,-0.05201226121872211,0.2674550394339088
2023-01-11,955.1582846271629,528.4856425827248,384.2019299669431,861.1222879608345,868.7992390249938,1046.315714156045,392.5146106684968,437.5451307988712,0.0,1.8128783515234794,0.6673917720205291,4,-0.3057698308424467,0.28513623094398644
2023-01-12,973.3341616358699,526.1752144750225,391.5092891407447,877.4613828468981,885.4301134226195,1066.1442358399004,412.2610344604974,449.58107168940086,0.0,1.8991201393290478,0.7371163849633932,1,-0.043436806104637564,0.27611551529767175
2023-01-13,1022.6541552992852,534.3309152765036,403.3494357147978,921.6422596385183,924.3735947155467,1098.072943472645,436.0320258412699,474.81369970992705,1.0,1.5031459789496477,0.6994059708970491,5,-0.28401227514850863,0.3053456876390394
2023-01-14,1077.6033433090677,533.0072990962075,425.2669065583656,971.0790185893148,998.4287073620286,1143.9089309676654,458.7613129413162,501.59083867933305,1.0,1.3442608611931823,0.7660075973970076,3,-0.12054338302587408,-0.5413022157465066
2023-01-15,1070.2537799555005,531.5085394370466,422.21642169992907,964.2386682801654,996.3095744439811,1133.4907122036807,457.0083609899262,497.1603029415794,1.0,1.469444075844906,0.6699394176594213,7,-0.48338386097066466,-0.17738274847268845
2023-01-16,1083.8002065566745,533.6220361944851,425.65905520301686,976.2140404505915,1012.6283078162486,1144.9820165812876,463.696277548538,491.0345678077814,1.0,1.6073975509324214,0.5652064868921862,4,-0.22872937449987507,-0.23250097749716686
2023-01-17,1081.0484306538647,535.0152515209235,423.861380264035,973.531787790955,1015.4759896794072,1142.7145459382846,462.44010473942706,493.26577402734983,1.0,1.572824674868625,0.4156115216715801,3,-0.2021977293839917,-0.12423335351840412
2023-01-18,1066.7574137231786,537.1733012564498,415.2220349657793,960.4067211999595,984.7315298244018,1119.2964874508245,452.5723639793549,466.97906801850183,1.0,1.6055783197823903,0.34419189328160577,4,-0.22026421489220532,0.06376477702603567
2023-01-19,1066.8235429025297,532.5408880324063,420.09848179271603,960.3530017221213,991.9225628442734,1126.0403642113533,461.07013230300976,479.8696925389447,1.0,1.6092573800178531,0.5070461576775109,2,-0.12142553373447112,-0.10692154187962911
2023-01-20,1110.245495054614,533.0162979808935,440.33705500648824,999.4738711500902,1031.948511355216,1193.996186263011,495.92783352865365,520.2887599721877,1.0,1.6936806884966717,0.5791923519972317,2,-0.04096166685225939,-0.1373404756401875
2023-01-21,1127.5532039155414,545.1343146571942,437.0048495336546,1014.5897871856819,1050.4284585836074,1209.893798442869,498.571486409152,516.0295528274982,1.0,1.7794139795972108,0.6878726879354015,6,-0.45002386056294374,-0.1296612026213888
2023-01-22,1111.3287785677996,539.0082396933952,435.9363435401366,999.8461455876443,1015.9934031986826,1192.7397653046671,496.87981118015745,521.7262224694621,1.0,1.6603511044853152,0.6574820708556731,2,-0.12337192616564091,-0.23349317368445222
2023-01-23,1106.9593232668321,533.2062301942598,440.06985578499354,995.7507888383304,1025.1518674721399,1187.7672582793011,501.44273854426274,528.762313253598,1.0,1.7719145111529881,0.6524627103489046,3,-0.1614152211455227,-0.28637235268339756
2023-01-24,1072.1049146827738,529.5604633474718,429.83363272099143,964.0571228399353,994.6195032111574,1146.7807669927565,495.19032440553445,498.8224842751063,1.0,1.7413680722302072,0.46648680643015594,5,-0.2698716511031899,-0.20533449890854705
2023-01-25,1106.3463660245595,539.894760357826,435.6505932343156,994.7793938114312,1026.3475802090659,1182.9906980150674,504.6707087418911,524.6445327125322,1.0,1.8299919222731154,0.6139019824256877,2,-0.1011984885682555,-0.15351032991477476
2023-01-26,1071.0739077440255,526.0952166809318,434.1297941717876,962.8099945512217,993.5551266612903,1145.3334445152204,503.3860860259536,525.2660855305928,1.0,1.6504992585389862,0.5845810850193902,5,-0.20884908048478043,-0.06822111183714741
2023-01-27,1070.4132397508486,524.5694933231921,434.7858357081529,961.7352062176249,993.6776916050507,1144.5609622498368,504.8326543653654,537.5777528548866,1.0,1.6379358787376388,0.6438375800251975,7,-0.4732017290936552,-0.019486267563741194
2023-01-28,1048.5407201514838,517.3487821499596,432.9839126458326,941.8126354255147,984.9526257844312,1121.1924239041657,503.69246963793194,532.038998310042,1.0,1.5593498687518013,0.556822731791904,5,-0.24272639516856595,-0.07973513994076037
2023-01-29,1079.0271028240247,520.2531223098093,441.2267784731603,969.2014144528722,1014.1708593074756,1153.1556796257607,519.545633103437,559.1227341305638,1.0,1.559956151166001,0.6386242750129614,3,-0.05226573344249461,-0.03761117526819202
2023-01-30,1035.8486458954728,515.6715799097512,428.9871138392735,929.9917985356348,981.317270544267,1107.8199882087608,499.40309907023595,524.23886811833,1.0,1.404037337775904,0.36246404893016054,6,-0.34350695146620297,-0.09112799924641375
2023-01-31,1041.1072899946844,514.485590617566,432.1171953617227,934.0638617564227,992.5980657296949,1113.472859846476,505.95751991220004,536.4846027474316,1.0,1.4697948864813233,0.36918368201253166,8,-0.6419799777647912,0.11363692302642592
2023-02-01,1073.8932455508536,526.3657759571339,436.4024704682335,963.4109668045508,1043.1221331766756,1148.6785798986693,519.3202223031958,562.9826602729354,1.0,1.4246507390852394,0.4087599030766598,3,-0.15433146289557878,0.024462005572652185
2023-02-02,1073.368626243937,529.2337796166737,433.45851561862537,962.6529727371344,1038.6695856090444,1148.131606271064,514.135773897649,559.8366581109926,1.0,1.4374807507984362,0.46371465078033575,3,-0.29052194393311487,-0.3225567232253995
2023-02-03,1082.8155954394947,532.2302288916179,434.62580555692716,970.8402303603967,1045.4455533423911,1158.3375531282782,512.638871107698,574.0789719443071,1.0,1.5240488578191167,0.46198526357384256,5,-0.31369070664604054,-0.30592086075561964
2023-02-04,1063.5282704131305,522.5226287142646,434.60748293461694,953.2166769360738,1024.050190829389,1137.735638062528,510.4044591946277,574.8155227199685,1.0,1.5838321142484804,0.6347381014449957,4,-0.27595487269155006,-0.2616682602271124
2023-02-05,1038.8344259371415,519.1452232989736,429.2631526334842,930.7219454190293,1011.6009103019235,1111.221654993434,501.79507969803785,555.7271531370956,1.0,1.3667875737493447,0.3207058356967627,6,-0.3617053715294619,-0.5787031034371555
2023-02-06,1033.0075323572885,518.8133302732859,427.16322433776253,925.4851496611856,999.240417346885,1104.9337474676684,498.0418804513039,541.0213272660468,1.0,1.3419568968443731,0.3172756326305883,0,-0.0,-0.41474919993679726
2023-02-07,1045.2122411013067,518.7476560561718,430.83743538267777,936.2985971962128,1010.7093915317997,1118.0773017345305,508.4676770760506,572.374196674046,1.0,1.41195718826052,0.5362430735144906,2,-0.15402374049763695,-0.3470588211718405
2023-02-08,1006.0602876016479,502.6953718569705,428.69132327425785,900.9679895763499,974.2469430180874,1076.1216576671145,502.37939701516785,552.460901325059,1.0,1.4379224016103258,0.31922724214050124,2,-0.14039147288551151,-0.24483540109557206
2023-02-09,971.4024283312889,496.5766700820007,422.88261784666753,869.5083723528803,927.0371867970737,1038.869091414245,476.9386149491137,495.27766059313274,1.0,1.249462581352847,0.02377350021816073,4,-0.3062959523202334,-0.22036052821020816
2023-02-10,977.4609047674996,499.7865207663706,422.88261784666753,874.7794320200777,927.0871517881715,1045.3584989699777,473.1131967081276,493.5878377952283,1.0,1.206023761656068,0.06295075008395984,2,-0.14438118467000094,-0.23813111589697034
2023-02-11,989.2005006061013,505.0825394245567,422.8686178466675,885.1149842411661,937.2569575140133,1057.9597515932728,478.205730030081,505.82808978263375,1.0,1.1319328535979638,0.15733650213367592,7,-0.22266561509805885,-0.10661441889608002
2023-02-12,969.8301928468209,494.19961003940585,422.6649565985462,867.558307839189,915.2715139625958,1037.2119659660123,476.45058962431966,493.49025596598074,1.0,1.0211610190635338,0.03321012134319861,3,-0.2142347455830954,-0.17389479976579042
2023-02-13,965.056856574994,492.4922441019284,422.6649565985462,863.2270826704971,912.9601336978142,1032.0768400904155,476.3433553601273,483.38130829433214,1.0,1.097353265365063,-0.05983410254265969,1,-0.05970402298599161,-0.05360435485473627
2023-02-14,986.7484855072936,504.97524368162,422.63468127275337,882.4129138328033,939.0434672512024,1055.318927660551,485.5611251719313,506.359053636503,1.0,1.0676461903552528,0.12038437671565136,5,-0.22376995597680951,0.010192859559570139
2023-02-15,1013.0531225111486,512.3932119358407,426.33324830124354,905.5480511844745,956.8700791688035,1083.3882673884016,532.5078483444898,549.7906997361152,1.0,1.2982600600352314,0.529287264941101,9,-0.537492292304989,-0.061741451306994724
2023-02-16,993.5611929417283,512.0068634460538,419.04706115281857,888.0108365825758,952.5980522057934,1062.5443508035553,514.8689061120257,521.2961683802914,1.0,1.2414242039102326,0.36381043140891534,3,-0.10890172194071437,-0.22872611553304212
2023-02-17,1018.0308824085192,518.2153355779581,424.17089075940527,909.8367253657667,982.3098739914329,1088.712931017932,537.9549112745896,546.4283947390065,1.0,1.3566625453250054,0.46564207624786424,1,-0.061478640542639885,-0.21229007989944373
2023-02-18,1003.6610386258835,511.9040286295918,423.34385627533544,896.8548238078789,970.3748296276867,1073.3450047434826,539.1673149962752,546.8618057401823,1.0,1.3823934475503143,0.47068641488628116,3,-0.12702890551458335,-0.23910918608941037
2023-02-19,1003.3452061216577,512.6405815028398,422.89627575667873,896.4035883092374,953.8281389671972,1073.0076527414776,531.0481492788506,545.1665189181145,1.0,1.3144259034370047,0.4078563054528532,3,-0.16052076927210684,-0.26957574778599064
2023-02-20,999.0320233582972,506.72530946015576,425.94874673207875,892.3276334011623,949.6892292923327,1068.3934077722297,543.8287228070876,556.0421149047145,1.0,1.278862305934146,0.5328729681230224,3,-0.20263568066935456,-0.16624492049431025
2023-02-21,969.8972328295126,500.38974312799326,419.30480005825456,866.0236051156222,933.2688708724302,1037.2368896827934,534.9326557878609,538.7835488310128,1.0,1.3598920717412768,0.4701168459563946,5,-0.2682648325968055,-0.26477533696953864
2023-02-22,954.2550599990358,495.11135498956855,417.49534803742995,851.9576607904295,924.4207568422405,1020.5084523562009,528.9778714436256,535.5356114728663,1.0,1.2505252449644098,0.3396973306593586,2,-0.08150497137682827,-0.18920990478220037
2023-02-23,952.4121822708933,495.22213983129905,416.389196348137,850.2692382040713,922.7138144028236,1018.5381480611294,523.6708695932875,531.7588380067332,1.0,1.3083044440801497,0.40772779023150335,1,-0.046113381159734526,-0.08752336437851949
2023-02-24,930.0932391474221,489.0225625329816,411.68791314259835,830.1356845190119,898.1750753711437,994.6703315193071,507.1874312688556,509.36485075704957,1.0,1.1578760360993137,0.26360041596894546,4,-0.18928817964639894,-0.029337670324163116
2023-02-25,918.5495853125892,484.61787949263703,410.80824953587563,819.7068462954485,879.7725491137013,982.325262755564,506.54402568370125,503.38002245969716,1.0,1.1761890189898128,0.0758172440874117,2,-0.11491598290637312,-0.0633611050448419
2023-02-26,928.7285200247466,486.58731010562695,412.89368847342746,828.6401155513103,891.9614741972964,993.2113959119195,515.2781470794537,517.5006021199447,1.0,1.1737538179212255,0.1257763764654851,3,-0.15578433192004837,0.036684894246541006
2023-02-27,927.3294441539912,487.39586585759633,412.18216583354786,827.0454089270154,891.4521993962039,991.7411117767446,513.8490863750121,510.74296671452794,1.0,1.1671176295971266,0.10445763516552721,5,-0.2955299454982048,-0.003417686476568403
2023-02-28,922.8179515008424,487.0873614115393,410.562266608546,823.0031471815937,881.8708973358231,986.9165701319471,506.1807422580698,496.42941677571423,1.0,1.1304358556828744,0.086868231441875,1,-0.008502922179273372,0.05305595035070113
2023-03-01,939.8503913213481,493.0752580670073,412.2517578211683,838.2332707120427,901.1938355928178,1005.1311610784576,516.9085455860524,518.4936988557733,1.0,1.1639746260373118,0.11512573473980313,1,-0.007715109567561594,0.024336569920301757
2023-03-02,934.5451757186561,491.3540335967523,411.2191253782996,833.6753057330951,895.3646916850023,999.4575426913464,513.3479303239903,504.3368976630145,1.0,1.1972337255690368,0.1603474909495665,2,-0.048906218705731565,-0.021692839730151924
2023-03-03,905.6390871838919,483.05151357673117,406.3470757120863,807.4685452530979,869.4163624428213,968.562312215025,488.9619832648901,478.51178469109215,1.0,1.057331478818134,0.022181951958702206,7,-0.3544960474460668,0.096750938307132
2023-03-04,896.1582555292977,480.54991893142534,405.4621633031187,798.8343499015074,860.3264361509885,958.4231768933655,488.80660300452973,464.0044021894264,1.0,1.0054266619457959,-0.03675131090131832,6,-0.16483049997319202,0.003425048571322732
2023-03-05,899.1782161978102,481.84950916832946,405.438741913938,801.4145551449166,867.0104482960984,961.6528227576831,490.6383393132857,466.37402921570975,1.0,0.9590686419248368,0.07125789553016987,3,-0.11517588250377568,0.022274514203334025
2023-03-06,895.9674694758892,479.82737462722423,405.438741913938,798.4618348228754,864.962997393519,958.2189891086645,490.1503139884916,468.9275519222308,1.0,0.8278357134188463,0.056750443908537736,2,-0.08777112037676349,-0.01944567389639944
2023-03-07,886.5975099921302,475.3006150662632,405.438741913938,789.9679333776554,857.8322412284092,948.1983164211772,485.5545598088173,461.2407953692563,1.0,0.768487434925756,-0.043601870623725,3,-0.12904330253151958,-0.008203503095343147
2023-03-08,886.9776357084495,475.991630317513,405.438741913938,790.0575679115284,850.953566640992,948.6049465815906,474.7939296652657,437.5814198106755,1.0,0.8545250768013827,-0.0017558920378539004,6,-0.24049040607878144,-0.039281066611277685
2023-03-09,890.9461312034397,479.4875757537508,405.438741913938,793.5338334007727,855.2977074631708,952.8493064110321,445.31326082984066,416.13396864439204,1.0,0.8841402894677338,-0.07607155687385689,1,-0.04922101440831653,-0.07979603653491042
2023-03-10,885.3800870858311,476.8749144099492,405.438741913938,788.3947510313703,852.1009845213584,946.8966268476034,440.7612757375918,416.41081354052585,1.0,0.8755160125828872,-0.08985901015225137,4,-0.170084062012821,0.002558870196293637
2023-03-11,876.8687892574468,470.04355672650007,405.438741913938,780.7586476671114,849.0937754521004,937.79396489959,447.4798306574014,407.18522474518954,1.0,0.9342796689000672,-0.02221582241207531,1,-0.048060655823147995,0.11582564158119657
2023-03-12,878.939742110235,474.09730706212576,405.4259584737028,782.3869206711915,847.3728288099194,940.0088093422202,481.157954976929,448.82805478700834,1.0,0.8731762516653708,0.016430868292089996,4,-0.20968860288820335,0.049226404340134484
2023-03-13,888.3877710789817,480.46293206589144,406.456960312657,790.548342544872,852.5724916699892,950.1132910515812,527.844252079306,472.42858378054706,1.0,1.1630832059516716,0.2774374391893103,3,-0.24875657013667182,0.03381603828752527
2023-03-14,892.3756509148359,480.84401961363284,408.51741390433233,794.0436837970075,849.4581997437344,954.3782520483425,540.1652501895758,489.1506013971765,1.0,1.2687822102915425,0.201360801399642,1,-0.04964330229572675,-0.0989281439462709
2023-03-15,886.2946308336558,479.23441350504896,403.40870098630495,788.4239838649986,849.2467863773833,947.8747166043479,531.5317976949019,450.5559285772842,1.0,1.171568994096182,0.32946874250751157,4,-0.20741132998867928,0.22615834267202467
2023-03-16,898.3761617816812,483.58208405333625,405.2855574973317,799.1218922260504,853.8110898705289,960.795677853109,546.9035011987268,464.4707494008581,1.0,1.267255151789579,0.259054975728928,1,-0.04977945871343579,0.2953606850962572
2023-03-17,936.5741032481458,495.8410611973335,412.8930151245121,833.0525474046813,894.7956508006588,1001.6481145996721,599.2863450295287,511.1929435364263,1.0,1.255435105771004,0.22294565217996468,2,-0.05736690585499961,0.22627624459769724
2023-03-18,948.4985382136744,505.421605247017,410.17774821541923,843.4763682822988,903.403750238492,1014.4569957421668,588.8474176785542,501.92746121081353,1.0,1.1048867543925638,0.30772405119360635,3,-0.082991403444683,0.29482972539111757
2023-03-19,954.62190952115,506.0939330618887,412.94803543839544,848.8890968685462,908.8036638119627,1021.0091252728041,611.7977386700991,513.8953208590906,1.0,1.075123042255084,0.4203309004710669,3,-0.08645698186823761,0.4137483829996504
2023-03-20,950.9130109561481,505.3722242767408,410.23642229970454,845.5485263994185,906.6495958996502,1017.0425607691647,606.2915874719749,490.8664355709546,1.0,0.9825012989148362,0.35735713427346966,1,-0.04028680809639075,0.22034354803945894
2023-03-21,936.2525252668934,492.5646221485576,413.9912808198831,832.2460729521597,900.3911036350152,1001.363558150485,614.7609058888033,515.8900755530159,1.0,1.2212205428193623,0.3785613343518762,5,-0.24026160440861463,0.3700099919950272
2023-03-22,908.6065656621694,488.8027934947287,405.26767376353405,807.5307313167732,877.674447503771,971.7963998075779,595.9992865638759,495.0595552718833,1.0,1.033126747031294,0.3744881450534933,3,-0.11358166378096123,0.20162725991605318
2023-03-23,938.7516308531636,498.750918010262,410.3829374871477,834.153686072495,904.2264522061615,1004.0356864596127,618.984622825361,520.2605472987709,1.0,1.145661336898298,0.362474116859219,4,-0.19765008190299016,0.0016850582901945
2023-03-24,926.639618538246,500.0048109437324,404.3588970347804,823.2655492192637,890.600951932045,991.0823070200138,600.4878064793577,498.17055691149454,1.0,1.1070763439138374,0.35033351336267715,4,-0.10969051172079261,0.12137408957411222
2023-03-25,923.9544192414991,498.91352225976595,404.33221136585354,820.8129931947583,887.9362638946886,988.2103359273735,600.6716366465446,487.6414944518885,1.0,1.1744796832807205,0.2924827941363574,3,-0.06959449075529275,-0.1328732257019225
2023-03-26,933.233622682866,501.11936229200484,406.2652764101391,828.9919726433441,903.1067809438649,998.1344597468521,611.7671003089011,501.78060785076434,1.0,1.2484970790642893,0.3504064333917638,2,-0.07103143924846342,0.018338370980534115
2023-03-27,936.1099805458201,505.18378137116343,404.6511887004912,831.4826103131111,899.1888695953604,1001.2114769037635,593.3337491396646,482.1074863274535,1.0,1.2409262799261211,0.31693765418909975,2,-0.056160208687390405,-0.042735449223928565
2023-03-28,952.1232647877142,508.7900764919021,408.4493668773871,845.670967439963,915.9106136342214,1018.3379649200234,596.3472508089083,499.75799118722495,1.0,1.1998860583952764,0.2628817304311977,1,-0.04373816792572273,-0.03338476092658061
2023-03-29,958.1173234783539,506.7099825612243,412.8785563327779,850.913455294127,925.6224314606017,1024.7483335161614,620.1751420033339,516.3487279896987,1.0,1.218448378717804,0.279780459944407,2,-0.08981856549006975,-0.03957898999506808
2023-03-30,952.4598024456315,504.7187633409306,410.11519906300697,845.778957994992,920.8517406674488,1018.6974282029162,613.0954921122642,508.6775578558587,1.0,1.2125370455353106,0.28460721169397596,2,-0.10804065044462935,-0.04895873131964784
2023-03-31,952.221113386541,502.35592693764625,412.548473521873,845.3200750572098,920.6610678259874,1018.4418996671941,622.7225028914962,520.7943438586068,1.0,1.1559896436321029,0.4779757382431649,5,-0.24332517853606667,-0.13018524122167052
2023-04-01,944.8508356573132,500.27727548004697,409.59065023026443,838.7205358610183,899.5163958758566,1010.5590755703467,622.4795844562848,521.7297707340487,1.0,1.2266876752746771,0.4022732753818056,1,-0.047317871905698396,0.13042951195131613
2023-04-02,944.3021685493893,501.42296997227834,407.2827199515484,838.1446603577482,896.8993478699595,1009.9725766116437,616.295012403066,510.9935054780458,1.0,1.2332616279573905,0.42628124167641096,2,-0.08152390160935429,1.1063650115668529
2023-04-03,961.6784473497404,512.3125504511665,405.76488916509,853.3629335484073,915.6610378641446,1028.557311998965,608.0861200564192,524.0367725171011,1.0,1.3917070712514574,0.4774119257985247,3,-0.20553617077049144,1.2036820579090688
2023-04-04,954.7586959830215,505.2214725455414,408.7215076459256,847.2344904891769,910.8362225312445,1021.1557350254097,616.1637051407897,527.034323955621,1.0,1.4084094425471398,0.47038493463369946,0,-0.0,3.092901380526073
2023-04-05,940.860778118275,498.01656381992643,409.0008281335291,834.8495646240831,897.097113451036,1006.2910304554632,616.1374436883344,527.760467706222,1.0,1.3489793154195382,0.51088691918899,2,-0.052899318455685754,1.0168126573277003
2023-04-06,925.075939759638,495.7045385532969,402.9076043601262,820.7708254740655,884.1806223715101,989.4087821780175,613.2661915532236,517.68183480255,1.0,1.277531749731139,0.43856010410272017,1,-0.04127608075640775,0.2626719448010498
2023-04-07,917.3055776520125,492.28860843197805,402.18926486797034,813.8938762259097,875.0595832424384,981.0981669612733,610.3752433287714,514.2150556301177,1.0,1.213807679556834,0.5336024955366865,4,-0.12166130907912862,0.1863809487224818
2023-04-08,906.015120538381,487.4769984116141,401.12601147427534,803.7825786779448,870.4257206721998,969.0226266531907,611.123694723747,505.47991108002856,1.0,1.2186657534311387,0.3934334554855018,2,-0.08516665293002276,0.1479483057158502
2023-04-09,904.6899409945495,485.1170895568596,402.7482541345557,802.59509022831,870.5089463497474,967.6055304338435,619.5383017812935,509.937020958865,1.0,1.255468542937735,0.4211800841308987,2,-0.018171985173405722,0.07224539555941498
2023-04-10,920.060093586174,486.2859447737107,409.8345883096592,815.9996232851419,883.5901468282125,984.0234473855329,648.288026856713,526.4753733949874,1.0,1.2987714964599977,0.5312834369229998,6,-0.2919212938126925,0.05434095106260209
2023-04-11,914.2906956026924,483.2534657350015,410.05952650359,810.6950931473124,873.4532731503326,977.7768164568138,660.58714042327,524.0559482435124,1.0,1.2904585704410736,0.5596775373912016,3,-0.15246856207170623,-0.0038798498378662116
2023-04-12,913.9921504032719,483.88749208782593,409.8414489331546,810.6366242136822,869.5105659285172,977.3842060016896,653.8007434179509,520.1604503951178,1.0,1.2633989262326724,0.5402225761492687,3,-0.09337743856599784,-0.11287468130246539
2023-04-13,922.7884142558839,483.1595398704806,416.36632809760806,818.4716979772223,881.7961915365186,987.2317785372177,664.4738353866516,537.3147829939786,1.0,1.290245122573635,0.5360496524057088,3,-0.06286021647175662,-0.0960201572980519
2023-04-14,917.5752743432188,476.2388822068299,421.82095890204647,813.7305068916513,880.4250863222674,981.6220579175618,666.4521981382828,554.0888268849856,1.0,1.2708970682652156,0.5029710255490972,4,-0.2018452210679366,-0.0568660564779602
2023-04-15,911.774768261272,474.69955062437754,420.24714781700476,808.3335107598836,873.8620089449596,975.4182419980231,662.6727374390936,555.9609618069238,1.0,1.2796474666772308,0.5023256653448104,4,-0.24237207996014465,-0.04300523418946355
2023-04-16,925.7334923884524,480.3081580764071,422.0667908077726,820.6985369135955,878.8872596343377,990.349968264944,662.8084216101124,566.8091565991315,1.0,1.3174258680236295,0.54191402049004,1,-0.02094119960561942,0.23557311232675116
2023-04-17,917.6014153045677,480.9356622564516,416.35155559455836,813.3653931558839,869.5215971849198,981.6547701932723,643.8432760286565,556.5272344207098,1.0,1.3459140297557552,0.5879256783707555,2,-0.0852076526970312,0.1799399340954331
2023-04-18,927.5799685039644,479.02350859257746,422.4530134076661,822.1357766747258,878.0076558285672,992.3266623792683,664.541677472161,567.1670669109193,1.0,1.519728534349243,0.7560009137372246,2,-0.10619718982609762,0.025152382922479295
2023-04-19,884.4842111039953,478.9761105379776,400.9582781033803,783.4576642315403,845.7878142489893,946.2319615380654,630.1676246625685,519.3646108869414,1.0,1.047866360880482,0.139395639135357,6,-0.37463076575837573,0.050126980907939225
2023-04-20,882.3941314919088,479.502559586576,399.68374613976204,781.5627429405752,834.9317813253424,943.9949177931979,617.7984805561309,504.03285120019456,1.0,0.9433634487302798,0.05917529789308223,2,-0.04830637179314998,0.026430519895905866
2023-04-21,874.5453366128434,478.0607772933062,398.2310315524273,774.3857570465523,824.8921353403728,935.5975574187793,596.408527531304,477.5845456018656,1.0,0.9323724908612983,0.08157711526274408,6,-0.22425314702880572,-0.07340841744077854
2023-04-22,888.609457165269,485.64009525805966,398.2240315524273,786.72723264413,825.8440135806322,950.6436427184675,608.547883928758,494.617870011219,1.0,0.8163855938456211,-0.040071433313979034,3,-0.11293308689610407,0.12648228330203612
2023-04-23,873.8792047157098,477.8695556928601,398.13310341923585,773.5515818544858,812.135548407635,934.8765362721833,603.4881774223737,480.26339799035946,1.0,0.8087939246906695,-0.06905106118894624,2,-0.10256387351406117,0.5188581484235768
2023-04-24,874.4262659825602,478.1625833085084,398.13310341923585,774.1065200834105,813.2579977859516,935.503212590534,601.770240740924,477.8115216424692,1.0,0.7819746902435525,-0.09155003871181304,1,-0.013958867833157175,0.3312524377878487
2023-04-25,881.6397067798695,481.55114092260374,398.1166572970076,780.4143698274652,818.6050659292008,943.2204648870097,619.0415226390141,495.35574673700216,1.0,0.9407754342189605,-0.09784694474280589,2,-0.08199995574228078,0.4282080929982598
2023-04-26,896.7870274065219,489.818072938587,398.20401983904156,793.7955754037731,830.1871396327097,959.4249124923269,621.4313148124448,486.90476808754494,1.0,0.9833582638571235,-0.006730595588022395,1,-0.04587102403917977,0.49338513008161367
2023-04-27,899.1723503238024,489.9431499008039,399.051879943998,795.7838214084347,830.365406331009,961.9772854943478,644.6967732334531,498.70780193943176,1.0,1.115105943614848,0.10699227125859835,2,-0.11704631552722776,0.6199193457982562
2023-04-28,889.9150548546808,485.4201396036559,398.62109080823143,787.3635368633232,821.8067409028324,952.0733417917614,641.2171307831283,494.0577929987639,1.0,1.0800891293162327,0.06924202149121383,6,-0.22262599375989606,0.42760503572351743
2023-04-29,886.0805342271657,483.6191687981245,398.3819184376482,783.7854411484302,812.6873549561127,947.9712292290949,639.3066101170065,496.98905325564516,1.0,1.0977338177549685,0.07124838017603759,5,-0.17688686391635147,0.15563767949010163
2023-04-30,881.9739272592111,482.43125911337864,397.7192714385755,780.0656048386892,812.7868531055384,943.577007872942,639.5320209172476,487.7728564723684,1.0,1.0867534955277132,0.07767411248747501,4,-0.10405549873855242,0.1256709575157483
2023-05-01,879.3478476787477,483.55907683910107,394.8443103899806,777.6553804931593,808.3946318448383,940.7666983448133,613.9577431345457,475.40153764418545,1.0,0.8931712956274698,0.10032453889722293,2,-0.10291473088136018,0.5003962802721132
2023-05-02,873.393096360553,479.7383499030224,395.19398183618796,772.1251925037841,804.1009675156168,934.3966214150489,627.1344269039832,478.83451048770394,1.0,1.0023010343349124,-0.0764883974992191,5,-0.2454967322304356,0.4419830006883232
2023-05-03,866.8590869557544,475.99505661120673,395.63519499824423,766.0881083753454,806.5842708657244,927.4069315673404,635.054443273622,489.3039083992029,1.0,1.0852109882011702,0.0428379766577885,5,-0.237929437764563,0.2110168271104409
2023-05-04,865.8467174004201,475.9596754071727,395.22681438988144,765.0887726964507,810.5684262479095,926.3230672787921,630.8438570632918,476.8000363981266,1.0,1.0459233694527807,0.031780806108512534,2,-0.11847774801165291,0.20965219075508507
2023-05-05,874.3736959173632,479.62313969226204,396.01044141325457,772.3271687381567,821.0231851909741,935.4459116111772,645.4080209041168,485.8118878554892,1.0,0.9590105162934678,0.24585112832257391,6,-0.2956565718166103,0.01568172382796575
2023-05-06,873.456794958348,481.77510181797214,392.8013464017671,771.3736596434856,824.1147125193912,934.4641278109032,631.1020946791022,462.9408286919328,1.0,1.0245389835403402,0.1592566887359693,3,-0.16573185563199966,0.015284178084228328
2023-05-07,869.3008483635625,480.1781126284539,392.2317501053769,767.6453756701211,817.2312524433279,930.0177007796746,621.945601589694,459.39945336791413,1.0,0.9330322839363456,0.06340769932900335,1,-0.05578634952001179,0.18852482566087725
2023-05-08,886.6848448177884,490.578308749244,391.60885787688045,782.9688797051377,833.3091350335217,948.6140930443111,605.3221021855006,430.58089337081435,1.0,0.8639157390192286,-0.06041698429306987,2,-0.0882321205019633,0.11753330509535799
2023-05-09,883.445922177135,488.7509458498873,391.60885787688045,780.0608793260609,830.2105249518224,945.14845576745,604.236628817349,430.5895305438819,1.0,0.9507237481827432,0.025357732189593897,1,-0.05545744895322722,0.06845244352270462
2023-05-10,875.5461159528282,484.40173908518767,391.60885787688045,772.9832085888318,822.8264014612441,936.6970146138943,603.6391807739914,438.02459489537915,1.0,0.9788684803311944,0.016901644266173976,3,-0.09246859476026702,0.02342753104032411
2023-05-11,881.8793081089132,488.0332627355799,391.60885787688045,778.4686601402054,828.5973953090585,943.4714113711353,589.928514137963,417.6307256573103,1.0,0.8200631654317827,0.12071222482892392,3,-0.15021304961186818,0.06866933701720554
2023-05-12,872.7920674244481,482.6125323906036,391.60885787688045,770.229525530848,823.4966042065834,933.7501580689232,586.1796917999716,426.74721339827715,1.0,0.8571985447213228,0.10353613431731436,4,-0.19427802467712707,-0.00042870603500341775
2023-05-13,873.0711023163008,482.7913201919887,391.60885787688045,770.4882119926075,825.0592605744442,934.0482803625404,585.6894780208063,421.59986085751757,1.0,0.8475276554930322,0.10379669791229504,0,-0.0,0.022654152717330497
2023-05-14,868.8949839345947,480.4206449232837,391.60885787688045,766.7011007321224,821.1164605826467,929.5807425012983,588.735806505619,425.73627040362095,1.0,0.8558536705530528,0.09840046973048674,2,-0.09123853039935999,-0.0031488891636208827
2023-05-15,871.3999620381363,481.7293023867253,391.60885787688045,768.7607150727519,821.3778077558768,932.2607312301848,594.2200731600303,430.1184325521501,1.0,0.9243748078562466,0.014251279718096328,3,-0.14397517324914758,0.013414882452264243
2023-05-16,873.3611533443001,482.86061131446877,391.60885787688045,770.2449590967963,823.9029961386774,934.3587070809064,591.4254169279142,432.63588809072047,1.0,0.8406191450121913,0.11151591587197168,5,-0.23974443302659415,-0.029560805344911567
2023-05-17,878.0344372012614,485.2368195014595,391.60885787688045,774.1517942447907,823.1437280063536,939.3595204351287,599.5445826453387,452.5855823928904,1.0,0.852426496887367,0.14701236614710506,4,-0.17154913970342645,-0.05178698756916297
2023-05-18,868.3619013945088,480.2192013139688,391.60885787688045,765.4565127168134,809.5062033488782,929.0113480311447,586.7092977578197,444.0475764441342,1.0,0.9124419803385041,0.02779563693028527,3,-0.16258808298611271,0.035167032128503944
2023-05-19,871.8200936560697,482.1371298696227,391.59027130055875,768.4792409199315,817.8458595810977,932.7109857224289,588.039878015554,443.60875633961126,1.0,0.9701571351821145,0.09683598094697773,1,-0.03975935750937936,0.010151932109031559
2023-05-20,871.4843599566631,481.9087425656439,391.6307003505822,768.0827255923894,817.2348219159375,932.3518274849146,592.841346906128,445.5508333859816,1.0,1.1369075986401354,0.25798168320161574,2,-0.0984366079467034,-0.017019540343372653
2023-05-21,867.027610693338,480.31408110075097,390.88058323866295,764.025367526691,817.5492032212845,927.5837489202987,585.0351301637955,433.9584231739743,1.0,1.0956482393782607,0.17015252337744285,3,-0.13738198908677335,0.036504584395430834
2023-05-22,863.0357132503825,478.6603964328043,390.42687436388655,760.4564722821692,814.8084188936677,923.3130329292229,587.3855301585432,435.0452338754596,1.0,1.1941874845097957,0.07411383267830496,1,-0.05567278147194524,0.09528172874083403
2023-05-23,865.2440402621395,479.4929511350263,390.82544323223806,762.154049363452,819.1605323622729,925.6756128295527,595.4762459691414,443.5752636481747,1.0,1.2124742938318673,0.06812196419807952,5,-0.2516513767965128,0.10030532304071194
2023-05-24,868.1464091346108,485.1644813361301,387.6095738662089,764.5235511845414,817.9506908886252,928.7806128786333,575.8655063481597,427.41403378869836,1.0,1.1348343067649596,0.04517882894133903,4,-0.20715650215399348,0.3624232157365964
2023-05-25,862.2397349764007,481.8941505806377,387.6095738662089,759.1416956686955,809.1921615659055,922.4614281350398,579.1044188176445,426.80562834290566,1.0,1.0201954581973511,0.15800763307653806,3,-0.16863322291535385,1.2013213762060202
2023-05-26,861.5454259975104,481.6479535841238,387.5815896289188,758.398037409919,808.7714517956445,921.7186151104091,584.0962832385192,428.53128031118973,1.0,1.1045755451673962,0.14733857616336035,3,-0.130344824853986,0.2746719803447001
2023-05-27,848.3736636667687,473.9545918201568,387.83536494688843,746.4990060715788,796.6432771546018,907.6268848422677,587.416168519741,429.01249311728975,1.0,1.0816674471409427,0.18923073158136205,5,-0.29515212855548395,0.43758648046289345
2023-05-28,868.5412461678486,484.1216646591653,388.6662473343582,763.8498360248749,813.5940240664298,929.2029968054359,613.9861930413723,453.9410204269492,1.0,1.4157206359412369,0.5220161292802388,5,-0.45497093830816454,0.9009497981395165
2023-05-29,873.6873168441364,487.72658874611125,388.377323381742,767.9190571675758,822.3427158345614,934.7085030278087,606.6833208044327,449.5309677802328,1.0,1.616414818292083,0.5929502294886196,7,-0.43646088063806787,1.1932311328514302
2023-05-30,918.6138461747119,507.01490817904323,392.82073552912203,807.2697264154854,856.2480356138102,982.7728470049485,605.766358422869,454.9791379280566,1.0,1.4699888102862475,0.5167058480958331,3,-0.1640247604077414,2.5523829992421727
2023-05-31,917.3625142529941,509.0296606525233,392.17643818065864,805.9812235115079,853.9448132569576,981.4341267869644,595.2836619844691,445.35480574623637,1.0,1.1611537008952704,0.2292120667090324,3,-0.18279812161468637,2.1738811115874492
2023-06-01,905.9088427210635,504.8584307342132,390.95217261469764,795.8825567606199,838.8589304361041,969.1804955829789,586.6217595829687,441.1166399131349,1.0,1.1672380224102148,0.21788887092577905,0,-0.0,1.4294313792207944
2023-06-02,909.224209605545,502.8673258280563,393.5788342423388,798.5392406342397,841.9136703786534,972.727406601484,595.8679793015991,453.6418316418997,1.0,1.3817999875567983,0.3794690691649887,4,-0.2315298299387435,4.845486850520027
2023-06-03,883.0893219193488,489.9213858948948,387.0513913385227,775.547068099948,809.9964037401818,944.7671756929461,592.0841416936673,446.19735520895694,1.0,1.3959291272381853,0.36082282741878957,0,-0.0,0.24879079681129856
2023-06-04,887.3775172153555,489.1891653402673,388.80918139128386,779.1631446526211,810.4994409692902,949.3548679364912,593.1236575200223,446.02914133144225,1.0,1.4511284373638902,0.25646951542341223,3,-0.17053904285716304,0.053185204371004366
2023-06-05,885.7974360727701,496.2898017067017,383.3483834529235,777.5377233264123,799.3578511420285,947.6644300217441,562.7544762098603,411.44947760667037,1.0,1.199388111292681,0.10694903930403754,4,-0.26897694882918594,0.011605268417280325
2023-06-06,895.1353296219538,499.25842042566745,385.45125509348645,785.4503349897827,804.319346752441,957.6545119427462,595.7301066762091,429.949626606329,1.0,1.150069876529118,0.21830903864416112,6,-0.2506032954115167,-0.005414532970432044
2023-06-07,890.3420993562455,498.85801463944176,383.4068606859721,781.1180436728446,803.1968366458112,952.5265076873239,576.1303093270838,399.4674968668811,1.0,1.0180082630784721,0.13737041907364692,4,-0.16651610538454614,3.1524068710470066
2023-06-08,891.0348058729835,498.6811338878875,383.93918142349975,781.7256463560499,801.9081509361931,953.2675950385737,579.6318363211213,400.729812040188,1.0,1.0233762543665645,0.13692135069967537,0,-0.0,0.9976846836640758
2023-06-09,913.8970380242862,509.8365019656727,385.32204334954065,801.809010008789,822.3668575858198,977.7266006232277,579.2422914430346,396.52721410133717,1.0,0.9844417525551377,0.1580439086827885,0,-0.0,0.42806126887341756
2023-06-10,912.3190818550788,512.1866222288045,379.3890214530948,800.18798715154,821.7929318282726,976.0384368286874,565.2033566513152,346.2972251511831,1.0,0.9471765510644772,0.18120814595486287,7,-0.3023992759567577,0.04563842651007306
2023-06-11,916.3086671520101,512.8411607441496,380.5223703990591,803.6388858591345,828.8653025716611,980.3066678173695,567.026339142586,353.5953110412319,1.0,1.029530699336714,0.26535943053816613,1,-0.05164825078158577,-0.0070478204635157915
2023-06-12,960.9966586478236,537.4486106704219,380.8120220384652,842.7100582949964,840.9198934439088,1028.1158149935793,566.6958825325237,366.40866487308267,1.0,0.9805602064395164,0.24970655302210096,3,-0.1282111922901455,0.6868709872137534
2023-06-13,939.9363898139484,528.7311996953264,379.993800840098,824.1814729353056,827.8714526968536,1005.5846279345388,567.2036039466592,365.0780017204389,1.0,0.9169315112886117,0.1617374483723144,1,-0.04644821796812824,0.5758320626784337
2023-06-14,941.6704585739061,533.6231465922908,374.397846027583,825.5277128935819,831.213616477019,1007.439809914513,549.6500114346748,353.8582772331251,1.0,0.8857181334919556,0.022592221662446503,4,-0.18506163994341412,0.47127087233791765
2023-06-15,939.4347042568445,533.1694635655147,374.397846027583,823.5669832748373,828.8395263446779,1004.4242357688927,559.9401238884025,355.74960965424907,0.0,0.8864784929739289,0.019575640211921,0,-0.0,0.648637642893346
2023-06-16,931.7365942295834,528.8941940035664,374.397846027583,816.7558256935989,822.4342652480698,1004.4242357688927,576.3513432185823,360.53726310859065,0.0,0.8278037009272985,-0.05903806821803619,1,-0.045828120765024655,0.27693852795989465
2023-06-17,919.6579103318501,521.6610040862313,374.397846027583,806.1057343216113,812.2848188661069,1004.4242357688927,580.1351808265141,365.76261112033046,0.0,0.9120765431073274,-0.003602582875043591,1,-0.044751287365481694,0.2016931390419262
2023-06-18,906.8484120115577,515.2324169630552,374.397846027583,794.8225730840762,803.0303834436049,1004.4242357688927,576.213470593192,356.19405810431965,0.0,0.9271523856010134,0.014329679808169855,2,-0.054297957458491225,0.3949170821773646
2023-06-19,901.4789112888424,512.2031032146944,374.3719283343542,789.9414162058689,798.2831725582595,1004.3547044949005,587.1294809971042,361.7577372064717,0.0,0.9936987156198431,0.12049294875671607,5,-0.1528190201678441,0.14405260136657083
2023-06-20,898.065286260319,508.8972721182392,375.75974017105864,786.6233154761618,792.4075416856004,1007.4957376960886,619.1268723594936,375.9862325937401,1.0,1.0065391223229994,0.26096676133895264,5,-0.27165588378601735,0.1222627420254224
2023-06-21,912.4530816555999,511.0967207562648,380.32480689764486,798.9647321416375,794.5667838661263,1022.8588299361702,656.284639129346,392.1522856397194,1.0,1.1304859211966942,0.5110514517964388,5,-0.25146514424510014,0.0023225789464546703
2023-06-22,903.2384627882861,507.42016951638885,379.1839872622164,790.8060920588166,801.3278694238227,1012.9049919710608,653.8007434179506,386.8747404138449,1.0,1.1951524225252093,0.5765211442109593,3,-0.09112896103366389,-0.10477321497716988
2023-06-23,914.8979081020008,509.7905577678882,381.86949118194735,800.8084597083201,808.0366156802252,1025.8225197083052,671.2733631181981,398.2525102758915,1.0,1.2197443454837806,0.5465653600486963,4,-0.20060183677772173,0.07782347068258208
2023-06-24,904.5993813722591,506.37130925291183,380.7090576127718,791.5327941366261,794.7961067080465,1014.4397730134665,668.0081891962581,393.4144117121846,1.0,1.2225375672085133,0.4669507620529636,6,-0.26449293602599727,-0.07227612901276978
2023-06-25,891.8895934492198,498.74343294522293,381.14111418403724,780.3642609043795,788.3839138665047,1000.4001766800342,666.5594324024751,394.63035903812266,1.0,1.1734922361532472,0.3961599290124096,1,-0.03951943410423853,-0.05415046689560206
2023-06-26,902.55201857096,506.93058020135703,379.4859907896858,789.7030228184188,802.5441280446273,1012.4336780893196,662.2284812017248,391.08374118999956,1.0,1.1594508090313755,0.4145219992291106,1,-0.007,-0.12732399681368586
2023-06-27,908.1307376844229,507.48478036868295,381.1314340371454,794.5046294925634,807.4705739323986,1018.6439001610372,671.4878316465829,396.8521135089127,1.0,1.245624033085904,0.322528022400976,2,-0.06074047787494435,0.09740458082438243
2023-06-28,905.8531426331397,510.7822924896368,377.42242409415866,792.4102361414065,800.8826816820192,1015.991493942706,657.9872566301968,377.7985804130372,1.0,1.1541499121597345,0.27530725952969876,2,-0.11489737699121282,0.0345601878443395
2023-06-29,913.7328318531092,509.4227834034264,382.0303154895323,799.1099259094265,801.3975899834413,1025.098546021918,666.1633221612747,383.66676975235634,1.0,1.1656324262928284,0.4871693280704099,4,-0.19107234526526284,0.17513423540691953
2023-06-30,957.6745282614328,523.2882585173264,390.59318945744417,837.5420199324504,829.3461115522477,1074.7221547152792,666.6075783986431,402.3783110820904,1.0,1.1777739131409608,0.5101148850696355,0,-0.0,0.5602742198771391
2023-07-01,948.9706453466126,520.3839519001615,388.78355535638394,829.8385691496649,823.3080205316214,1065.8519074409116,669.0892856556671,408.1704474472674,1.0,1.1927380848783766,0.5030748381166616,2,-0.09092353222329369,0.20562959694959632
2023-07-02,958.6713225654487,524.1330073728872,390.5819311732923,838.0592138110948,831.5390576334855,1076.4315916107917,669.9449713148352,407.76722008672914,1.0,1.5834163809785176,0.7461270368880498,3,-0.267770422103943,0.023003797389599977
2023-07-03,951.9460429987348,516.5853861286948,393.0025419608138,832.0274022679482,826.2744301524317,1068.2905744524655,681.681652107975,409.5642436154233,1.0,1.7091695809276446,0.799548386124524,3,-0.12485240433346426,0.07387940403562508
2023-07-04,935.9102571687276,514.914792677825,387.6254933324089,817.7961457599367,811.3927593422552,1050.8226213477276,673.0832148832415,401.2069554282659,1.0,1.6535416181580047,0.9111839418199246,5,-0.21229379908494406,-0.008563635117364
2023-07-05,930.2457931505868,516.6244970623238,384.29819249656384,812.5312829786991,810.5305409122328,1045.0751328929205,667.2247225313424,393.8069389342361,1.0,1.3756409093975654,0.6515125164164774,5,-0.3281023343381008,-0.03564214724357183
2023-07-06,906.970377974243,511.8033346906267,376.9464513088251,791.9760739581917,788.9306404111837,1019.4267512026196,653.7876126917233,382.40440210245424,1.0,1.1227824913772224,0.3951392297347065,4,-0.22830323837973332,0.6483052602892627
2023-07-07,908.6515584333246,510.2087046925309,378.62666250354147,793.218839016846,789.8816866905229,1020.8764851826096,663.7122532654485,390.28121334496996,1.0,1.347615443253306,0.46354537407089824,4,-0.21073588570579743,0.502271793142512
2023-07-08,900.292255697758,506.0866622213443,378.5921742536913,785.7836994256634,780.9099404714121,1011.4214940560784,662.4298190038821,392.32180532563666,1.0,1.3082159802788855,0.42483999805707023,3,-0.11713038339346302,0.5538997528893348
2023-07-09,894.6115717608265,506.6025880735002,376.25744101773256,780.717860597724,775.1399050383915,1005.1298783099645,659.7708469427849,393.14492266261806,1.0,1.2583289408192602,0.3097350801168754,4,-0.10776127658819948,0.4836783566009749
2023-07-10,897.4014858379909,505.41365462482685,377.7275708259472,783.0672804992435,778.1230261449854,1007.6459367005397,665.2222867816272,398.38349517114966,1.0,1.2946249757865913,0.3432814850547318,4,-0.09259261966595432,0.45202198826860995
2023-07-11,904.4623533207669,506.2098426456105,380.0383298735358,788.9864363898449,783.9602275519834,1015.7183163554361,669.8508677768706,401.6528423340149,1.0,1.3375184098835635,0.40362804890060555,5,-0.2486410015746731,0.39463329840587025
2023-07-12,914.6055580358629,513.9654704921708,379.69174714733055,797.7463284625799,791.7591819196078,1026.9051754170848,664.6095195576706,397.980625041741,1.0,1.3162779448997937,0.5200455214006319,3,-0.10647538440374901,-0.024130626815321042
2023-07-13,941.717836981606,510.8694104798422,391.54733233571824,821.088571577521,796.8510178317831,1057.8964322394058,688.0872580526925,441.7943630465075,1.0,1.6701799037228047,0.7985116585481202,8,-0.46282386893760485,0.261380527102144
2023-07-14,916.173275288672,508.0750898447958,379.92128669579347,798.4254267915828,784.7555322835159,1028.8259177905136,662.9550480529879,425.7465182991263,1.0,1.2932180386015364,0.5241285934169116,6,-0.3904661651408897,-0.13836749036209567
2023-07-15,924.1968029587968,512.0122328683237,380.6456005462567,805.3767140512857,791.2024835559245,1037.444882320443,662.5851992642428,430.1656570039951,0.0,1.1937693543737136,0.42645596074458014,2,-0.06591742749595025,-0.014933887669063554
2023-07-16,932.0648530268403,516.6929773261796,380.76446112302114,812.1675799669327,798.373882171749,1036.4776717358307,661.2808804589637,424.19688911480205,1.0,1.183859633273811,0.5555367885158693,2,-0.08140944101682718,0.5815813454872462
2023-07-17,918.8108760498578,512.4348754086236,378.3826733753479,800.446185091871,784.4291345597046,1022.7700785296266,659.2959523442186,426.5681445629456,0.0,1.0951254957004573,0.44802716010953064,4,-0.15032389805675625,0.14411286524867487
2023-07-18,898.3028529763714,504.8603279087462,375.8268813735131,782.4130668500108,768.3423340813558,1015.494939923879,653.1573378327965,419.9793954019288,1.0,0.8821233298933568,0.2181322047765034,4,-0.1366678016193858,0.09237372661898503
2023-07-19,909.6955771486355,508.1098374931809,377.86974398120867,792.2378987532876,778.1301456548176,1026.7681734012604,654.249376564062,425.7674222513191,1.0,0.8672095109439698,0.23054544854125372,3,-0.09847226115058827,0.1188272342669395
2023-07-20,910.4524582239325,512.224711222729,375.8323311407812,792.7127804828561,779.7413378343269,1033.0426825223462,651.9624417460813,430.7789112746846,1.0,0.8868026430056466,0.20503648240681777,4,-0.1732397707766493,0.015125858710291231
2023-07-21,899.2210991207539,505.99192136888075,375.51117711307984,782.8625270142046,772.1863660510487,1018.8484388533346,654.1596499348399,431.84677287765385,1.0,0.9291038471493668,0.15622811882961907,2,-0.056306300657300565,0.1880168332141982
2023-07-22,894.6091956489644,505.88888567268435,373.1125034472775,778.848417022586,767.6547224956356,1015.4298105528959,651.7983076682358,425.7300130021,1.0,0.9147824448411015,0.15180937965100652,0,-0.0,0.06165023419302985
2023-07-23,893.6384336248946,504.66449621506945,373.55657110360653,777.9169252569632,766.8115552749555,1013.8867235267159,658.0857370769045,429.33881240132916,1.0,0.9748402494634067,0.2852059581992821,3,-0.08401713943534257,0.07680129885936651
2023-07-24,872.0866089249257,497.4879620149338,369.1707377333655,758.8871473543629,751.1652301074317,993.4840956870122,638.236455929454,411.72546436388836,1.0,0.9170888147374684,0.10725733480028835,6,-0.2457274025168067,-0.04151702975454856
2023-07-25,876.9640556199191,500.2228118501495,369.2518503178078,763.0547149302732,749.9875238739764,1000.4991311356561,639.3853944743726,412.35632421328,1.0,0.7907505824585201,0.11479682484569505,2,-0.07551068582122464,-0.0372495635784839
2023-07-26,888.0224286578112,504.5520576319162,370.6873516425355,772.5659512769766,766.3086651541341,1011.1465548351015,642.004974356787,423.0283965590941,0.0,0.8359313417040632,0.1678002826453757,3,-0.12197024360492553,-0.03897414499254653
2023-07-27,888.780785442264,505.19441409126904,370.5301615364295,773.0213316244268,767.7195101458454,1010.7518797528497,639.2409564858685,422.635647704173,0.0,0.9189243256917411,0.11454077191949899,6,-0.20444613949462326,-0.012686906678468272
2023-07-28,882.7375424470212,502.41770905436175,370.1162953396959,767.5674643989762,762.8445079556241,1008.9414860797797,641.2149423287573,423.78092725556706,1.0,0.9824287471477053,0.10532331874234771,6,-0.16936471712815054,0.013765870373020123
2023-07-29,895.9892045135192,509.36063045704236,370.56720384888956,779.0198283123282,766.761378341448,1023.6419953761725,642.0728164422964,433.821656906323,1.0,0.8658936061098507,0.10398639744308778,2,-0.07989035256444593,1.6300558209870164
2023-07-30,880.3930699926328,502.182706847248,369.20651175299486,765.2541284215969,759.9631634750967,1006.2525246901944,640.5846674698304,428.3927702004183,1.0,0.8869255934200425,0.11355212345735892,6,-0.19536340921954576,0.06408668605307642
2023-07-31,874.7949818377186,500.1176665116129,368.35843622373403,760.3266694243673,753.6491447924205,1000.1003980736181,639.4838749210799,419.71698416613066,1.0,0.8986201939804231,0.013691214658929677,3,-0.05767009855965181,0.0672235543405957
2023-08-01,878.1790981454518,501.6949457145975,368.6155253701031,763.0367792455145,756.8993678250513,1003.8659280374414,649.9972097206776,425.5666906908284,1.0,0.8432711135772226,0.1764022494548612,5,-0.2323897569620194,-0.04907018307059872
2023-08-02,871.509868119427,499.9321679125155,366.4780131732425,757.0332230895169,755.669850304524,997.710461206863,638.374328554844,411.9374847679265,1.0,0.7834365306552289,-0.03292743363206007,6,-0.19418529420042446,0.40951648401231777
2023-08-03,878.4252800398821,503.9220034886975,366.4780131732425,762.8419114107854,758.90683361538,1006.0639547170298,638.5953624463427,408.50977591627577,0.0,0.6726008260794023,0.07596814572412863,5,-0.19765265701629137,0.2712339244224845
2023-08-04,883.3259105162275,506.7085343537309,366.4780131732425,767.002512342132,762.141435927678,1005.4858413336802,636.8642950386653,410.3087052499821,1.0,0.7172234957384832,0.03963677808822805,2,-0.10253881444988588,1.9060926997673189
2023-08-05,878.1759470597887,503.7814829064593,366.4780131732425,762.4879449094032,756.152097391001,998.935208122135,635.9145058415327,409.28032804705987,1.0,0.7765748010033531,0.09199213747629846,1,-0.035972326206832037,0.5019569525105464
2023-08-06,875.6598682941612,502.34929944267407,366.4780131732425,760.2501213469382,756.8396484218043,996.4915478752954,636.3128045371044,406.007258740178,1.0,0.8516408621720067,0.00711280874372808,1,-0.05020237703499147,0.3733234154165197
2023-08-07,875.9131742510135,502.46410553519513,366.4780131732425,760.4451630130673,761.0128574672975,996.9804584774106,639.0877646798792,407.31259501720353,1.0,0.8002471250278961,-0.046524735416906604,1,-0.03307723615779347,0.013218529822242253
2023-08-08,863.0101991232953,495.23559087700636,366.3675791002243,748.8398602865898,751.2446412426812,982.3560294985733,651.2621363472736,409.892276028914,1.0,1.156096480071034,0.46290793158410654,6,-0.39457880560795083,0.02025554596971152
2023-08-09,854.2483025621059,490.8189830157024,365.93744843470887,741.053776360886,746.1856504207904,971.3437384195598,647.1872343079624,409.14387439586835,1.0,1.0175693957139154,0.312695652232589,4,-0.1695085040179184,0.04006601032003047
2023-08-10,860.7774498234032,494.4426385669876,366.0121602003018,746.6164658695616,751.1712102555374,979.5749914040522,644.3619397146483,407.7250212807896,1.0,1.0520521438339763,0.19350822542545879,3,-0.11352123073622646,0.06340408871801573
2023-08-11,869.8941746447925,499.78784745890204,365.90383745237386,754.3871617434837,758.3048283966876,990.7921772807077,643.7447955819491,410.0887632411567,1.0,1.1595825461387552,0.19166920314607522,5,-0.15590916888527814,0.2642568249187714
2023-08-12,869.8679807973044,498.9979898562434,366.563476536945,754.2455075277653,758.0748247509974,990.4715582468027,643.8585952092553,408.6235470489675,1.0,1.2084377544494382,0.24481913461910532,2,-0.11098358254622503,-0.03183955221409568
2023-08-13,864.8205223138901,498.3249364287588,364.0049108156401,749.7195253377557,754.6717133013987,984.7004287449266,641.0705043402528,404.01254279525523,1.0,0.9519020557455165,0.12509420103154292,3,-0.14995267372296003,-0.05478461798256817
2023-08-14,866.5540459032169,497.76314604844987,365.4112761983006,751.1839560415352,756.1742899990176,986.6777613967841,643.8323337567999,406.20676992384927,1.0,1.0299494570850616,0.05716226155065784,1,-0.042293755251096875,0.00601024070528213
2023-08-15,871.1998983687856,502.6536788787534,361.86410457016785,754.9898454591071,756.4525624749384,991.6939096234717,638.7835695222719,391.00822770799243,1.0,0.7840056285772595,0.15139386875037278,5,-0.21842505039020274,-0.0010720240088818393
2023-08-16,860.5088591614368,498.3579779466685,360.7905978907327,745.5417631489285,746.3995914503813,978.861409128122,628.4015419849507,372.9845575469784,1.0,0.7593799452387542,0.06182591271507311,4,-0.14640080551153953,-0.03590448576196245
2023-08-17,867.948889951557,505.72617170498705,360.7905978907327,751.8618977901724,751.4096233909831,986.1997584813938,582.3411428327578,339.2032141608182,0.0,0.8917277224920221,0.012323569945658457,5,-0.12436719159475308,1.0093798720462894
2023-08-18,884.6198546315075,515.4597778312861,360.7905978907327,766.1717258563584,765.9243540778482,986.1997584813938,569.9194758214095,347.64721093464243,0.0,1.0064854002086692,-0.024863366211592953,3,-0.132908497252308,1.2191725081258322
2023-08-19,901.9661225483711,525.3162445970821,360.7905978907327,781.0256590325275,782.2285857483076,986.1997584813938,570.9305417409379,355.19155943591636,0.0,1.016158309034955,-0.021635851100314272,5,-0.18058017939267557,2.7580398546928855
2023-08-20,895.0890404193906,521.5041656763458,360.7905978907327,774.924166581185,772.3079013404441,986.1997584813938,572.8476277701735,354.8452710751933,0.0,0.9468480429676555,0.03470541709724678,3,-0.1428389941877584,1.489742193791426
2023-08-21,921.4693102700609,537.1993849929854,360.7905978907327,797.533178914127,801.7235954755195,986.1997584813938,571.5236128755531,356.47947387956674,0.0,0.8710925903230262,0.007283694587370262,5,-0.2547477197668644,2.876859430324286
2023-08-22,906.9502975160308,528.5291011919196,360.7905978907327,784.847006147832,787.2737509856111,986.1997584813938,569.9698102719489,350.0791639967753,0.0,0.8539178163780864,-0.012060074570081921,2,-0.11044098059571872,3.159129772253779
2023-08-23,901.0882074944883,525.245471918941,360.7905978907327,779.7023110532655,784.1719925402696,986.1997584813938,578.1721372554819,356.32638877853407,0.0,0.9047313308206099,0.021829257975596462,2,-0.06359238268320143,2.418362248145107
2023-08-24,885.3063961878372,515.5336430428736,360.7905978907327,766.0261973105246,771.8620473012405,986.1997584813938,572.6003324262197,346.85274670736015,0.0,0.8916754709512528,0.0034385273833830213,0,-0.0,0.8441253475379126
2023-08-25,872.5590020442198,508.16490988076515,360.7905978907327,754.8193148190937,761.2928125808304,986.1997584813938,570.1295674410519,340.6680882305459,0.0,0.8934070284533954,-0.028213445173926016,4,-0.1677693583929485,4.7997184525804535
2023-08-26,872.5836237334357,508.61891535648147,360.7905978907327,754.8041614521236,759.3533490483841,986.1997584813938,569.0922400690683,338.19333513052226,0.0,0.829624917575617,-0.08757160255624566,1,-0.03430663519035889,2.845100210519235
2023-08-27,874.0729695305708,509.5903789937645,360.7905978907327,756.0954940622858,761.7468972030465,986.1997584813938,570.9174110147104,342.53301008625886,0.0,0.8365407244597475,-0.08687870369122817,0,-0.0,1.0141260268204446
2023-08-28,861.5023745567244,501.95950181216824,360.7905978907327,745.090042173639,751.4493778068156,986.1997584813938,571.3288404365098,341.204022389922,0.0,0.810211079831321,-0.07634803487456326,3,-0.12147351153244043,1.1553244281790946
2023-08-29,864.0624086488712,504.21230810033074,360.7905978907327,746.8623028810731,754.1702306782678,985.5881793872865,606.2040492971239,359.6789690374375,1.0,0.7745559629250848,0.12377336948922081,9,-0.4451241750323271,1.0579519134531785
2023-08-30,859.3335947127457,501.6455598668323,360.7905978907327,742.5227825469112,754.3487623610106,982.2834008375745,597.2379517380165,350.5621635600625,1.0,0.8190773606589202,0.17220669930614213,5,-0.2514482824623846,0.7674531753005939
2023-08-31,851.4529640890825,498.57370529358064,360.7905978907327,735.5150450675203,752.4769209913698,978.4986361355676,567.4224493837867,340.2370865560993,0.0,0.8186039683669437,0.09140676030844166,5,-0.19586607165767678,0.3822292172975097
2023-09-01,871.5984170352556,510.1598755996237,360.7905978907327,752.8058845965567,763.9855318785803,978.4986361355676,564.5249357962206,342.0960053364313,0.0,0.809681849016383,0.11210028246581287,2,-0.13331435379574647,1.4437091832446947
2023-09-02,854.6604795726032,500.2288863214129,360.7905978907327,738.0723705335596,747.3276904367759,978.4986361355676,565.8423853277272,339.2685964132073,0.0,0.8299817532491129,-0.05323218231591483,2,-0.08830567848660517,0.2012701624788603
2023-09-03,872.1674702690251,510.324859107631,360.7781041159519,753.2042433302684,762.5445341845649,977.906147337758,568.1687123243909,343.99658241412607,1.0,0.830031524912745,-0.03288429622339169,0,-0.0,0.6921616783386599
2023-09-04,870.3921572465654,509.23635001454807,361.55516265957704,751.561780346438,761.3287332794896,978.1160236854457,564.9276114005348,342.82524743710246,0.0,0.8086091086544085,-0.014160068150999659,2,-0.11444598596979913,2.2515582090924706
2023-09-05,873.8468101713312,511.1289398796059,363.6492167940638,754.4093994905073,763.7042324835962,984.3372278827169,564.1769715511881,344.4371821085075,0.0,0.8478311410404409,-0.02698583363396045,4,-0.15200454672974667,3.0073111860846455
2023-09-06,889.795122136379,521.7552656081476,363.04213538412085,768.0215155730202,780.0415638482583,982.5336558769014,563.4701007892668,349.8462840066477,0.0,0.8496581566562978,0.02920121130827291,4,-0.1791329120327128,2.271382558536277
2023-09-07,889.6714977344141,522.8772778982784,362.42381159907376,767.746316868048,778.2616780019929,980.6966840128716,574.2657462027587,353.61151002454636,0.0,0.8681462821305669,0.14739353366390473,4,-0.1757769465567629,4.011175802534385
2023-09-08,877.1950852447469,516.7753864553151,361.9121276210023,756.8340796495141,769.3541276907226,978.6428514980367,566.8053052510875,345.45015627234335,1.0,0.7860152678787621,0.07354783957038268,3,-0.1356987464206518,3.7239632778223877
2023-09-09,867.8447266253994,512.1908791479034,361.4591530160007,748.6211615363743,760.8172750108863,967.2892706300534,566.6477365363558,341.5584389387771,0.0,0.84290008158682,-0.005932694172459889,3,-0.1367088305121372,1.3637218920397918
2023-09-10,896.0925945145268,524.371118888346,363.6703358405831,773.0133854120959,779.2710692767756,970.7510166041429,565.2427488299982,336.29867624934695,0.0,0.8151423891503625,0.02411361967383829,0,-0.0,1.4911745202105713
2023-09-11,918.8590004048538,534.4352457708089,365.37489342552016,792.6685656211512,796.4067660271454,976.7357677546753,550.4050281927641,327.2150259705786,0.0,0.7759104236563528,0.03670849557947561,0,-0.0,10.64451035247026
2023-09-12,922.0473861537498,533.0442376602332,366.850235652469,795.3939310704606,796.7303125133601,981.3833507631238,565.1858490163451,331.7657744812338,1.0,0.8342695040172593,-0.019579806952909166,1,-0.035030484432738644,4.963308420550047
2023-09-13,933.757645807714,539.0723796304666,367.1304276839554,805.4760248807925,806.7518911176929,998.1232286398372,573.5917022564066,340.38771490805533,1.0,0.7861604447682456,0.05315791398015855,1,-0.040762317033063156,2.2927850103150624
2023-09-14,942.4940879967812,539.1754078934712,369.4680571640733,812.9072500344373,809.8240314038843,1009.2064321217119,580.1658191877121,345.907307835638,1.0,0.7571907541483965,0.14139548465692472,3,-0.12670689491429005,1.5907804884562815
2023-09-15,955.0668787589102,544.5773910663368,370.3743726708966,823.7360731871611,815.397413473174,1024.3185379875533,581.934090319701,352.90364076406155,1.0,0.8270583882459583,0.21348447446694374,1,-0.04213099997480948,2.1745222492211846
2023-09-16,939.7446241558813,539.220447585876,368.68572686165913,810.4827639137933,809.5468543064128,1005.9062557603665,580.9667934875982,349.6536140518054,1.0,0.8870569812154584,0.13576491304258215,1,-0.04161952537356609,1.5705036148374871
2023-09-17,941.7166604488422,536.9682552337297,370.326114655454,811.9610106645395,808.1633691735165,1006.7688561814351,580.2511689081917,343.2586339423144,0.0,0.8237662782887396,0.07421387058288252,5,-0.214573037203141,3.354792970929501
2023-09-18,971.976657186729,545.1920738696001,374.8387022007937,838.0529918067498,825.1754424584142,1023.6734146212902,585.4093558612833,351.4907977618026,0.0,0.7781920709172723,0.15591807679630365,1,-0.04014345680537169,5.98764291577728
2023-09-19,1020.9037488674358,563.528567640786,379.6117656854422,880.1632427688409,859.076329086338,1041.5848362819129,595.1720508115343,364.7646405567101,0.0,0.9696485922465163,0.3654845934109249,3,-0.12653617832193623,8.243736403317284
2023-09-20,1001.5224081673512,554.7528800546386,378.7902457112759,863.1984650967815,842.9545945553976,1038.4923417647408,593.2396456016999,360.2433729071391,0.0,0.9392587315938565,0.3065855867127646,7,-0.23057281879822003,2.613398882690151
2023-09-21,986.873675719069,552.3499977144603,375.0084546776439,850.3294950645538,829.6824309417684,1025.9434035988334,581.0915353867608,350.5259958414287,0.0,0.6808350343005107,0.10796690539674664,5,-0.22241077969117504,0.7565160556035753
2023-09-22,1008.89203652826,565.0655873740533,375.0084546776439,869.5683415571436,848.4555872836027,1025.9434035988334,581.4001074531105,358.7579036695582,0.0,0.6136830015354442,0.048993858149625986,2,-0.05528003591434236,0.22234442642090466
2023-09-23,987.093992298284,553.0021108421166,375.0084546776439,850.9187866227542,832.6738948611695,1025.9434035988334,581.3213230957447,352.05390869468886,0.0,0.7001303616449632,-0.012418680505841976,3,-0.09457780706881364,0.5070782286376739
2023-09-24,982.361876586192,550.4054232918701,375.0084546776439,846.81853605118,829.3190774749744,1025.9434035988334,574.0841044899433,344.3949945234744,0.0,0.68899564292263,-0.017555083092787003,0,-0.0,0.25492373897636444
2023-09-25,993.1116769451731,556.3938141021587,375.0084546776439,855.9461662203032,838.190950303432,1025.9434035988334,575.3555964796532,350.9808170664092,0.0,0.6955314456137571,-0.05566487331771416,5,-0.15843743951539976,0.13791310013171357
2023-09-26,996.4228158429555,558.0671231462125,375.0084546776439,858.802988012883,839.3681942891686,1025.9434035988334,573.5676292583228,352.0189729042253,0.0,0.697994858376041,-0.05238333395827119,0,-0.0,0.22565233622908318
2023-09-27,1002.0226191884373,561.1108671019524,375.0084546776439,863.6000962863552,844.1003166416373,1025.9434035988334,576.8678184502031,352.46350753364163,0.0,0.6497245328504386,-0.09338268629547207,1,-0.03273339936681175,0.24615243210193816
2023-09-28,988.23834689626,553.3185999583893,374.9907563388627,851.455893442077,832.7358334437771,1025.900330130963,591.1409178596488,358.0246595887388,0.0,0.6821756773692006,0.05240996950090512,6,-0.26303959567375385,0.055900916063554365
2023-09-29,989.1338572553578,553.808016503872,374.98739511125507,852.1498519665994,833.109049409289,1025.803917533649,588.4950765247792,360.96808684613177,0.0,0.717602963603738,0.08593794763320708,3,-0.07873799680912295,0.03506433941302123
2023-09-30,988.2018016225802,551.885105628331,375.88604353762986,851.2171493624303,830.1548209981156,1028.3343550887932,589.8081491475432,361.72626153318765,0.0,0.8003766501184798,0.16418790769660402,4,-0.12947288498001905,0.018053643148942006
2023-10-01,1001.0388822363626,551.6500464766333,380.99049697531865,861.8163881563875,832.5249084141049,1041.783850216545,612.3601714435164,380.38373777490324,0.0,1.2169429814615575,0.5562281500451556,7,-0.4587747532287218,2.6141302878002945
2023-10-02,988.8529282371287,552.459958607248,376.2100973374,851.0166748217921,835.4352400398172,1028.7111471654441,601.3347383210406,368.4930389911792,0.0,0.8968571018735534,0.23507513329319102,4,-0.3056740582990206,0.16778204737193592
2023-10-03,971.3717873576436,542.0231471674861,376.5449909661939,835.8749426714193,820.844605028565,1029.6175009917008,599.8991122534852,358.41750265622045,0.0,0.8304490914807602,0.30319805772582176,2,-0.07668350016028692,0.10115428907336538
2023-10-04,967.7083034231308,541.6625313322315,375.81222789341695,832.5645384098194,818.7770409541313,1027.4230415760542,607.5105565567744,355.0827986136684,0.0,0.9245251243014231,0.39682749095427255,4,-0.15798745025840924,0.048117801112067045
2023-10-05,966.2945606210468,543.322496377801,374.4414116895612,831.1392709008466,818.8452763494998,1023.6687813513947,599.6014824589921,352.4779654205001,0.0,0.756635814319163,0.2371598604078395,6,-0.21636095319108448,0.15048690411765914
2023-10-06,964.2202699814683,541.1061509969443,375.69176376891363,829.0989676951116,826.9806327025599,1026.9373987246042,610.9354876478175,358.81002567525604,0.0,0.9205677392835102,0.3651953764126193,4,-0.2492280564279945,0.039493023511656906
2023-10-07,961.4344777099363,540.2794996459313,375.5468819886024,826.5577439097673,828.0974614358618,1026.5409792367639,611.5198049649474,355.649842936052,0.0,0.8735848279467131,0.3158373402339431,3,-0.14450253589735648,0.057767433799497926
2023-10-08,960.0005941348909,539.7451814859339,375.13984979114116,825.2933795554278,826.6952866433877,1025.4140590494262,610.6050310377551,352.8061078925931,0.0,0.9175917018633089,0.36310029034093866,1,-0.03242845777963355,0.005326930617582076
2023-10-09,960.9293685383359,545.0725475418185,371.8252283036945,826.0450518916529,829.5642741022274,1017.1796312039514,603.538511872913,342.8711173855309,0.0,0.8136437501574331,0.2818367322281919,1,-0.05511072025857861,0.0055860812135563875
2023-10-10,949.8163126432804,538.2801119333129,371.50976645919104,816.4397679431023,818.3626976952436,1016.316652930298,599.225068307133,338.83266984700316,0.0,0.882407103013416,0.2064105222912802,1,-0.04438399064553058,0.2987391308706755
2023-10-11,944.1300096298651,536.710294408674,370.50444350607694,811.4348183841084,813.6264740766436,1013.5664887451231,587.917324570763,335.8081160810614,0.0,0.7022126131560292,0.022402446448587972,1,-0.11847731218714903,0.08013036651269098
2023-10-12,941.4251245144562,536.0492857579687,369.9469532368861,809.0297366484597,810.6686127344924,1012.0414168593546,585.2802370533784,331.2429954791541,0.0,0.669852224579106,-0.0008316360947345998,2,-0.07627887749208619,0.041695963112253376
2023-10-13,943.8109466874155,537.493069697981,369.9395370915659,811.0846940268152,813.5442795651644,1012.0211289609092,587.5956217781857,334.1950688983128,0.0,0.675618801327696,0.0016839105848310233,0,-0.0,0.013605815716657843
2023-10-14,941.4473249977397,536.0439370700287,370.0191114336125,808.9371238486613,811.6398884018166,1012.2388156567067,587.3001804380638,334.899827515538,0.0,0.7246451364899273,0.03403158438889742,3,-0.11101799255592598,0.04171605580068968
2023-10-15,941.8117497383741,536.3006660007272,369.9814963788254,808.9837080406517,812.6556872213458,1012.1421444195952,593.9421394548787,336.6105897381486,0.0,0.7394645768623963,0.1098598704417221,6,-0.2705762027685813,0.004567714073886578
2023-10-16,946.8831351911673,537.2481769499486,371.3354808925199,812.761922556305,817.1255012872014,1015.399101787557,623.4096775640761,345.08981610256285,0.0,1.188631120505238,0.49038618927406685,11,-0.5889487812971703,-0.0015994896781893475
2023-10-17,947.0976597186338,538.5593047089848,370.5403599039979,812.7614235473384,820.531579707985,1013.224867532922,621.1249312004666,337.7728165276133,0.0,1.1334731959562978,0.5385362314028012,5,-0.18297327976555128,0.04094888747008814
2023-10-18,933.5210519907364,533.2965082704072,368.8498949381433,800.9173589852667,808.0701979036819,1008.5953422970409,619.4879673307539,332.26965003180163,0.0,1.1967243211267349,0.5029466121552381,5,-0.18356128831658447,0.010934744659338164
2023-10-19,946.0110590741613,532.2240038492122,374.46708639978635,811.5157143871834,819.0738610521412,1023.9968037596882,628.0185624699781,333.99520118135655,0.0,1.1869981319512741,0.4416427870520729,4,-0.14077141445081498,0.12443816991413627
2023-10-20,965.6655655063932,529.2955999231079,384.57751846139854,828.2528530415956,841.1190092967948,1050.623151354181,648.9423747137239,343.5289744441311,0.0,1.328717249573732,0.6805980804062832,3,-0.15387283733753276,0.19554883668414455
2023-10-21,989.1331239258484,530.9801098277665,392.50200140914137,848.3386775733828,858.4844114398222,1072.2832195332555,654.2471881096908,355.310177472772,0.0,1.347358298463312,0.6856525778882091,2,-0.08131544338762403,0.053484465691869404
2023-10-22,991.0997621352259,532.8043035229226,391.87082701775,849.6482633313249,857.4856620225677,1070.1007631726577,656.1314473233573,363.0028464541566,1.0,1.4259202767101906,0.8776250527673899,6,-0.3985243471903738,0.07413589944572144
2023-10-23,1069.9936536354348,537.8012459625796,418.4705383999715,917.2328850532945,926.4589179099511,1164.8664270342822,723.8093987549895,387.3926677128314,1.0,1.5464615079109874,0.9826968692577965,3,-0.1808016056622742,-0.12622982188722387
2023-10-24,1054.1235535444252,530.2244239802919,417.84202156477517,903.2780360117199,911.6099395284058,1147.3802606061279,742.2580691048249,387.0106538266651,1.0,1.647689777078816,1.0344239570725682,6,-0.32881642286072393,-0.29336923520784747
2023-10-25,1093.1593129852704,534.746789011094,426.94484712474735,936.5718196339235,937.626504221286,1179.9864076909153,754.7475782016825,399.5573568766602,1.0,1.645134005463582,1.0341680472316952,4,-0.22190870811134017,-0.2805037175981255
2023-10-26,1089.1239181277153,533.6471022192699,425.9756152427897,932.8670946603788,932.1429546018267,1176.647555002474,747.444705964743,400.0479562212446,1.0,1.6395701008673684,1.0333149844544611,4,-0.24871451850032616,-0.24763496816512773
2023-10-27,1083.3910102130649,537.0654099550949,422.5972687469012,927.8391769690279,925.3847966369503,1175.2803965403887,741.7350285100905,388.7637186018725,1.0,1.6270418437119973,0.9070268057035842,2,-0.09620971919980838,-0.3357769875902985
2023-10-28,1074.094178621988,533.6627075898346,421.3201392041247,919.7119338036224,917.9106877874738,1163.014164458051,745.9696877185047,395.4114692438506,1.0,1.70670166974818,0.9937308534830296,3,-0.15721780082256256,-0.36126999833519013
2023-10-29,1085.9038849457029,530.098786296509,426.8054082400515,929.7314147725189,930.1788364911777,1170.3712290896453,755.6426560395334,403.667806096764,1.0,1.8302067819377186,1.1098735639028097,3,-0.13687674572747605,-0.3219753505976898
2023-10-30,1116.9776641000983,533.7185361492304,433.8175392249846,956.294660039307,955.1891116531992,1197.4496731158736,754.6622284812031,412.30946466282285,1.0,1.8177685567127724,1.107032733638163,2,-0.0949134721903557,-0.40224049040995885
2023-10-31,1172.1590112043868,544.2914766435066,442.6864032047225,1003.4503633815533,995.2351159824328,1250.932058533895,758.3300780074575,409.7200570043417,1.0,1.6420465342957642,0.9466835496177118,4,-0.20099333188445484,-0.322036925509021
2023-11-01,1201.3230795490147,542.3448290151555,453.5369641142116,1028.1772848937326,1022.728889460375,1278.5169495883329,775.531329365667,420.80359216457595,1.0,1.620554597535112,0.9898825694721453,5,-0.2751102772787703,-0.1976816998772707
2023-11-02,1173.1369190069884,541.3018937304098,443.9009579747526,1003.8874235786986,993.9307137957816,1248.3950909428547,764.648145777324,409.66219722334705,1.0,1.643306873275669,0.9734496407816311,2,-0.11280397838400397,-0.34518976703213555
2023-11-03,1195.4366139129947,548.8190898734944,446.3080826295987,1022.9909969256247,1011.4861581187004,1272.7858363078549,759.4024206493816,420.04736199934706,1.0,1.6361282612667847,0.9743054106140304,0,-0.0,-0.43095368051789407
2023-11-04,1217.176829264097,549.4404100559138,453.359034197546,1041.5310929627494,1030.5759477769304,1296.7193468463352,767.4843826424944,428.6147100625788,1.0,1.7470995014842374,1.085977631580647,1,-0.09447001869071847,-0.3145943495570347
2023-11-05,1247.761286847801,551.0860212723899,461.38740259233793,1067.6661292306383,1056.5485343976686,1329.0236611046864,766.5170858103917,435.46250795575725,1.0,1.7727556786786702,1.1163592373384301,2,-0.06991656813330724,-0.4599736953181156
2023-11-06,1297.0604064949796,555.7440489422755,472.51057160467525,1109.6043513658522,1096.5131889164127,1380.251055016029,767.2152027548279,450.21427831289793,1.0,1.6109506279324552,0.9121231935092052,4,-0.2849694691656304,-0.38512865007506675
2023-11-07,1291.4154080988292,556.5415297749762,470.246824193084,1104.636247769804,1086.9338894491043,1373.5405651753051,774.8550969649435,443.55432882417773,1.0,1.5789448346047872,0.8863485786783306,2,-0.14261121332602283,-0.3902480956696402
2023-11-08,1331.9293770339282,561.9923752906001,478.190783941551,1139.1731582019927,1119.35526736215,1417.3790866375327,779.6740734904876,454.45579703964523,1.0,1.5122477597956017,0.8159331261194267,3,-0.20727738561742237,-0.2927829213947781
2023-11-09,1374.2015604447545,560.97251046582,495.0073553481104,1175.0736927522498,1166.9120597727722,1461.6768262211865,803.5895028597641,466.3272934418297,1.0,1.3388111382812555,0.6420880545353036,5,-0.3436042534710875,-0.9346311584846687
2023-11-10,1458.6456719189885,575.6390726504713,514.3199574050643,1247.2680372277907,1241.3128512325627,1534.6972064427264,816.9587706138739,484.02931834035866,1.0,1.2297416677803374,0.5609772590537382,1,-0.1044161660908809,-0.5260683964379729
2023-11-11,1457.1242527575846,572.5242118873209,516.4556243533577,1245.8166683793918,1239.988252005495,1532.3016550270966,813.2756019070206,486.5790737770537,1.0,1.381264522614824,0.5478950751125656,2,-0.14697492474774748,-0.5462477505441732
2023-11-12,1463.008399097976,577.320454116503,513.9379638330698,1250.6849679400384,1241.0904046143526,1538.3782320213907,811.5992458586251,493.0926822143126,1.0,1.3834797209675365,0.5549014368556603,2,-0.16768974708820317,-0.5358272213520485
2023-11-13,1414.3070262625677,566.6004502198081,506.08729478540124,1208.772213758048,1198.4504661482697,1487.4365298394598,798.483838811583,466.1961381306428,1.0,1.2431161746355828,0.4577815603790617,4,-0.2674572299277948,-0.4973432981977806
2023-11-14,1422.6727749927736,575.9319480904414,501.0736320046533,1215.6903197784525,1209.9388577210514,1492.6603073138679,778.1924898811353,464.2303780116319,1.0,0.9926252057756247,0.220188345486951,3,-0.2401223811101706,-0.23838906065245216
2023-11-15,1477.3554064516175,586.3704524023159,511.70210703550873,1262.0393111854905,1268.9688646375864,1547.1015707191523,829.1090692831839,494.63448779006376,1.0,1.078431572052084,0.5004438925803681,6,-0.4079877004892281,-0.1250663431366563
2023-11-16,1413.5929993148782,577.4775025580849,498.3540929761468,1207.0580611621128,1232.7415373122458,1482.651998078811,791.6952533518926,472.38808992477834,1.0,0.8666313806996185,0.14622200509554148,7,-0.47372180628408406,-0.3928399153666054
2023-11-17,1411.635761201978,575.6264876442034,498.7387973463882,1205.1178724212498,1224.7620948901233,1481.0604773970467,801.4535713934011,472.29608303606983,1.0,1.0165115592613465,0.14855674248803016,6,-0.274287939634434,-0.10711328331336804
2023-11-18,1395.118560033686,568.7700950717226,498.7694295579995,1190.9761016825455,1225.9999993382899,1463.7434880188812,800.5563051011789,464.38320377676956,1.0,0.9677414924578556,0.09457132170830111,1,-0.042970154882703115,-0.0903624585190527
2023-11-19,1408.8274925622327,570.9872600802336,502.02638943688805,1202.5921776947553,1238.465069164442,1476.4283611986918,817.954517352803,475.9317294734689,1.0,1.0774676434105679,0.20109319470574588,3,-0.09623302762583075,-0.08649579909792425
2023-11-20,1383.336255458892,562.7623589674536,500.63694198988765,1180.6286818403867,1215.5776419038905,1452.7713936943458,819.8497188383259,463.1844186181256,1.0,1.0788494347869158,0.19386209722878653,5,-0.19641455720304068,-0.012919258954337199
2023-11-21,1359.8874879696098,561.4429575720286,493.45901670068287,1160.4840061708617,1198.237468251466,1431.5043680405304,782.087938662002,429.89778780890873,1.0,0.8668740056399246,0.026979007945171794,3,-0.14578300103796582,-0.07636222907586084
2023-11-22,1396.6126276126809,572.1227049755324,497.6652581542099,1191.6311900128087,1245.095073839288,1466.1349082929141,818.7751877420305,464.77495054193855,1.0,1.118169305492426,0.26011667526237714,4,-0.2026531261560549,-0.16155927514284138
2023-11-23,1381.3823173275562,566.7089945889458,497.3790725032997,1178.495195270113,1229.9138362809704,1450.8643587439608,816.1687385858439,461.49470412261184,1.0,1.1162323990108887,0.24494562025911634,2,-0.13628190674559365,-0.16847315692604806
2023-11-24,1403.4905451187742,574.5742523746123,498.507642732657,1197.1328117511619,1252.8447142904831,1473.8418674699913,825.1851705954905,472.25320672027084,1.0,1.136909634006062,0.2518834686307433,6,-0.2291543929261201,-0.11500804989035213
2023-11-25,1395.1835186423734,569.8856996117447,499.44271658233436,1189.9754354558659,1250.5505755985655,1463.8268764608556,826.5048085813684,477.639615927475,1.0,1.1734138308626991,0.26701521277119994,2,-0.07820949462081181,0.022475336297357575
2023-11-26,1392.6061870521148,570.5849327754551,498.173103492998,1187.7131798377654,1243.987348641435,1461.947488349942,819.3113590629926,470.14975122417167,1.0,1.086366904986638,0.3332089939188514,1,-0.0657136154371006,-0.1287069208875519
2023-11-27,1383.001920219784,569.4014649703112,495.79835460078675,1179.4105257618803,1236.4470715624498,1453.6095889017922,814.8556659630799,459.80855366552805,1.0,1.099707274140982,0.22020832074338426,3,-0.10508438691123502,-0.13935909942699207
2023-11-28,1396.9231853754163,572.5413229456003,498.2687718364977,1191.196874066519,1252.6850746024768,1468.5945434766454,827.5005553202981,467.16975689712586,1.0,1.0106101287398639,0.1317391282624964,2,-0.0942016378530398,-0.039213822552482104
2023-11-29,1398.7850395759397,573.0921319696123,498.13516165958106,1192.5063563488807,1256.0822365054028,1470.5364335961588,828.0476689131165,464.72728394503554,1.0,1.042361351393803,0.17298784257548752,5,-0.28489845349182724,-0.06005513111271549
2023-11-30,1403.7805162476395,574.0099943705718,499.2262355921135,1196.569350286494,1261.2438500619721,1475.768456407609,825.4149583044745,467.2782766880248,1.0,1.0032209815767457,0.2704392715723888,3,-0.20034198029648018,-0.02165759715512034
2023-12-01,1406.341465402782,572.8235951851588,501.524518525314,1198.4123105751405,1263.4621928802458,1478.4570590573974,846.056459934326,473.37301173742856,1.0,1.263797740156333,0.38332964513912055,5,-0.34193110920276093,-0.08470330028378815
2023-12-02,1442.6060894247041,578.8054613143598,506.34638656722313,1229.2160190876004,1290.4833126636863,1516.5852896168024,863.0169813116954,495.2092926472323,1.0,1.2941026807806149,0.40629479542273983,2,-0.10870726843631372,-0.0425296512431
2023-12-03,1470.1656235905762,588.8138755075008,507.64284390948035,1252.6475647298457,1313.3385230165748,1545.5597582211867,874.9374922720218,501.23643263706003,1.0,1.2320491611032136,0.4237759025782959,2,-0.05801713957495478,0.02619398796772139
2023-12-04,1505.8383011310248,594.5129794698996,515.050890856683,1282.5429233545601,1345.5182387703592,1583.090146968292,918.999832583242,520.020499767475,1.0,1.1895008021136355,0.36949722867666135,9,-0.5009619733322576,-0.05331320781361107
2023-12-05,1513.291774743506,590.2685245218973,520.7459766944231,1288.583989153609,1336.163087964877,1590.9272410005497,964.7078905816597,527.3879319828236,1.0,1.2146285148815876,0.4276391244690411,5,-0.3140370992009863,-0.06796399317493182
2023-12-06,1523.8215384064154,595.7746775548704,519.3272181173879,1297.3802411755132,1345.4714069924974,1601.975689540896,957.9915241162215,516.1397613195892,1.0,1.2421281800116757,0.6059206966670067,5,-0.249403841374414,-0.30008247350948986
2023-12-07,1498.089928192595,577.3046365145633,525.7855260075688,1275.4132403526396,1317.4699022232123,1574.947311951128,947.513204586564,536.7352702119284,1.0,1.3078811460242816,0.5993584370092282,0,-0.0,-0.30943992719590363
2023-12-08,1564.4939115410068,591.5396755100224,535.1865748778523,1331.7463822937925,1374.1952420154541,1644.7530883466145,967.5047352681471,561.4149395987318,1.0,1.3147329893131565,0.5646133800075391,5,-0.2169418229740388,-0.4162127591299505
2023-12-09,1561.2999250000137,595.9641164889659,532.4231138037114,1328.9245415655146,1370.3521138417552,1641.395304320456,957.1052000958556,548.9931253618315,1.0,1.3183023544422727,0.5848572074799796,2,-0.09465559792783826,-0.8782534822200602
2023-12-10,1595.5780993021822,602.5412341084852,540.9633909129778,1357.9402928972543,1398.6306745042232,1677.4316002802016,958.7618600549094,572.6244329511244,1.0,1.1668087371509515,0.42950001712406716,2,-0.18407638259636847,-0.6673169660540546
2023-12-11,1544.5795061939527,600.5800368331836,527.6782022549735,1314.1181770492021,1341.5758441142923,1623.8171608105315,903.1970035682757,535.7364091909888,1.0,0.9022811803585375,0.2831749948067884,5,-0.37967520392417414,-0.2855031003671757
2023-12-12,1534.8403014945134,597.8738450516134,526.331324109797,1305.5753088652075,1331.8149268685531,1613.5783543043785,908.5368322341831,542.3715463178141,1.0,0.9273071309162201,0.28005633866232443,4,-0.2554612767803268,-0.185062301500496
2023-12-13,1585.5851472902311,613.0436555709565,530.4593311798079,1348.7648460774517,1372.1252102814994,1666.9263655795326,938.2998116835024,554.995623093058,1.0,0.9318660965485107,0.3033031129993997,0,-0.0,-0.326310035089367
2023-12-14,1594.5161606872314,613.1208829071775,533.3914637855071,1356.2600808022212,1379.5851095343178,1676.3155294152589,941.7444388638868,562.3995064104474,1.0,1.0369708275803677,0.29958044134994083,2,-0.10406627973418645,-0.28609509403217764
2023-12-15,1584.9306329911678,615.5836837803097,528.2951469297186,1347.9928769135463,1369.2102347350005,1666.2382448304754,918.450530536052,533.0601813985003,1.0,0.8888789933463246,0.18557787081766852,2,-0.12213849761891693,-0.3891543313754826
2023-12-16,1587.5389006324897,613.3241704540753,531.7872102856036,1350.2065044415544,1374.9490257565542,1668.9801940728462,925.4404537978995,549.0679697466118,1.0,0.9088995335247362,0.1869975716371066,0,-0.0,-0.12959939219487768
2023-12-17,1573.217062829047,612.2757346044183,527.6172533687966,1337.854047493452,1362.4936887822155,1653.9237187382214,905.9435138042242,533.9617113234243,1.0,0.8628175422384478,0.214379648000835,3,-0.16896354127358182,-0.03717319519881482
2023-12-18,1614.8143260118873,625.6132780967195,529.9684459671191,1373.1989691929741,1395.7384366114968,1697.6549208980286,933.8506839467035,541.9078051999182,1.0,0.914370090627332,0.18544573567906875,1,-0.05570654002086702,-0.1225122496959389
2023-12-19,1607.2521427376662,625.566752670193,527.2060644349358,1366.641975187376,1386.9517380731945,1689.704858383203,925.6789953243687,534.6256659311362,1.0,0.7960049468008389,0.19726068263710217,3,-0.11513156048241421,-0.2260715538236744
2023-12-20,1665.376194260943,641.1319858362017,533.7776394532294,1416.022301325865,1433.7380572498469,1750.8105253083975,956.5493326855523,555.1962601756258,1.0,0.836029348034279,0.2474383889698497,2,-0.0896998652461953,-0.21327386844118165
2023-12-21,1699.630042561758,647.8831954115153,539.6367724601265,1444.9927223958255,1461.6455435160312,1786.821490968023,960.6504961773187,583.9605945573895,1.0,0.8808990771499152,0.3527611924438066,4,-0.2008330063370295,-0.21762605430706383
2023-12-22,1658.308068147141,629.7689320335414,540.9151272104626,1409.708643121692,1414.8541434915805,1743.3797115141404,962.9024157253591,604.6454126635354,1.0,0.8934767499476258,0.45077259695823196,2,-0.13219652157961848,-0.2939181159400816
2023-12-23,1718.0622727992832,646.7129697578952,544.3701941372259,1460.2946234744034,1468.8547803818747,1806.1992038857754,956.9060507480698,615.8270572478126,1.0,0.8280600221761486,0.35104585716981673,4,-0.2661871961394421,-0.30542148166259553
2023-12-24,1724.9404367409916,650.209745715401,542.8758729139741,1466.0598930073515,1474.2775787349449,1813.4302420281522,941.2192098147816,626.7949578448219,1.0,0.8418020903729088,0.3741302464642391,2,-0.09690240245290474,-0.2742406742135597
2023-12-25,1752.7568881328139,654.1771958093555,546.335504382085,1489.6605150003745,1498.7520179955923,1842.6736682941105,954.4265319454171,648.2589431733635,1.0,0.8101260779098596,0.34499886715833133,2,-0.07043195567449265,-0.5604641012937067
2023-12-26,1724.8147730429052,652.3284226240181,538.425003074738,1465.5253161303322,1476.715910843125,1813.2982902281856,930.9356627241675,645.7878442085989,1.0,0.7802252926899969,0.2565412691478982,8,-0.3615290337873128,0.09898159308229956
2023-12-27,1681.0239821636571,635.9734134385994,537.4466360237408,1427.910712792157,1441.7738409126039,1767.261111789262,950.9665855844336,660.4918651817527,1.0,0.7249967026571957,0.3069239682244278,6,-0.3806939620795161,2.1492190034726013
2023-12-28,1641.7522013901932,627.5086093402325,532.7391132383605,1394.3374422602606,1405.7590424444252,1725.9746761878928,932.2837506168718,631.1026196765413,1.0,0.6596488114558416,0.20812247155222174,5,-0.20136120007474834,1.0902009038742513
2023-12-29,1647.7603350605714,630.799186211202,531.7152475099778,1399.3721211071181,1410.7297231177474,1732.2910281673924,921.2320560419407,620.8257700064396,1.0,0.5688750883758883,0.13031360082260837,3,-0.09332346906767873,-0.25784111059245685
2023-12-30,1638.0689178676653,628.7027789507264,530.4876074387473,1390.8967869542412,1401.6563278326485,1722.1024386358408,922.963123449618,616.6112723056671,1.0,0.5631632437372984,0.12513375072760755,0,-0.0,0.0564577184103366
2023-12-31,1641.9479691387983,629.3590657734553,530.3108312612293,1394.1515469583956,1404.7992800930513,1726.1801273133774,926.0225826606584,617.1982144301968,1.0,0.5897871408942981,0.1598191788654273,6,-0.20835992159822256,-0.07597035103273468
2024-01-01,1658.1543377756275,630.0189087595456,533.7618559920134,1406.9382492832071,1427.6595818737615,1743.173238600956,967.9577453230006,652.4540486783558,1.0,0.7937509439298548,0.3741910680421538,5,-0.23885659625790437,-0.3828322905233155
2024-01-02,1661.7319155768255,631.6856719210331,533.9683570275054,1409.934283294513,1428.3857091728833,1746.9342568505524,984.3623992900667,638.6792591408253,1.0,0.8064434124568097,0.3389889368181888,2,-0.043103463391169966,-0.7978877157587015
2024-01-03,1659.5843124906287,640.7772504070284,523.4498513309344,1407.8308558626939,1421.8715122831868,1744.6762555459466,937.7417558188279,592.421003342911,1.0,0.6052260271183176,0.15452112225974943,6,-0.308739359865422,-0.16109628283857869
2024-01-04,1672.1758524778954,643.6893970723949,525.2583313316333,1418.4417970302072,1434.7640968241642,1757.9006812941668,966.0669207462206,611.8264887634259,1.0,0.7174518838428597,0.26021435981606444,4,-0.11620268462340397,0.028239346490834066
2024-01-05,1648.3810189720696,635.715155148205,524.4116826448459,1398.015114458664,1415.274811479512,1732.9419066007508,966.1019360161608,593.0552149595394,1.0,0.730717742750206,0.2724745372696164,3,-0.05297694894843642,0.0899340492286988
2024-01-06,1626.2603836704704,628.7283398474605,522.877698932052,1378.9583444658351,1393.98185711665,1709.686840280307,961.9723226175676,571.1889169200739,1.0,0.648411555211854,0.20064207085513244,6,-0.2902442397880709,0.08203719096841962
2024-01-07,1626.9879099950188,629.4505873811781,521.8727701976852,1379.499094139881,1381.4867331428147,1710.4516676128744,961.1013177778009,553.725667476659,1.0,0.6552376309817246,0.132694162214145,3,-0.07775623347747213,0.12940249875341964
2024-01-08,1641.0589056905073,630.0828968158411,526.0128755928062,1391.3046453803847,1399.3116143626485,1725.2440739927058,1027.9761064551756,589.2968683992326,1.0,0.8139439537512384,0.26410937834056564,3,-0.1423329917142534,0.018924240442123888
2024-01-09,1638.4732025989897,629.5748801372583,525.5956229132244,1388.9830973254275,1396.8951275054585,1722.5257902323222,1009.1838487690504,568.9386636923455,1.0,0.7565707891194372,0.3142251657966059,3,-0.13657006304485322,-0.10662556504699171
2024-01-10,1672.1804280359845,631.1577072891248,535.6771423038338,1417.4959410285958,1425.1796113129155,1757.9621954846793,1021.1962748129705,616.8698681198729,1.0,0.7659467031185488,0.2950926571617735,2,-0.06336644548382037,-0.13291087158230677
2024-01-11,1667.311511423196,628.7106674792935,536.2148782496851,1413.3086018136348,1420.325264395376,1752.8435850411547,1014.0816096519605,627.8307930242028,1.0,0.8202636272503825,0.24603522244079853,1,-0.05497427018285172,-0.11780686045368732
2024-01-12,1650.0083147235616,630.5224622380458,527.5723087978707,1398.3875614701801,1404.1266663981216,1734.652755624325,936.4155524698361,592.9567797418752,1.0,0.6493362265297266,0.10104020192949398,6,-0.2687719892657114,-0.10657141533679501
2024-01-13,1644.506002668262,627.9708238765206,528.3888825279424,1393.6189807790906,1405.14005169695,1728.8683809238703,937.6739137333184,597.4130383018744,1.0,0.7303298341806693,0.10483651354608567,3,-0.1008007324409935,-0.0654980968445604
2024-01-14,1618.004899057135,620.913304986516,524.6208031259426,1371.050764066697,1382.6862111698545,1701.0189988889726,913.3492433966136,577.9041216314162,1.0,0.6707502797661359,0.12191990978125188,2,-0.04958657694089301,-0.05765363971153817
2024-01-15,1626.5389595619665,622.7068427667657,525.9255653557677,1378.1138277062141,1388.5614826268354,1709.991233541997,930.4213759469178,590.0880287821855,1.0,0.6578976692618906,0.15397614030236817,4,-0.1911258251831331,-0.09275261712453349
2024-01-16,1629.2333460271868,622.3101544304756,527.2470288118332,1380.0068667595322,1391.0287288014194,1712.8057990973666,943.9460239613877,593.3222116530299,1.0,0.6928112013912255,0.1427871472719908,3,-0.09685850619986851,0.037818368268375084
2024-01-17,1615.8465137936541,618.8425652850839,525.1410641173688,1368.5434709852752,1379.4121465250587,1698.7321998901393,936.2951874794157,583.9118252319898,1.0,0.6981598849164296,0.15015154867243505,2,-0.11489853248478321,0.02053679081896393
2024-01-18,1596.881571498508,615.3446238393856,521.4195209551374,1352.4327359641097,1364.3770080180684,1678.7943254672332,904.3371882957091,551.4226126097876,1.0,0.6300440355937895,0.09852264351311013,1,-0.046452564978899956,0.01356581878814039
2024-01-19,1599.6460583971425,616.6382917161313,521.4863721978245,1354.6183334346492,1368.6576214921035,1681.7006430957167,911.7582370686976,549.928438422415,1.0,0.576455793165469,0.11393919318750474,3,-0.16612034034469952,0.0650339853259752
2024-01-20,1583.0835858551932,611.3180367013285,521.0003680147202,1340.2560682094947,1353.2715896529492,1664.288769107579,912.4060195625946,553.9130534746014,1.0,0.5900979100756105,0.10985960974688563,6,-0.32558408819369133,0.030749975163866426
2024-01-21,1575.0804609985564,608.5172544106222,520.7971843861602,1333.4267680017877,1349.2679022772058,1655.8750955004036,909.9593275755108,545.0480734167778,1.0,0.5410908698509656,0.06382442476050591,1,-0.04578568285114896,0.022883031436686158
2024-01-22,1577.7331681169226,611.7193009293367,518.9542759634691,1335.5511433582656,1346.7818387360371,1658.6638165896636,865.9057410817758,515.4502875591951,1.0,0.5267849479363391,-0.03916922744969362,2,-0.11550121409125232,0.09366760802535752
2024-01-23,1574.2161832726338,610.6189826760562,518.9542759634691,1332.3162384289203,1340.136811041408,1654.966425063346,872.974448700989,510.977496109716,1.0,0.5465049837099105,-0.01895680951800458,5,-0.26652919347465315,0.09373932280215475
2024-01-24,1566.7879813420616,607.7210391321005,518.9542759634691,1325.7495050214504,1337.7989459778025,1647.157190716947,877.1040620995822,517.7081235613092,1.0,0.5922079238172308,-0.05209511701097428,5,-0.2897790849392369,0.6301588184026908
2024-01-25,1559.944109686551,605.0937529544029,518.9542759634691,1319.8051049593248,1330.3680416124407,1639.962238418085,874.3597403180054,508.61154524757126,1.0,0.565218435989319,-0.07407101494692307,3,-0.1515940051961443,0.14751418530285754
2024-01-26,1574.6396164300459,610.7422660648193,518.9472759634691,1332.136554316944,1337.9469451797556,1655.411599867804,914.9139882720741,535.5021583357819,1.0,0.5063978969931549,-0.059600019194452514,3,-0.11631041928025093,1.6375106069775591
2024-01-27,1571.0772864288342,609.2612772693818,519.1586691551514,1329.0395015374402,1333.8659746527042,1651.666515392748,921.387436302301,541.4919787167377,1.0,0.5806282906459976,0.0063303518911175735,1,-0.0752026804043926,0.1512498220835911
2024-01-28,1563.709250502903,606.2368330100331,519.3306099471058,1322.6776125083531,1325.5751648910984,1643.9205205484955,919.6147882615694,535.5606523568028,1.0,0.6482753550651217,0.01859270316080623,3,-0.12706561063571972,0.04800131966628347
2024-01-29,1587.0014061927338,609.8026642317765,522.6453705964096,1342.2193636925272,1336.9074722457144,1668.4074504183131,947.3315628737479,558.576780736559,1.0,0.7102974205178105,0.17880771940298656,4,-0.1618788269445858,0.014981374221291976
2024-01-30,1580.7068262260334,607.8724226967978,522.2015330471626,1336.7006604040657,1335.8871815047482,1661.7899920011207,939.247412426264,550.8261900552559,1.0,0.6338295274921195,0.11173581155956991,4,-0.2016809265075378,-0.04866861226607042
2024-01-31,1565.8362790287756,603.691027487019,519.8543936081508,1323.8624095367811,1317.1138339326599,1646.156656977845,931.4171226858473,528.0549671787356,1.0,0.6575530033887949,0.11757328702102876,6,-0.27140689427212195,-0.03835244402399256
2024-02-01,1576.2295055126372,607.1738909837219,520.2432944274456,1332.5136903779328,1315.2201813851063,1657.083009355357,942.6241975211389,537.4390401020527,1.0,0.7945888860737734,0.15291088408842946,2,-0.14238411725479297,-0.04395183274023809
2024-02-02,1581.4825560963743,610.0709342371048,519.9888831736542,1336.7966958720283,1321.0166390276318,1662.6055178437673,945.0183666033121,540.8433080651228,1.0,0.8237727830202296,0.16884204237741648,5,-0.1641116691735798,-0.05805310754080495
2024-02-03,1571.1327441074186,607.4395681505841,518.8213377852453,1327.9896546803368,1314.5051337541368,1651.7248069170973,940.8690571153777,534.665977538138,1.0,0.7710233236785178,0.2132147100411906,1,-0.054727351410443326,-0.08102176671218644
2024-02-04,1572.4673259655835,608.4741426860755,518.0838451373596,1328.9444713595683,1313.2455696029865,1653.12784682828,931.6315912142323,528.8164541342292,1.0,0.7010530754115236,0.13606822129312302,3,-0.17971131907848553,-0.09903408879437964
2024-02-05,1580.6101357842876,609.2402472345082,519.4670359282746,1335.7293205441697,1316.0005205880204,1661.6883462697772,934.3146362734137,534.8968022344256,1.0,0.6972689942661152,0.23717211418571357,2,-0.10682136506316384,-0.06223424763566448
2024-02-06,1582.4615622892818,610.6263675167629,519.1361032882131,1336.898558010394,1309.7352875471868,1663.63474266567,942.7664470552719,540.0281434266785,1.0,0.7940758664788182,0.21495590165298928,10,-0.4055078100734763,-0.08602210433340761
2024-02-07,1577.502254866068,604.564678733335,522.2585123738531,1332.290994960602,1310.5689228699832,1658.4210450105088,970.0586615194233,554.3520503659572,1.0,0.9215844128155137,0.32836570874333626,7,-0.4338028230576749,0.11633793460766517
2024-02-08,1569.3840113376136,600.8413467348637,522.855888629532,1325.1292763177169,1308.2725575867628,1649.8863720024494,990.6935977861609,555.1514243468569,1.0,1.1283216040079675,0.39665793461962207,5,-0.3111229465705373,0.3176697521467672
2024-02-09,1614.263676461944,603.5355301155604,533.815669349805,1362.6801994321718,1339.3210023125048,1697.06816263501,1031.1143500235821,577.9413861550042,1.0,1.1840238420837372,0.4502024376621356,5,-0.3965931145682531,-0.013189960530289244
2024-02-10,1628.8235736902466,604.6575054440214,537.43880921302,1374.8067311643183,1346.1294427690077,1712.3749172879154,1044.606171222483,578.62403892043,1.0,1.1617760981230119,0.4761298117830885,2,-0.16947294924044248,-0.03251678593284817
2024-02-11,1643.2218415858654,606.0047274631852,540.7558113859716,1386.9580362725183,1359.6054922635135,1727.5117517486858,1057.0978687737122,578.5575031481957,1.0,1.1583968037317491,0.4807497009653282,0,-0.0,-0.048679497487095595
2024-02-12,1669.6882065630869,604.8877735053517,552.1471929415558,1409.1979967232623,1383.6935973382326,1755.335722536325,1092.9928973713397,607.0655467479588,1.0,1.1926147204772752,0.4991026552397059,2,-0.11821310304159346,-0.14548907919548776
2024-02-13,1676.4183786186738,607.4207719012788,551.4842675220852,1414.7128269101506,1390.1845178770266,1762.4111222310144,1087.5830381655517,600.729588812107,1.0,1.226341066096156,0.5456778230090304,4,-0.1825303119910356,0.0025198201920165475
2024-02-14,1708.9297144930385,607.0164621040111,563.6817699253357,1442.0497610681412,1417.7828928397573,1796.5901438161382,1134.1270857337959,632.6297077921294,1.0,1.2440636749643235,0.5525974483445716,2,-0.1161263819963822,-0.03079716554605312
2024-02-15,1701.5257478109008,606.9514941762305,561.4598187444568,1435.8018347570064,1413.2678845237697,1788.8063868519064,1135.774991875365,634.3627183012325,1.0,1.2490157017495611,0.5507342130528482,0,-0.0,-0.14221076286288198
2024-02-16,1680.7696466559623,604.4632686048043,556.9668430428577,1417.9577633249162,1396.8397494665621,1766.9855908050567,1141.24831625792,623.7835808269347,1.0,1.192165023510056,0.5093484144579148,5,-0.33594434881226987,-0.07814873507916559
2024-02-17,1675.0533199454712,603.3084139701277,555.3324261657087,1412.9682383347472,1383.490420995499,1760.9760421721323,1130.980088347905,621.9213269072284,1.0,1.2543890937323783,0.4727087117077583,3,-0.17671898055109464,-0.2949810650570723
2024-02-18,1691.186979051349,603.5296293480728,561.3982684326161,1426.4594581121082,1399.5816243889537,1777.9372856271364,1141.8457643012775,636.5234142672929,1.0,1.2768084989740045,0.5882834805484413,2,-0.13064294694460568,-0.18798197904501152
2024-02-19,1731.7252589360583,619.9706938546367,560.9523008948802,1460.6443949910656,1407.6435475746448,1820.5549974469202,1133.9213710228964,654.1374770688229,1.0,1.2753613476526773,0.5981181014060835,0,-0.0,-0.3405818525526811
2024-02-20,1737.6834030422897,625.5232895724791,560.2175066120982,1465.5417171890304,1415.9003741995218,1826.8187676198315,1144.504736362375,641.4316163131374,1.0,1.125323946831761,0.5825839455134,2,-0.1556571970378564,-0.5691131944847708
2024-02-21,1725.8735391033679,627.4157670922459,554.1782071271352,1455.3884508373435,1405.4013302240276,1814.4031106304167,1135.3219818205116,627.3034815423433,1.0,1.0887181319551953,0.4157756357539215,4,-0.19844144607177233,-0.3289175494265735
2024-02-22,1768.8275728648632,645.1422647497667,552.3249738896595,1491.5669489869888,1431.4205493639558,1859.5601345940058,1123.0469412520386,629.9517449604023,1.0,1.0181619853432549,0.37629252365675264,2,-0.06648636740640738,0.019571907210762005
2024-02-23,1758.2811215476922,645.6572802947917,547.7987273868558,1482.4437491369217,1420.7092041627561,1848.4785787864976,1111.1198649285982,619.25624425941,1.0,0.991725103049255,0.33239781293548637,4,-0.18296643399131568,0.1202669245425478
2024-02-24,1757.109955894223,641.4037869893158,551.7445447475067,1481.3619526210964,1423.5485713631167,1847.2473257574702,1129.2884131189105,634.5063314296464,1.0,1.0354922012341614,0.4183280729090814,2,-0.10633068378969265,0.23651946235430082
2024-02-25,1766.042068515708,640.9151412031317,557.0076167695257,1488.842814569869,1438.4000313803508,1856.6375995256733,1132.8512168353438,641.3851090054418,1.0,1.0617469920112623,0.4387453344548049,2,-0.07049709830417573,-0.41033207680265393
2024-02-26,1781.7410282977037,638.782509964721,564.0039064875338,1502.152045287199,1449.3985513786126,1873.1418498882142,1192.961493051112,655.2726019410673,1.0,1.1885709960332234,0.6269036828236144,3,-0.22809715226140212,-0.3571628721814663
2024-02-27,1755.9091206921346,623.0501025191189,567.6496126825895,1476.5122504819753,1421.8903593931946,1845.984888845634,1249.04939013248,655.3796891045663,1.0,1.200618778367411,0.5552712896853153,6,-0.38652271608205147,-1.0619373700948913
2024-02-28,1849.911885734047,632.69544869732,589.9836788736683,1547.7890590092627,1495.9362361747578,1944.8097118491432,1367.5191790669985,684.6665150958485,1.0,0.9993211100296415,0.5944837760552416,5,-0.35357873868654943,-1.2896130945907713
2024-02-29,1796.403337291281,615.9516053521362,586.3939234722125,1505.1696034921686,1457.728789097083,1888.5563379510581,1339.4062942136195,679.5391061380194,1.0,1.237748502868908,0.7063766561184228,4,-0.3432914838080338,-2.303964647635941
2024-03-01,1889.8468348196254,638.2458945197453,595.3724159414633,1578.5903161211716,1519.4208565807805,1986.7933160236462,1366.2651947122588,725.0229533812501,1.0,1.3170109048613419,0.6846451847209075,5,-0.33288540394765576,-2.139117902754592
2024-03-02,1888.0436285544213,632.9713863224143,597.9801633183398,1577.2568647125254,1518.6924713499902,1984.8976523074878,1357.7149034836934,747.1083427328267,1.0,1.3710512272884985,0.604745617832163,6,-0.6072343306084715,-1.9834331662678717
2024-03-03,1986.8984512532304,657.7330077708951,605.4893849741344,1656.3727521148915,1582.790888413025,2088.8235416529446,1382.6326449550131,760.9068445158495,1.0,1.312230989780662,0.5927964555203975,3,-0.19153768348648276,-1.7557004926155713
2024-03-04,2200.5011810040837,705.3151069252418,624.2600296433931,1827.654529203504,1738.5691654399482,2313.3836662715335,1494.6355512224181,799.0261433013039,1.0,1.0441638556190704,0.6111964288253917,4,-0.35476637157843016,-1.7780852650117278
2024-03-05,2085.7752395664265,689.1553531940751,607.4863089127749,1735.6151323830954,1635.7608630457928,2192.7725239481188,1395.082761873188,749.6213183950065,1.0,0.9296507643491241,0.42162362208751175,4,-0.31545102942250414,-3.046002433540866
2024-03-06,2147.7016192931374,689.4454553202312,622.2139981737865,1770.8372426538294,1703.4767192902248,2257.8756726810457,1447.183295090096,800.1509963499876,1.0,0.8612831329705771,0.34779494709544506,3,-0.2567051020462491,-1.183205121317383
2024-03-07,2135.868456403608,677.8181987230734,627.9247414347251,1755.5191085237109,1688.9516706176507,2245.4355187339893,1463.4194380705737,815.1192201344776,1.0,0.8776503651000506,0.351053108945805,3,-0.1262545436990374,-0.8838681809584236
2024-03-08,2209.78016364464,697.0622375856127,635.6844861229504,1816.1831870779736,1758.2823988902055,2323.1387862051274,1492.0925672429987,837.7314660000957,1.0,0.8282919377156607,0.4189833847144066,3,-0.18380933045139702,-1.2016731244092436
2024-03-09,2211.9425997831427,698.3830278834507,635.3445714850068,1818.0828994643255,1756.1627418332719,2325.4121534148994,1496.02959665692,865.0965904481745,1.0,0.8481592165846183,0.43684481990783564,2,-0.07351379946338056,-0.7885857470221944
2024-03-10,2213.0558106389585,700.2049162841424,633.569269284941,1819.2193362539597,1749.5694441245055,2326.582463666431,1510.072908357382,859.27400266857,1.0,0.8490414023516358,0.4377433766665484,0,-0.0,-1.3616457960706494
2024-03-11,2238.8361150025244,698.2479923972633,646.0410438032217,1837.4525031254204,1767.2983178550942,2353.6853133868804,1579.052990139922,901.7171257210947,1.0,0.8922339491481397,0.4370875157358595,2,-0.1285902553131823,-1.7749297676890579
2024-03-12,2196.484715258378,690.5931547740985,640.4275000198977,1801.754821105381,1731.7346286911047,2309.161393709484,1564.8149060004166,879.7327114217428,1.0,0.8771119040207137,0.44479280427072415,4,-0.25824128372070376,-1.5992805213123273
2024-03-13,2244.231011604224,694.8107389954852,648.9675605788112,1836.2602856724438,1766.0042188394243,2359.35700788897,1600.3641588073833,898.5649026673033,1.0,0.8445328316250675,0.41502438620844584,2,-0.06669491986724273,-1.8954677509361797
2024-03-14,2277.966986485423,704.8344419235698,650.7689450158482,1859.5680520064195,1788.651604980245,2394.823592560477,1563.7710132653194,908.5894435260703,1.0,0.7431407876467897,0.4132888419153718,4,-0.3191553565482308,-1.8051299400329728
2024-03-15,2257.4387120143206,705.5450438796119,642.7420089743174,1840.050603114217,1773.5279943667217,2373.2422449769,1522.1181612168712,864.3509718511071,1.0,0.7303311385920208,0.3274565453335657,2,-0.12778003967074725,-0.6981524192390499
2024-03-16,2196.2566626356625,701.8260894440757,626.3054288453858,1790.481721151742,1713.9973786743408,2308.92164068001,1430.17681617093,782.9793749626044,1.0,0.6081288267842742,0.2234623939953912,2,-0.131626776309236,-0.6563641951159248
2024-03-17,2254.496493012281,707.714212066538,637.3943224228749,1830.9456582887397,1761.426008657453,2370.1490936463038,1497.951059594898,832.2566226175,1.0,0.7248090564402979,0.267579351537729,4,-0.15318662601982505,-0.43219518007755525
2024-03-18,2210.86288584137,701.187496300366,630.5031903967516,1797.0592507874244,1727.11817395279,2324.2771427284647,1480.7082276036344,790.689687594871,1.0,0.6257147576463008,0.24921204817634554,3,-0.13267993684973517,-0.555140024284712
2024-03-19,2148.0054702628277,699.3257264594265,620.1392730937001,1760.323048811076,1692.7944940267662,2258.1952291885527,1356.2749005073958,718.0472945491827,1.0,0.3850672885048319,0.029321765506966392,4,-0.2981259181492434,-0.4631031341602229
2024-03-20,2190.935384668853,707.0697242547451,622.078988636755,1795.379265553779,1749.639061730066,2303.3273898533193,1485.44404286307,804.7448003522242,1.0,0.48952531929967386,0.11438603633268461,3,-0.10120714120543628,-0.01634996585648703
2024-03-21,2157.1405636707964,699.7533806766453,618.7651392019338,1767.5246173965677,1726.3690275813203,2267.7989410161526,1434.3108064782652,789.9579592289589,1.0,0.4370479722604414,0.05525353906302042,2,-0.06847345873795377,-0.12281019373848827
2024-03-22,2159.5768312235346,703.095813779966,616.5313534083816,1769.2582464141983,1727.9550654669754,2270.360185135827,1396.8028870090093,776.9228206827106,1.0,0.44971348523621035,0.06530943140325994,6,-0.3075457326458586,-0.025218240823223298
2024-03-23,2159.3065565260786,703.1346625903135,616.8565186930231,1768.922188447169,1725.848543634388,2270.07604573567,1401.0550538523937,785.9901808253331,1.0,0.4624148722204338,0.0761959692301065,2,-0.125326375081177,-0.012069992739854325
2024-03-24,2173.4426576277297,703.9504146700916,618.8894080834394,1780.2677502981064,1732.8942018136631,2284.937309753997,1471.9741062078817,818.2946262208313,1.0,0.5112270299988212,0.1138678179482878,5,-0.2622241190120014,-0.04544014498743178
2024-03-25,2179.1139020334113,703.8498777369142,620.4556294810427,1784.843222400276,1737.8802334518225,2290.899481440119,1530.1782386662715,845.500888358297,1.0,0.5136648673178269,0.16516073048280056,2,-0.07446012708397433,-0.30155635253784463
2024-03-26,2183.3770603051444,704.5729751723359,621.4468319328153,1788.2794192510983,1740.3016617848205,2295.3813337895413,1532.8831682691655,848.4534384451526,1.0,0.5714761909156492,0.22473744923647734,2,-0.08819487152608232,-0.43852063740432423
2024-03-27,2189.0424463914464,708.1335741916344,621.0088596285806,1792.7617352061031,1745.4510868927862,2301.337346357554,1521.6892241601017,830.5468092843145,1.0,0.5374951605932765,0.17957707649873328,4,-0.1827594182675806,-0.6820410436565846
2024-03-28,2230.126549785566,716.7400512624027,626.2557597746014,1826.397884584245,1777.3097915373128,2344.52198656413,1550.2726267033045,855.5170115321977,1.0,0.5410456074757348,0.2033969889302124,1,-0.013184658660125696,-0.5666675949945833
2024-03-29,2220.674747743745,715.226081165958,624.4811916024944,1818.4204147741991,1771.0231317123512,2334.2129900118744,1529.8083898775265,850.075726218629,1.0,0.5509030573695024,0.21144207624562336,4,-0.23141495343500967,-0.6356742392149216
2024-03-30,2203.4776905697768,710.6692312834133,622.5973801342652,1804.2867793262242,1759.1377484593013,2316.5842059649863,1524.0855816966462,838.2164716293315,1.0,0.5200874969403236,0.18288273771745814,2,-0.05288738945495279,-0.7383007695695737
2024-03-31,2243.65482480759,718.1649048064513,628.909685573099,1836.9847874270533,1792.7096317069131,2358.551017617221,1561.7466929718914,872.0891604621086,1.0,0.5802123474044046,0.2720967670023179,4,-0.22847456417317857,-0.7109476244367832
2024-04-01,2212.942016180837,715.8565611118701,621.9418826670621,1811.6965866895757,1770.6870940305075,2324.5351135961914,1525.3526967776136,822.8171962021854,1.0,0.5718597982332437,0.23048272546149093,5,-0.2324334457186987,-0.4905541422555246
2024-04-02,2183.45603329539,715.5749144093456,613.0095824582954,1787.3163744384944,1751.327799534264,2293.5563837937984,1433.5536012658051,768.207302408939,1.0,0.5093120094003181,0.10371019930536317,5,-0.27388251241003747,-0.24472072984851806
2024-04-03,2168.8274170897553,711.3613082560855,612.973778940061,1775.3009013765968,1737.0874849760778,2278.1839254198603,1443.7649293621669,753.7748525364207,1.0,0.4651268908991955,0.06259593331173302,1,-0.05334450285477051,-0.09482032969808313
2024-04-04,2179.1751639449717,713.7156700644715,613.6962613370133,1783.5738426054597,1746.5380402033918,2289.055182694452,1498.8702104308331,772.9450964330647,1.0,0.49347550314104116,0.08765396036925314,3,-0.1796901088581866,0.03310422366333463
2024-04-05,2182.0371824619556,716.1199869821579,612.4224146397391,1785.8944150561658,1743.7614066654276,2292.0635879614183,1484.3344964968346,755.5820089744866,1.0,0.45926816089739175,0.06389444855257564,1,-0.038082973908138744,0.08912401416464458
2024-04-06,2183.370154905778,715.1651449732383,613.4378252721352,1786.8070094033706,1746.550586364493,2293.4626718743702,1507.8800770773662,775.543038854608,1.0,0.510309131891897,0.1088289955829969,3,-0.17609702240780173,0.05695161249988047
2024-04-07,2176.614933756202,711.3121712766113,614.4255227810072,1781.0665209030392,1740.3428794802637,2286.3649470999617,1517.9710401833077,795.7101854767387,1.0,0.5407557789477665,0.18167379560547228,4,-0.2148784457383047,0.08384959658814749
2024-04-08,2185.475301612237,710.5903660297638,616.8671787193459,1788.209177447382,1738.739545117429,2295.6691478208772,1568.6490780588874,823.480073198116,1.0,0.5937551787523498,0.22466508462810658,1,-0.06051776405276997,-0.19126273540497413
2024-04-09,2172.006611397334,713.4800844228147,610.2935615902368,1776.8761604827685,1732.8780033234868,2281.5207612707213,1514.1762603035195,783.5205353228497,1.0,0.4979756226793785,0.15794812057764404,7,-0.34715395863832205,-0.16747426737742116
2024-04-10,2184.974961547619,715.4183031656167,611.8494003751406,1787.4829444439135,1744.6931123196375,2295.146990517547,1546.8367533404046,781.009583956528,1.0,0.5006271362518873,0.16751272941981432,1,-0.007,0.028592779915992732
2024-04-11,2175.6016324071006,713.7761379735457,610.9836488296528,1779.787744718666,1737.4844367419146,2285.289969746606,1533.1370289762328,765.5198618569162,1.0,0.47342867512297426,0.11055557308828919,2,-0.08141860013470101,-0.11796220688843975
2024-04-12,2186.627872243846,722.1424688538325,607.254110414827,1788.2514709588345,1733.9836364960686,2296.97107227333,1469.2494805156462,664.1091738676678,1.0,0.38731131803082985,0.047052251594163895,6,-0.21197854127854732,-0.004346297121456497
2024-04-13,2188.0186948857095,723.132587794411,606.5313927259075,1789.262073496863,1734.0203538639514,2298.4270484097005,1399.291159629147,586.4960202525585,1.0,0.3848366621551402,0.015943851647549613,3,-0.14090339284064496,0.17990131430958323
2024-04-14,2174.2364728373573,719.2650993820283,606.5243927259075,1777.8965296453837,1720.881537051351,2283.95138312861,1435.9740318004328,633.0628947875425,1.0,0.41469747112996924,-0.0529060438039139,2,-0.09527581996483814,0.12043508145288066
2024-04-15,2174.396541180049,719.1307562112016,606.1770383837118,1777.9697825082455,1717.1283503378359,2284.1182366801204,1387.320314218281,608.8172342732732,1.0,0.3969742925444551,-0.05795049552784853,2,-0.06102282609855912,0.23481730519953944
2024-04-16,2166.3944651660445,716.6283857089427,606.1770383837118,1771.4231852896128,1714.712754249939,2275.7110517344336,1395.4679298425322,616.0450022964653,1.0,0.3972799741155773,-0.06197330124402237,0,-0.0,0.24918375368944604
2024-04-17,2166.868321985238,716.5912808101551,606.1770383837118,1771.7239074960028,1713.6684428936408,2276.208224797439,1340.5267828517117,596.8776002741588,1.0,0.39232920077745936,0.0007592364421094318,2,-0.09479465324826508,0.0858024858273643
2024-04-18,2171.2499877058926,718.1931393174298,606.1770383837118,1775.3056659661038,1714.7717903968114,2280.813056125127,1388.4648758544572,615.8491086149766,1.0,0.4048393814613011,0.0027178787210907812,0,-0.0,0.1256369762042208
2024-04-19,2170.6370702507643,717.8134093813418,606.1770383837118,1774.7495024761936,1714.4044975215265,2280.1694041343103,1395.9581436216977,618.5566655669492,1.0,0.36582051341886057,-0.03691770793397707,1,-0.059755115009231634,0.1185271766284217
2024-04-20,2156.482144451598,713.5961990991505,606.1700383837118,1763.1159695004146,1711.1832503103735,2265.3025964710373,1420.2456102340905,668.2873178904946,1.0,0.4333289707529545,-0.008473655143758448,1,-0.053193058633981605,0.026691647872591706
2024-04-21,2167.9232859816416,717.291267741151,606.1643510063575,1772.2880902426286,1722.2100646362258,2277.3217674574767,1420.5826322072667,660.5047786792634,1.0,0.37694837996669384,0.020107127459381077,4,-0.2018579143631217,0.06769196041306805
2024-04-22,2184.958962006411,722.748791772171,606.1528715993322,1786.1398608662116,1725.9970554687827,2295.219819595632,1461.4060600490022,686.2292665587954,1.0,0.37763536926324986,0.012504154749851799,2,-0.08037682223044089,0.022939174058597134
2024-04-23,2206.5321612880102,729.986462541516,606.0454837802014,1803.7831299158738,1739.1667131187558,2317.8816626771722,1452.8338842767241,676.1688990295776,1.0,0.3734053568696835,0.022143062517521565,0,-0.0,0.03488467028042144
2024-04-24,2213.6581050576046,732.9599146229739,604.678983796642,1809.4214267274244,1745.2041522682102,2325.367224545863,1406.0819335432088,649.5110195252668,1.0,0.36414255415827174,-0.03223965796743924,4,-0.21026631018975478,0.04817210534576
2024-04-25,2230.6190082205476,738.5599571434268,605.6930882921966,1823.2908419015416,1760.206779756362,2343.18441387792,1411.0891171446826,651.0602960726517,1.0,0.3650841239476106,-0.024409903758726835,0,-0.0,0.04251831208615412
2024-04-26,2227.8819994753894,737.667458969452,604.9143669730349,1821.0527396819361,1755.2727197587046,2340.307776351834,1395.1134002343863,640.6803828532802,1.0,0.35550807363636133,-0.02571265280607188,0,-0.0,0.09855228719959083
2024-04-27,2216.4382703253646,733.8840947965481,604.5877393298072,1811.4489084710672,1745.102589250473,2328.2865038320815,1387.939646805352,643.4756272791782,1.0,0.3850727616941206,0.03159734455732563,5,-0.2643676914311331,0.06366172490948828
2024-04-28,2219.6027998059817,734.9230167306873,604.6218552695995,1814.00500929194,1747.014782691584,2331.6112120452767,1380.6586591121252,636.6838265611776,1.0,0.4030827105712998,0.011179936841109114,1,-0.03377176256234866,0.17147075744375087
2024-04-29,2215.3148671230115,733.5125749090698,604.8787870947123,1810.2242081660681,1744.51222692211,2327.106324936445,1397.1617935258982,635.7080684756168,1.0,0.41421893630027057,0.019627565814368753,4,-0.29377903249162574,0.17704304616107597
2024-04-30,2198.7585099174667,728.0577380546212,603.5527917109417,1796.5641892528615,1729.1165801771497,2309.713108618042,1327.323837629819,595.248060719087,1.0,0.47343324911389423,0.004705212437266787,2,-0.12777264478789127,0.11317793338622024
2024-05-01,2191.468215964686,725.6660032643722,603.5457917109418,1790.3595243080624,1733.5409707953618,2302.053348132641,1276.0352209846537,599.9307312088363,1.0,0.4741790420777401,0.0022526029272924818,4,-0.26270004286883863,0.18992481204971434
2024-05-02,2189.1992393780847,724.914408770445,604.3344458559638,1788.3340876000382,1729.9649094914953,2299.669769772554,1291.9912418056085,606.6128315229246,1.0,0.5176447517723397,-0.04136259666643963,3,-0.18546726230140376,0.0619734234724761
2024-05-03,2195.6217085084036,727.0173681976682,605.0823368816974,1793.4404592093551,1732.283317024784,2306.4189819633198,1375.5245451571172,640.8073738217539,1.0,0.5806046922543674,-0.004722758851273908,3,-0.16478386821554414,-0.0025342209452526056
2024-05-04,2194.0043123996847,724.1452886468236,606.78747362973,1791.6808148105101,1728.003894764456,2304.719973196373,1397.6388765788356,648.8120405043123,1.0,0.6716657382256372,0.12570938364542653,4,-0.4645178888299597,0.008373793191977716
2024-05-05,2197.8978944943065,725.8837207258309,606.4718331722808,1794.8681343418295,1730.8607030337937,2308.8100098679984,1400.3481830904723,657.9776676704429,1.0,0.6763174579312775,0.1272828759694146,0,-0.0,-0.05425317656261263
2024-05-06,2192.0240566276143,725.4136211143879,605.3275921184744,1789.6381120853312,1728.0751508636588,2302.639764572033,1381.8513667444688,653.2320505235522,1.0,0.6945081481609815,0.1445831025465309,5,-0.4632835352607346,-0.10757438451749357
2024-05-07,2174.3128007251407,722.5599909898776,602.8287443968776,1774.8733888699987,1717.884864647055,2284.034765852561,1363.319535128525,634.480603153342,1.0,0.7423530941745669,0.04994614175853278,5,-0.32022335001139857,-0.04441911929762966
2024-05-08,2142.752585940315,713.1825121773361,602.9883524289952,1748.8924885146464,1704.7993976925857,2250.8819485842077,1338.4127359290617,621.9838507357879,1.0,0.8406818374404078,-0.0070238863321845655,3,-0.21917903318654092,-0.1224004952390911
2024-05-09,2174.9686504005113,720.7979432442457,604.6153954633086,1775.168161991281,1734.5563700622617,2284.723694032165,1379.8226695422982,645.9944959716726,1.0,0.8540298428557317,-0.0009784060964670935,2,-0.052205641270767586,0.025332958144733474
2024-05-10,2183.853297923932,724.543103091848,603.0365751496091,1782.4029636221924,1738.7716884566614,2294.056700440588,1330.1009862269648,622.5910737381004,1.0,0.8077932664211511,-0.009114032725975411,1,-0.01864371231364367,0.04512434078920056
2024-05-11,2194.389994160449,727.6276448855078,603.5602789402918,1790.9348065912986,1746.8884569885224,2305.125116730403,1330.7815955364308,625.4442880734498,1.0,0.7589646859109456,-0.05181175392743271,1,-0.0730011601347678,0.11380974780862924
2024-05-12,2204.622081101509,730.0752902319887,604.7393362905307,1799.122283652885,1753.2742312318705,2315.873547234311,1344.9321415010852,625.6180410684648,1.0,0.765125939825979,-0.053233726371495885,3,-0.17977993978863743,0.051837243891508344
2024-05-13,2242.9393504225736,738.2191397748837,610.5518403446366,1830.243638774964,1778.8727701763291,2356.124398100613,1376.8026025099407,632.563327377899,1.0,0.8371783094357224,-0.018051154452010956,3,-0.195787972300203,0.11645247554082999
2024-05-14,2259.4191011901735,741.7575781570808,613.1863364115435,1843.4698070613465,1787.0931520353126,2373.435776780921,1347.004607790681,612.5097386541039,1.0,0.7785217566068925,-0.03954352601905211,3,-0.24443728170664936,0.32464787937472556
2024-05-15,2238.9718431821175,735.5017378963455,612.778428274305,1826.0350229581368,1769.0989181272203,2351.9566443646167,1448.2184340077079,654.067149454898,1.0,1.003234147911909,0.24969668350008278,7,-0.8204519798928718,0.2844096741954565
2024-05-16,2216.3450998645853,731.5706542402646,608.9474801525467,1807.4584368157866,1756.8678024492049,2328.188091896564,1427.259606494022,646.0035101222504,1.0,1.0455397001132223,0.17225493232664474,2,-0.10845286782495216,-0.1634902680904645
2024-05-17,2206.5998784721364,722.2927833277605,613.930044077625,1798.8998622986467,1755.094876086899,2317.9510956083654,1465.8267378789742,666.2213865461198,1.0,1.1541077771073223,0.2743858428607427,8,-0.6531186938363598,-0.0051088133295161195
2024-05-18,2171.395349338094,712.7434379660474,611.057582866781,1769.873817143275,1740.687618554435,2280.9700519365865,1463.745517771893,666.0261408618269,1.0,1.070297448599863,0.18062571653010495,4,-0.3096065215895919,0.027155468310649453
2024-05-19,2175.6662537097936,717.4096214809098,607.7464931079808,1773.1707591773854,1739.961877871369,2285.4564845002637,1449.6190448053228,648.0025281174045,1.0,1.056219638655587,0.20077990333587759,2,-0.18967640040540698,-0.143411258868064
2024-05-20,2224.1468783733217,711.7445036567276,629.2609763146983,1812.153073477495,1778.0130492237392,2336.383555736762,1564.0117432461586,711.8476315613395,1.0,1.189164541050846,0.5565276719675846,5,-0.6881822493136383,-0.16757487299953377
2024-05-21,2291.231400775863,724.7363220178228,639.4417457923566,1866.6233099355154,1806.41584756832,2406.853351202551,1535.6121708701428,721.424851368769,1.0,1.279115704549378,0.6032468351797479,3,-0.337408178226215,-0.6109180532450343
2024-05-22,2311.7348812901714,738.0804274500142,633.6611931163035,1883.110245083379,1828.970802385875,2428.3914949187592,1514.8284197061587,716.8172090227756,1.0,1.2805320902470232,0.5854240411161822,2,-0.24221470063692,-0.4999400436199085
2024-05-23,2407.365646223833,763.3641550853699,638.9916118511528,1960.8410345719522,1907.4973291303106,2528.8477031995194,1488.1467840115922,720.19178075999,1.0,1.1796521384713217,0.5309752063411235,4,-0.3129521233467701,-0.40338405611435413
2024-05-24,2382.407771443575,762.3531826841427,632.0464063406847,1939.820553544593,1893.7087400333216,2502.617062845159,1500.931734448572,714.06838204272,1.0,1.1122650562500658,0.4646627063823136,4,-0.44521048052777445,-0.4012714943206601
2024-05-25,2397.6737358139076,759.9197717447,637.2310123192844,1952.0150510690585,1897.9931523654514,2518.6533645081204,1516.9140167219819,724.2561126794145,1.0,1.2022560830681812,0.4963595804387085,3,-0.31498692124206124,-0.4705418758107567
2024-05-26,2413.248271996653,762.4341272365162,638.1613301554885,1964.6247400083926,1928.1792890182774,2535.0139583895834,1499.6230387345502,716.9767351060334,1.0,1.218743707952651,0.5185495648534038,2,-0.16182557707698098,-0.49350152479671505
2024-05-27,2481.5220405273967,776.0401550138808,644.2568798112352,2019.9648880786522,1953.4573952005544,2606.7328546208228,1520.1354215564963,746.3231584466041,1.0,1.2754652172062548,0.5630162036849062,3,-0.3382835189911823,-0.33946205370749577
2024-05-28,2460.694687537178,778.015297927964,638.4076915477141,2002.6199886173465,1936.8229749383436,2584.8544269056065,1497.7891139714227,742.6766419733491,1.0,1.3068421898955636,0.5293082708711658,3,-0.34522095731533214,-0.5417547998318905
2024-05-29,2377.469070241502,763.6421005047906,631.3035018939041,1934.6306182028907,1865.340430119131,2497.4291292400726,1481.292544920763,728.1306527406873,1.0,1.2431583940640332,0.4378092741432706,1,-0.1253799120605939,-0.626355208519316
2024-05-30,2300.6239972446992,741.9863190993171,629.5091827933751,1871.5511147640627,1809.647636147039,2416.713534792161,1496.9575013103388,720.8541818841682,1.0,1.096196442740207,0.44419337616127574,4,-0.507958967185108,-0.48424416076100574
2024-05-31,2339.9579149956558,753.0099943018827,631.6405163348453,1903.4348850734416,1857.4133956921032,2457.9939746228997,1478.9115065648175,725.8720865313086,1.0,1.1416070640391411,0.35530241721057004,2,-0.1612560374507641,-0.3413567535883188
2024-06-01,2375.674154668175,764.3993011866414,631.1478777201053,1932.336202950963,1888.0830484129401,2495.512652702977,1483.754556088446,736.5514859701096,1.0,1.1547442711630067,0.35123670302708626,2,-0.2227374386095496,-0.30103032941360736
2024-06-02,2376.973109302754,766.9639221230766,629.0668132758162,1933.36714478213,1891.5783451493485,2495.61710398023,1483.9011825313212,725.3904402764239,0.0,1.1237679295052527,0.335884770141508,1,-0.02636810500735989,-0.30850759789097715
2024-06-03,2371.2682636641916,764.3798710197343,629.6038125052352,1928.3173700932334,1887.6540494904218,2495.5809250941793,1506.7814729829854,732.4278604291435,1.0,1.137040542149031,0.33793743235975393,5,-0.4190205633844425,-0.48417890416588927
2024-06-04,2410.488152677168,773.640148721014,632.3706083412707,1959.785756683892,1911.2075343190206,2530.4787111586056,1544.6110952448187,757.4507350288244,1.0,1.4033275275860244,0.4739778698245801,5,-0.4942971271971911,-0.24814331587486
2024-06-05,2442.357971405874,783.3020027015078,635.803185831509,1985.378470623581,1937.4939089546144,2564.632162547007,1556.719813281075,775.5579051422978,1.0,1.4204614703492087,0.5687190499976555,4,-0.3618289427186826,-0.4363342804691615
2024-06-06,2442.1387748100383,788.0464060098827,631.5884965348013,1984.9448614968333,1942.7076409703077,2566.393425532661,1550.0822311730024,762.7769647996319,1.0,1.3772106770959884,0.5425213864597042,3,-0.2551118779910402,-0.47030067022608896
2024-06-07,2391.798656399183,787.9744247666391,616.8590351869848,1943.3713709209892,1888.9682734877595,2515.171790636331,1518.2839891583988,717.3151723915796,1.0,1.0779084641617067,0.399704483074456,6,-0.6436642744948115,-0.3307901031995165
2024-06-08,2460.5600979035044,799.4739959034988,624.951006888471,1999.0669561001673,1948.9215633672943,2587.6044000215843,1517.6165105751602,708.3627349812502,1.0,0.9263185168724833,0.2832291040288755,2,-0.22984886542790453,-0.2538180343123997
2024-06-09,2441.152404896591,796.5917272713256,622.4238696603139,1983.0568871619253,1937.2999596785319,2566.4865039290517,1524.632695289463,715.349393057777,0.0,0.938102428601413,0.2723228169042394,2,-0.24336548786655557,-0.20502247751531022
2024-06-10,2428.71902981189,792.7747035631958,622.1487086037458,1972.7112843096295,1926.2604461101039,2565.2851561549614,1522.2604107510024,694.2324473782307,0.0,0.9251110511092447,0.2671629049046023,2,-0.24823723720722218,-0.11866855303033112
2024-06-11,2361.4376963079326,781.4006684042743,614.0454396980178,1917.7446417615417,1874.6802846693145,2535.930463193444,1473.282801921902,655.7545687120083,0.0,0.8450737972574562,0.06841977009257429,2,-0.29436574039965113,-0.21484711646859136
2024-06-12,2320.3391146208646,770.4489565253716,613.140727282182,1883.7245942430327,1851.5126954359143,2532.202540795784,1494.064364631515,672.7084091332695,0.0,0.8826204249018581,0.11162585284941708,10,-0.645968684381485,-0.010775018207016984
2024-06-13,2310.2244777975097,769.0900533683962,611.351846798297,1875.4148132806986,1852.96585450463,2526.0074920542916,1461.600832488044,634.5372160091791,0.0,0.7963729057485747,0.06304217315007962,1,-0.07235623160363142,-0.04006471524406029
2024-06-14,2335.4216321193076,776.0413929880903,612.8141199168716,1895.8129020895572,1874.4193453400255,2530.7011009011067,1445.2487014258886,618.7497921889403,1.0,0.73265700475801,0.11558665367479745,1,-0.0692971478667095,-0.03962283800668681
2024-06-15,2334.5972405234947,776.4357653012934,611.9331811656066,1894.9911289665283,1873.040014705202,2525.2906949215553,1449.0566120319047,625.3760128474968,0.0,0.6348589542326726,0.10377045618812437,2,-0.1689167538907782,-0.00953484305101042
2024-06-16,2350.0224065895773,781.6243925266053,611.5499655326917,1907.1850978338766,1888.126988423638,2523.690310020609,1458.6836228111367,636.2596116803194,0.0,0.7861526848753962,0.07382623194829654,6,-0.36955279463901797,-0.016703553397284653
2024-06-17,2349.957678094664,787.2153930609503,606.6150055022628,1907.1118356353068,1883.8076365493882,2502.0608243609113,1454.7115781272755,589.9620413190844,1.0,0.7187444766784348,0.07380408419662958,0,-0.0,-0.007903554952018544
2024-06-18,2374.8233816894076,795.521271644907,606.6150055022628,1927.123205495084,1906.2026477870297,2537.863935601695,1425.7780228846689,556.3817889727247,0.0,0.6643549576872103,0.09306315656343793,2,-0.17568351885485203,-0.06401819456693456
2024-06-19,2364.2746773296867,792.8164673013815,606.6150055022628,1918.5582380590436,1902.6693209315727,2537.863935601695,1421.042207625233,556.8145073377833,0.0,0.6678861657047723,0.08905670939016862,0,-0.0,-0.09466703653126346
2024-06-20,2339.364065449581,784.8261116979195,606.6150055022628,1898.2476042069977,1880.27589663251,2536.5524504374644,1419.3001979456992,557.2936839584736,1.0,0.6239341937560636,0.028561577042791473,1,-0.08329017316658842,-0.07468750248544925
2024-06-21,2339.6454431694997,785.4500436055937,606.6150055022628,1898.0670904035335,1881.2951142083389,2539.0940580262118,1403.3244810354029,553.788766626031,1.0,0.5966330773140832,0.01034485327392822,4,-0.4418932294602158,-0.004262564790703784
2024-06-22,2360.5356509596913,792.260461323817,606.6150055022628,1915.0316692851197,1897.8374941131171,2568.5785304155474,1405.86308810608,552.3722052609223,0.0,0.5888426588661914,0.019078356111500553,0,-0.0,0.05835684989296073
2024-06-23,2368.2132151200176,794.812847974476,606.6150055022628,1921.25264055894,1904.4615466755133,2568.5785304155474,1382.9915514719012,537.3449672993803,0.0,0.5752676699857703,0.022277502309349027,0,-0.0,-0.04517144563921252
2024-06-24,2366.7931527266064,795.6827994216235,606.6150055022628,1919.8892124406857,1905.814046813565,2568.5785304155474,1319.0602339238892,543.6285204982875,0.0,0.7197049056926381,0.008964159181747988,2,-0.2340041997745896,-0.03464921096381546
2024-06-25,2384.008673606737,805.5302510956466,606.6038566008502,1933.3744060495274,1928.213539216573,2568.523691445896,1351.9789645765848,562.5949109677822,0.0,0.6476730885101258,0.08721451962313094,5,-0.5496965965102079,0.029068485174731186
2024-06-26,2367.1461701604503,798.4374837215728,606.2139047678501,1919.6356079587376,1916.8355393459592,2566.1777533525656,1331.895518811408,550.6177196782116,0.0,0.6690916050266607,0.1119228479044934,1,-0.051609800156068794,-0.10017723347206525
2024-06-27,2360.61495221072,796.1707140859048,606.2761858355515,1913.9022033087215,1907.184150542493,2566.441468908393,1349.8824252889046,569.8762006976218,0.0,0.8201601094981992,0.08935405342779662,4,-0.4569254245913853,0.033174011941810175
2024-06-28,2334.505505941531,788.4541942758565,605.0041971999628,1892.461488220747,1898.153522301076,2561.055511306503,1322.4785996518183,547.8094197107163,0.0,0.7677264779266336,0.04255013642298994,3,-0.29184086690363525,-0.06333830853868161
2024-06-29,2332.908813787927,788.2750357179445,605.0041971999628,1890.9284277154388,1902.984818075258,2561.055511306503,1334.5719985074754,544.6119704730085,0.0,0.7225832636235148,-0.06936663390107536,3,-0.27206338887452486,-0.03747186366642543
2024-06-30,2338.298010182912,790.9470168593797,604.9971971999629,1895.1877150680261,1912.9921723684731,2561.035164077782,1373.6052706735088,559.4024302409896,0.0,0.6610911840432352,0.012539258647363143,1,-0.13002125082515584,0.11730652682967574
2024-07-01,2361.547822270319,797.9349497952327,604.7337460790135,1913.9444136509676,1934.2359276392626,2560.276518836596,1376.1788930141263,552.1882881277367,0.0,0.7087802285120122,0.08658305632718107,1,-0.10630576633039461,0.07199375506512211
2024-07-02,2361.7683523933083,797.5532522686373,604.7164927369248,1913.8162720257083,1935.8265079813248,2559.893759720528,1359.5466397924476,556.5870005349582,0.0,0.6580476420938486,0.03135834379181563,3,-0.3281569703682593,0.10235619981568904
2024-07-03,2322.2998030500075,789.1454276876842,602.5749795153558,1881.6338050873537,1892.9286437557366,2550.828253431362,1317.6246078563331,519.1678368783903,0.0,0.6437272870752245,0.03747472754094992,2,-0.20765760194824595,-0.1456509812551736
2024-07-04,2284.424674709397,777.1084234800342,602.5749795153558,1850.7970874206526,1899.9528436275548,2550.828253431362,1248.4234921822945,461.75600227206195,0.0,0.694817325737726,0.02167369094892824,2,-0.19725175348171953,-0.16223859518528708
2024-07-05,2302.462534950087,782.5955378239242,602.5749795153558,1865.3721327882074,1905.4986755381472,2550.828253431362,1238.7724084049787,445.25063001058334,0.0,0.6159526532191152,-0.01393775992105379,1,-0.06993695119024398,-0.19904864478410825
2024-07-06,2264.6539764371523,771.3057014301776,602.5749795153558,1834.2572338022312,1905.0164742333754,2550.828253431362,1274.0305967805655,490.4748185188561,0.0,0.753996020181364,-0.045061410290279866,5,-0.45779509967139603,0.0027787308977081
2024-07-07,2253.7996029767587,768.4809467786778,602.5749795153558,1825.3038847545395,1900.7167453620136,2550.828253431362,1221.8337715713221,451.69874171540954,0.0,0.697554711140349,-0.04374299852450344,2,-0.17389858040037115,0.013117761386869327
2024-07-08,2275.017685334859,775.0002238099779,602.5749795153558,1842.2041649080327,1918.4714610167991,2550.828253431362,1240.5559987175666,472.5248044166645,0.0,0.6660338309746746,0.03985539969242925,2,-0.33366068016932776,0.029373724132626386
2024-07-09,2278.579648124708,776.0752971090839,602.5749795153558,1844.6184794499707,1933.0669970951378,2550.828253431362,1269.8112567527503,483.1946334396622,0.0,0.6532431233442416,0.0718906993487712,5,-0.5106113042012965,-0.05527830096223445
2024-07-10,2267.391183294146,771.885435115147,602.5749795153558,1835.3781484815468,1923.4005236929381,2550.828253431362,1262.8913640307835,500.3110245078037,0.0,0.7832433122142785,0.06741135789464034,2,-0.19079107379737137,-0.03690787539609752
2024-07-11,2218.060197024912,757.5396635943761,602.5749795153558,1795.0089699270802,1884.7404579520835,2550.828253431362,1254.3235651672478,481.0383975580084,0.0,0.6531533608535857,0.029622807977694607,5,-0.4426498593279175,-0.10433152862357559
2024-07-12,2211.1163167839063,754.8157878931862,602.5749795153558,1788.7066266458062,1884.8801831726707,2550.828253431362,1266.4585446559593,499.3310724731987,0.0,0.6709902592030892,0.0427908410381821,6,-0.7359927862026657,-0.24064765768206442
2024-07-13,2207.213001150651,753.8744774161762,602.5749795153558,1785.281716976005,1869.1076401779083,2550.828253431362,1294.9959896573655,501.0050452328053,0.0,0.7418817726141702,-0.016398351465230623,4,-0.27813905217401763,-0.15350347524990984
2024-07-14,2167.6570061755715,740.2654264346078,602.529045231973,1752.5301410004158,1854.0824849596718,2550.6338038245294,1329.836183248039,519.6308570587057,0.0,0.8346510480944261,0.08419928791996484,8,-0.816072214291511,-0.1278866278731722
2024-07-15,2127.6199822075587,720.68511919146,604.4724424925448,1719.4815223565458,1821.539935100207,2557.576102996934,1415.5054180659104,575.6291389947359,1.0,1.2009060224066068,0.4503727765268194,7,-0.7404822900541306,-0.19622375555281085
2024-07-16,2125.8996097997874,717.3258867595724,609.7197039826617,1717.5761149194398,1813.6459856877866,2568.7175366407128,1422.7141867648852,591.2736829522598,1.0,1.2182824553893574,0.5589655696271943,5,-0.5698703168656192,-0.496276283462234
2024-07-17,2151.974694866459,725.4717723522909,610.4340207397088,1738.4410928507004,1826.1191330821723,2605.2909374388787,1401.8297666998224,582.8500241738335,1.0,1.1490209758360281,0.5112800372219961,4,-0.2527815114862238,-0.29245368029997343
2024-07-18,2095.0104978868485,715.2760068378278,604.1736724929575,1691.8653293535167,1787.5913594925012,2526.3990759106555,1399.7332274121425,570.3940565957621,1.0,1.0433260764955463,0.3822387446518422,6,-0.5551812130985952,-0.25795422831928355
2024-07-19,2132.7673103518364,718.8974502481079,612.2252751783383,1721.9695747820708,1821.6519561533241,2573.9918394105266,1458.1211900377186,603.258201328955,1.0,1.2191880197871374,0.5459446108741394,4,-0.4606317035721994,-0.1552823768691285
2024-07-20,2131.7368913459486,715.1336019572439,616.0217457083248,1720.8146080484007,1823.9904343350981,2574.4232580678286,1468.3565911321648,608.4122961290115,1.0,1.180782573423783,0.5984484432315342,3,-0.33417654361050475,-0.08283930471375162
2024-07-21,2145.642196815513,712.5178645570343,623.7323717822396,1731.6234392520275,1831.598137274555,2595.332663657897,1491.1690394983195,624.3452231278462,1.0,1.3015965025384484,0.5724236077976808,5,-0.4509950349338098,-0.32261008438965316
2024-07-22,2147.452781854713,720.2267042743612,617.3239152844952,1732.7128594729,1816.7827332936693,2590.8482424755944,1477.1891929746243,593.1021002932774,1.0,1.1148791076402462,0.6042071950881583,5,-0.3877141590422414,-0.46162505161104544
2024-07-23,2108.469307404459,712.1413545722795,611.156217827918,1700.7704330956296,1791.7308650851771,2540.7560866242193,1442.550337186108,575.3544487118727,1.0,1.1700830520560672,0.6225060384046823,4,-0.4669902532331545,-0.458397342689736
2024-07-24,2123.9670341652145,718.0479831697032,612.6172427121492,1713.0812117708385,1812.8801229990524,2565.2145033562697,1430.1724392621854,571.4774909496032,1.0,0.9909762563813413,0.45696175174553055,1,-0.25119229813696037,-1.1340420684466692
2024-07-25,2117.8342551790015,720.9798665845915,605.7893909175166,1707.8543267718926,1790.0082568836742,2560.8162803028513,1439.4120936177019,557.544792557299,1.0,1.0269093061158765,0.26326942146180093,4,-0.28528017058715727,-0.37990218548596155
2024-07-26,2093.5290067926803,703.6576849093599,615.4157286986172,1688.0627578350102,1779.3390644618103,2533.9872506175293,1485.577538579716,592.7075871624984,1.0,0.9789904545435363,0.4160980066244645,3,-0.23595755093857473,-0.5393226328164751
2024-07-27,2091.831726987216,704.0758673693339,614.4401823607212,1686.688576192174,1773.4025023732436,2530.7165452495883,1485.3871430494153,588.5843425456584,1.0,0.9741031814298955,0.41600432925096936,0,-0.0,-0.7950877597487764
2024-07-28,2101.3857425069227,706.2371403155873,616.0550845168382,1694.0525140696145,1781.0382298117438,2541.19931463183,1492.8650916360566,582.1755402496764,1.0,1.098333618888294,0.4965185226602827,3,-0.38276077812855874,-0.3554163461704637
2024-07-29,2083.0459916875816,703.5378470856242,611.7609488154802,1679.127629547237,1765.6192828652916,2512.4397654615072,1460.793292825044,574.6304280903234,1.0,1.170651168733668,0.5689694143011611,1,-0.11167258955901775,-0.5083208751313855
2024-07-30,2098.452743188051,706.1283180171665,611.4299643053164,1691.386347054015,1772.730172538647,2524.8813320922586,1447.8660928539316,565.5094241637737,1.0,1.206360206060919,0.46500754836131414,2,-0.15783177958995326,-0.5162951718167413
2024-07-31,2070.852023647258,703.4002689723596,604.4611814836001,1668.6564661394582,1736.8076733797416,2476.256093814441,1413.7809160213471,545.1489707335897,1.0,1.2361310536465053,0.33677659878772226,5,-0.4558468924758106,-0.3815323139150634
2024-08-01,2017.4225566349294,692.4435302961978,599.1606924421591,1625.1896536768324,1703.7345847719248,2410.1221070547413,1429.6931677548766,534.1204458893775,1.0,1.09980409436499,0.327723848517974,5,-0.3913844824828814,-0.36678219069763385
2024-08-02,1981.8499122049259,696.7467307228707,587.5070048027465,1595.6130826654405,1678.4748140350557,2365.1921361204877,1345.542720270669,496.0199278018711,0.0,0.7008408880236275,0.08494183208382541,7,-0.9109417784527924,-0.2908432885723593
2024-08-03,1955.7586068899113,687.712584427323,587.3275367524244,1574.3400348759328,1672.572983904221,2364.4762304622936,1328.0547813898227,468.1269649616686,0.0,0.7098590838978988,-0.01745761687884721,3,-0.258652088280132,-0.07829567028789416
2024-08-04,1937.4582036413804,681.6715724253096,587.3275367524244,1559.5721701598475,1656.9174271119166,2363.8768335413433,1272.4658519051052,439.7701002778258,0.0,0.6156119465016608,0.020439860972101938,1,-0.06431999614830927,-0.09463525736395907
2024-08-05,1956.0199609070953,688.6528273167233,587.3275367524244,1574.047778626313,1676.254609711505,2363.8768335413433,1181.8332025731854,408.4014074739129,0.0,0.731187637088179,0.07516946457690779,6,-0.5176694232141075,0.2550882066013853
2024-08-06,1980.63424649289,697.0404562740139,587.3275367524244,1593.367055382824,1692.690498013268,2363.8768335413433,1225.3418639284735,436.7805600259487,0.0,0.7341918830213092,0.03891162027302715,5,-0.5321013163326057,-0.07915594109808609
2024-08-07,2030.4138835554827,712.8600395384232,587.2893454059453,1633.3792507838766,1731.2581725467667,2363.7231209473744,1205.9018237484513,429.23244310109465,0.0,0.7889284413787302,0.1383264339908583,1,-0.10761775820943068,-0.16331493277208076
2024-08-08,2053.6073878611874,717.7855051004353,588.7477131490109,1651.6848008221361,1712.0322383629566,2368.2899961611706,1349.3965884184815,488.722882734494,1.0,0.9054874968297864,0.05102574020621035,5,-0.3273089355700608,-0.1937005098072252
2024-08-09,2047.813710040218,720.1819128056624,584.6765198166513,1646.977402390276,1711.3175710803057,2348.3418421619353,1330.7684648102017,476.2208646444475,0.0,0.8437974857339628,0.010164031995966225,1,-0.054894267283914666,-0.18637239991678356
2024-08-10,2049.701842321798,720.5425653013302,584.9071563874736,1648.4232546969258,1713.2279010201146,2349.268689937334,1332.5476782140472,479.1831781483424,0.0,0.8998964288242857,0.06611749400225861,1,-0.078747687194649,-0.2435292343728703
2024-08-11,2014.2862115634596,710.8297740883881,582.8636249886735,1619.8875976441564,1689.9851249794797,2341.0564312532138,1284.4717125859115,446.7525405520503,0.0,0.8030071143565429,-0.005662224197418702,1,-0.07835954684166072,-0.35299159152631143
2024-08-12,2036.251908701048,715.9637837030704,583.2225457185073,1636.904068772066,1722.6919458253049,2342.4980269671096,1298.2699173967908,480.0187223769753,0.0,0.7809274530625889,0.07914538097005774,7,-0.6708960101587693,-0.06890678691183455
2024-08-13,2041.465963109665,717.4208184392329,583.6441803888508,1641.020484424214,1735.9249422203684,2344.19151153939,1325.1200640779452,478.6388841369782,0.0,0.8428510061631741,0.017948288165741063,1,-0.09100320343254976,-0.18040504145711383
2024-08-14,2022.3489197768015,711.6049524648959,583.235215905552,1625.5033455474252,1715.6688366912629,2342.5489164403843,1283.4869081188385,461.88561835269644,0.0,0.8320821786116269,0.01930564337403221,2,-0.1643545190176846,-0.09516655163197825
2024-08-15,2017.9770567566632,711.3991158483778,582.8378277506968,1622.003413966922,1706.830187172677,2340.9528173603303,1258.6019934630879,443.8828442980022,0.0,0.7976803037486481,0.01727266945312118,0,-0.0,-0.18496666240818357
2024-08-16,2009.6470333217105,708.0809419447236,582.9755736998468,1615.0932260249904,1699.4828903511313,2341.506070344933,1288.0126317586323,437.9259455623066,0.0,0.8516418598343479,0.0642300766658451,4,-0.22600367849943934,-0.2589558193645611
2024-08-17,2001.1309241899894,704.9002112237846,583.1083707898051,1608.1681757973688,1697.3158090007717,2342.0394463666553,1301.4409877807661,444.3063447490576,0.0,0.8076587804137053,0.0019732452222865488,1,-0.08184243839816961,-0.22097484735149303
2024-08-18,2002.8490053069754,705.7002156564863,582.9407644931227,1609.5534486797835,1697.595855890133,2341.3662600809607,1277.8385073865818,440.60447378837466,0.0,0.8023092303811884,0.0028717767590281107,0,-0.0,-0.0849320729691795
2024-08-19,2015.4632401623314,707.853643390037,584.6679874463268,1619.3349633930059,1709.2077934979557,2348.3036056786464,1299.9090697208749,450.16677716688537,0.0,0.7910047260862082,0.07279647367541593,5,-0.41036663620272296,-0.05865897498627613
2024-08-20,2034.4484946221883,714.885797829542,584.1121082450297,1634.5983169353497,1709.5796621775223,2346.0709314759265,1290.8138533538624,457.18763339134074,0.0,0.795453825012487,0.08145150631916366,0,-0.0,-0.005023249629696372
2024-08-21,2034.7480485280416,714.4942360080064,584.8252495088552,1634.6868642547845,1707.7526515929735,2348.9352446197227,1337.5833117223476,473.36954028349146,0.0,0.8196085957758076,0.1995121728639717,2,-0.16787075508252036,0.034679087712864654
2024-08-22,2017.1056656648975,709.1666711405519,584.1098999528242,1620.1011049712447,1692.3322036291756,2346.06206192832,1320.7300246091706,475.82762715858644,0.0,0.9038191048557288,0.22941515114493263,6,-0.437310459008338,-0.04136884706190603
2024-08-23,2023.779621550007,708.6047467611136,586.4384158892608,1625.1897620690988,1708.0176170353998,2355.416415258251,1401.046300034907,517.2488577078311,0.0,1.1331164659521462,0.25415082281411905,4,-0.28447234094527,-0.05716152278763671
2024-08-24,2006.6878359435148,701.9584482699985,587.1835625260136,1611.1351565857465,1691.1664893957388,2358.2409164842966,1403.1603469575573,524.9173227998838,0.0,1.1633555062792142,0.35968569776043063,5,-0.345282838672725,0.08934682450869348
2024-08-25,2003.9989783445646,703.7413086496134,584.937336169731,1608.809629096222,1694.8505873625488,2349.4025422911222,1404.7732378291857,513.0325851550831,0.0,1.1361647095157401,0.35314493442896844,2,-0.1692812748439531,-0.03590794384674832
2024-08-26,1986.8457053483098,703.1099872438535,581.3734345955195,1594.4925118893111,1684.519557787249,2334.6961980881997,1374.5156676919587,486.3877932366759,0.0,0.8934602735155825,0.20456236218825222,8,-0.5926735970813685,-0.025197104144891302
2024-08-27,1980.0828886826014,707.7305486728267,574.9032383956214,1588.6503285230417,1669.890596134726,2308.7113214422407,1299.6026861088965,452.9941107818541,0.0,0.6579892073749625,0.022661340566099836,5,-0.47137473079124204,-0.16562375024897516
2024-08-28,1960.4735501077178,701.7799329108948,574.9539945002592,1572.7919462843502,1656.8902180763082,2308.8932264340706,1291.4069244884774,447.33603871648296,0.0,0.7398116154986218,-0.04005434980526298,2,-0.10959904618367317,-0.19718087144054267
2024-08-29,1957.2379813597406,700.4827234477746,574.810738668825,1569.671742484389,1656.8296833557881,2307.8890272674907,1298.2611635793057,443.9272605938116,0.0,0.8346851840273722,-0.06139282357403855,7,-0.5592730922508113,-0.1867216669073513
2024-08-30,1967.072932072523,703.3906697163964,574.810738668825,1577.3363842361982,1657.0133774135302,2307.9699199294673,1293.2955606108865,447.16700651067737,0.0,0.8365434006099699,-0.058160370324700554,3,-0.17138213232967447,-0.16088170441992228
2024-08-31,1962.0671611397072,701.5455238283873,574.810738668825,1573.0813325465472,1654.1458259024419,2307.9699199294673,1289.9165870616403,440.90248184100096,0.0,0.9070444747867243,0.020700250288992354,3,-0.2718557812301703,0.07689106435584785
2024-09-01,1959.9234261456056,701.0838884021298,574.810738668825,1571.0998952756315,1664.77344911015,2307.9699199294673,1253.2862377952647,417.2245362401246,0.0,0.891677930172321,0.05285714491766134,4,-0.33651480491767144,-0.00708291847987429
2024-09-02,1960.9234789782984,702.9913335674821,574.810738668825,1571.5365786536286,1653.9913787022585,2307.9699199294673,1293.6413364015475,443.90743014792935,0.0,0.7137428581738255,0.09958022348544535,3,-0.3321843848223306,-0.009570298355914802
2024-09-03,1945.4506638009666,696.0109068571961,574.810738668825,1558.6188238804655,1649.3238513998442,2307.9699199294673,1257.3086169296653,424.44982647378265,0.0,0.8268101347754249,0.07369785286923294,7,-0.6037145069705192,0.06201810557488112
2024-09-04,1959.146125533379,702.3024076747571,574.810738668825,1569.419792495561,1659.0410602088862,2307.9699199294673,1268.0955085256724,436.97881993459936,0.0,0.8477162129023412,-0.06330486971316057,2,-0.1970220559632691,-0.1685691480625963
2024-09-05,1954.9416989299286,699.5622776782901,574.810738668825,1566.0541894958608,1649.9567333685304,2307.9699199294673,1228.723025932091,424.19326719339267,0.0,0.8237128632108229,-0.06564975982021384,0,-0.0,0.11353616788638056
2024-09-06,1990.0227370120824,710.585668086472,574.810738668825,1593.9874235248126,1675.2753571714584,2307.9699199294673,1180.1831079772455,412.0296835713357,0.0,0.7858113913106659,-0.03911478399156052,2,-0.2145037331030225,-0.08248895970128584
2024-09-07,2006.4788975369502,716.8192950488658,574.810738668825,1607.1865245028446,1683.5112168592666,2307.9699199294673,1184.7175854345244,419.1193309783687,0.0,0.7980444628606727,-0.030567894516599817,0,-0.0,-0.04931368196091074
2024-09-08,1998.1842098137668,714.1591996712164,574.810738668825,1600.3278074815623,1679.1018180952035,2307.9699199294673,1200.1396233888884,430.8132902933262,0.0,0.8364642502604526,-0.013255349194248499,2,-0.2148006790136942,0.04190955556994981
2024-09-09,1985.961370876601,711.3824627492605,574.810738668825,1589.8639874919031,1678.8513650925363,2307.9699199294673,1247.6378370630077,451.17644007530436,0.0,0.8645863029371812,0.0031293300717618964,6,-0.7104649332244226,-0.02467131013364523
2024-09-10,1992.707757097094,714.7945228732508,574.810738668825,1594.9531237986853,1685.132754984961,2307.9699199294673,1260.7488672013071,456.2297961163534,0.0,1.0057094538280296,0.013714764850277098,5,-0.3458716361867416,0.0927725462975543
2024-09-11,1978.1579883438412,709.1523021867554,574.810738668825,1583.215552400725,1686.393982064037,2307.9699199294673,1254.1156620019774,441.8890769855163,0.0,0.8866691938588472,0.05569775697874065,2,-0.1395406878353659,0.8280551815613089
2024-09-12,1974.7370364201329,708.6750858126563,574.810738668825,1580.1651431285559,1683.7518074257619,2307.9699199294673,1271.4263360787504,455.33484173914235,0.0,0.8639693805881892,-0.019046826120492178,3,-0.28489189835111256,2.0717615848096087
2024-09-13,1965.723145618424,706.2524294152639,574.810738668825,1572.7361773833873,1685.5534582594362,2307.9699199294673,1323.0563516058342,468.6264428656456,0.0,0.8872029232380471,-0.02076598185420442,2,-0.2225318061304038,3.089582383886415
2024-09-14,1978.3286808082303,710.9988852013842,574.810738668825,1582.7291778217368,1697.9970472755472,2307.9699199294673,1312.2847791904262,465.4075426195763,0.0,0.7967846642244566,-0.09497383917828034,1,-0.11083386225311223,1.4515789196001367
2024-09-15,2034.8080184573607,730.2301659440628,574.810738668825,1627.6746352419125,1749.9744815084791,2307.9699199294673,1293.3874756944797,457.7110367815889,0.0,0.7268119862335722,0.0434337407191412,4,-0.32770179669337474,0.3908665182153786
2024-09-16,2045.635018207796,734.149316176576,574.810738668825,1636.0328309377235,1768.5111594687457,2307.9699199294673,1273.3959450128966,453.30483064081386,0.0,0.8265680081120225,0.11867864712311409,3,-0.35742458719109005,0.21182082194374913
2024-09-17,2078.980959250542,746.0206870094628,574.7833575205894,1662.4539464782802,1797.859476922084,2307.8599796269477,1319.222179547363,463.9508684454807,0.0,0.9746071021935241,0.1401196375754031,4,-0.37492659755966873,0.7238046369580884
2024-09-18,2154.0272102435606,771.6253939113953,575.7007180131667,1723.6175335157923,1867.6086896527647,2311.5433492652796,1351.0488714687933,485.80195718963364,0.0,0.9765099285408858,0.1420294040944719,2,-0.21742444258344723,0.28448911900401264
2024-09-19,2213.253834286114,790.7176284143547,577.0666085694853,1774.1278727812603,1950.1504830374115,2317.0312415450367,1377.126493756888,516.5042960591743,0.0,0.9077464571435062,0.14444376589443877,12,-0.9937044772603398,0.7554816588961204
2024-09-20,2235.904723917677,798.0637029878266,577.6487357643342,1791.2532493122574,1978.742664187187,2319.2024819259477,1382.5713682326161,526.6303706450891,0.0,0.9274185062780915,0.21927969199104935,3,-0.30180615748819073,0.5345416687954915
2024-09-21,2226.5355351692892,794.0656222147203,578.1311432684847,1783.5752370085709,1975.1428983239825,2320.772293481405,1385.7424386165915,535.2864809842691,1.0,0.937033363001108,0.2242446507139764,3,-0.18308692630835116,0.09583147667855527
2024-09-22,2221.9731177506987,795.608717807095,576.3726350776869,1779.4609938598267,1978.1412787834013,2316.248114069622,1390.9465831114796,522.2478258569637,1.0,0.918908678372252,0.17874828769130266,5,-0.4913426827935985,-0.140005391127492
2024-09-23,2210.7939452206306,792.0277719936025,575.7516310904392,1770.0264132314585,2003.5426934850145,2306.582529235169,1385.3353861035343,539.7957629917951,1.0,1.160265981199593,0.42237714580961816,5,-0.522497208888262,0.9757347066490717
2024-09-24,2242.2224794459685,786.0556956072694,587.8957163303919,1794.8539017627804,2001.174998399902,2337.6640228647366,1405.9309301915891,555.6798247715176,1.0,1.160419302212511,0.5482138800177273,4,-0.3638792766761957,0.15148933245433951
2024-09-25,2195.102485750945,779.4660854403221,580.4999654433815,1756.782091409771,1964.1456163949213,2289.664575943061,1381.3173838778764,551.9583185535143,1.0,1.0995693268436317,0.470004431422319,5,-0.366031349963043,-0.13796763523105998
2024-09-26,2173.1125277415135,760.8016074837716,586.4257899607121,1737.5262820162257,1957.5537769677228,2267.4370761983105,1425.5416698125707,576.2548084859496,1.0,1.2749867352935258,0.7710914441821672,5,-0.48702119389199566,-0.31263843371308137
2024-09-27,2243.3366715120637,770.5730369063814,597.8129488310566,1793.4945925725917,1980.4120918435763,2343.0103764338464,1438.899995294824,601.0997011347092,1.0,1.1973786309870482,0.8251786834592089,3,-0.33940634115935153,1.304106904893018
2024-09-28,2252.617865005195,767.252448080771,602.4874995776611,1800.5853048731751,1984.03875207661,2352.7516315352213,1440.4975669858536,595.995719387993,1.0,1.270135611250386,0.7707955027017082,3,-0.3477521851208854,-0.31082634377001345
2024-09-29,2258.2487606314717,765.4503956519133,604.7958699982232,1804.700210205809,1994.4102685791893,2357.9932705522033,1434.9279506109629,596.7604438482063,1.0,1.3590609525393522,0.824598070535953,4,-0.424273284130998,-0.7590990140275092
2024-09-30,2232.2903091271187,775.1735062122387,590.9060348491929,1783.7654465092448,1976.5342779015982,2329.2189133284633,1385.4907663638949,569.1790231794151,1.0,1.2389038495729456,0.6849560942214564,2,-0.21563806955486647,-0.6704790143789366
2024-10-01,2186.2310244476594,779.0544242238173,577.5855159285327,1746.3161412908232,1924.0294858545858,2279.800437649692,1330.072536320137,534.8075880178347,1.0,0.8820717697675593,0.2479841828684808,4,-0.6591923294063918,-0.23328292472537437
2024-10-02,2219.8683617233964,784.4062174132825,581.6128969088247,1773.1742675003607,1932.7858548493246,2315.361574376892,1326.697939679633,520.4993930497232,1.0,0.9297236146395874,0.1941915103112204,1,-0.10060798474923333,1.0833770657954052
2024-10-03,2187.1623437286594,788.4112773024458,572.7224814796062,1746.660614025613,1889.9267550180712,2285.5498289455154,1328.987062951985,516.2726093236929,1.0,0.8656672762758201,0.17140698635727758,5,-0.4263999848767242,3.2391539902975857
2024-10-04,2230.414599629161,793.9685557605814,576.0178607423907,1781.1224506358883,1932.110787895553,2329.9570053204175,1358.0322293675267,547.903054370405,1.0,1.0341170237846136,0.3168084279460185,2,-0.20376197258248688,2.82531317006624
2024-10-05,2210.935326390426,788.377258674182,575.4999185288392,1765.4097069689851,1918.3142158662884,2310.251393055008,1357.347243149318,543.1522784025077,1.0,0.9394198393144843,0.22141854357754384,1,-0.1381450854017439,0.38081290702883225
2024-10-06,2267.068364894911,801.1118415809993,578.5060394937649,1810.4798447253145,1981.8147743659806,2367.481058790567,1374.1151805420157,571.2914533103558,1.0,1.0113069263952117,0.2860202864750086,1,-0.07202043552238681,0.2059321283984655
2024-10-07,2302.871841148101,803.0068340899725,582.1024654362457,1839.0939296329861,2010.6709419061845,2404.6295002911743,1361.0150926755725,562.5132383359806,1.0,0.9341494533574145,0.23203699707593922,2,-0.10493404445607306,0.07870901818264747
2024-10-08,2296.805497766468,803.8842583951761,580.7105053985056,1834.002331141083,2003.5608261776943,2397.8606108064155,1359.7239045965212,556.8171924329938,1.0,1.044734114984519,0.21047946318530864,3,-0.24838922369416438,-0.3887910737478753
2024-10-09,2280.770347389848,806.5186345398693,577.1342403610677,1821.2463312934192,1985.840022196519,2381.6285278229925,1326.3434100714871,538.8002115161537,1.0,0.9874122388716438,0.061280145872742435,4,-0.22949402419831755,0.010186270658402753
2024-10-10,2269.830276255104,805.8549816668282,575.9268692639217,1812.1455590017654,1978.8198985581832,2371.0838733478677,1319.4891709806586,542.1883490915329,1.0,0.9189901576773857,0.11263344550442878,3,-0.34282545876056203,-0.19745515592670962
2024-10-11,2321.422287844527,816.1184446865616,582.3910154749684,1853.2041532956398,2029.6183572809605,2423.7131864814382,1367.9809429393363,573.9529473250527,1.0,0.9439872342940371,0.12302145288767816,2,-0.2062428074017048,-0.3449765975867236
2024-10-12,2342.477684547534,816.2988875478464,588.3907015362086,1869.4422955515865,2045.552363358628,2444.9641392342664,1382.5779335957304,590.8922136163472,1.0,1.0223378540591694,0.267713789423687,6,-0.6401813195796431,-0.5325396268611986
2024-10-13,2352.74032262381,816.9917904186179,590.755400111822,1877.2736185145973,2037.0594213000331,2455.9241512266008,1375.2203499995092,593.5682813675816,0.0,1.043567132708984,0.361305029967609,4,-0.35613108333617566,-0.137194586619547
2024-10-14,2434.0351268421196,842.4314880416271,591.3935130157457,1941.3413957085463,2099.8793684825127,2453.45917675409,1445.8001919274498,637.5696248481612,1.0,1.531553774495733,0.8001403027223659,7,-1.1803741312484866,12.487950421972327
2024-10-15,2311.5204820858876,809.7794497881233,583.9970750175964,1842.740655045401,1985.9411239062665,2328.2555954176382,1467.22953713096,604.3436975108808,1.0,1.2638741464280365,0.5815253535149048,11,-0.9057595285495385,3.9284252234594756
2024-10-16,2388.267621735932,834.3088176142597,585.8380265460378,1903.5296581996877,1909.9407729491993,2403.4686170040577,1479.2200786311673,583.246837978475,1.0,1.2274050539694121,0.5888925314569977,5,-0.47033633621797727,0.6833389250407768
2024-10-17,2372.8431358899265,835.9482447551711,580.8784359247784,1890.7224345231637,1888.9411853121119,2388.9871847052655,1475.0510730538913,571.5033086371767,1.0,1.0651595974009913,0.42270908131236634,5,-0.537984084361886,0.21905661311511415
2024-10-18,2393.6328138656163,834.23050505471,587.3766446121554,1906.9104423820743,1925.202166670983,2410.0188972793185,1497.0734893920164,597.1839897245418,1.0,1.3675898903136277,0.5530741777523753,4,-0.44496154963402473,0.38047922814469837
2024-10-19,2418.4022200089744,841.4433406498446,588.43510970217,1926.3014483216,1936.2948565061495,2434.3255270714067,1495.9639430257807,595.8449494403426,1.0,1.3366710083097426,0.5541478128274153,4,-0.39018550088732207,0.12231645177440265
2024-10-20,2425.137698411031,829.6375540002875,598.7755150109389,1931.4524668354234,1946.6676498767633,2440.886874390001,1510.4733955073239,608.2732951428876,1.0,1.5013220697266731,0.7003253605675657,1,-0.2454675572366399,-0.5842474419838835
2024-10-21,2408.221290159014,839.8311632329669,586.8743648785772,1917.6066013523505,1936.2436522676735,2424.005439762099,1474.3354484744848,583.3090826820766,1.0,1.4080831071531488,0.6495544931499564,3,-0.3744600444796077,-0.4468558783974099
2024-10-22,2355.6079256979197,824.387903344499,584.600807823162,1875.4964133837398,1923.647164303224,2371.660764013942,1475.1583073180834,578.4809137698396,1.0,1.3012855996991393,0.569312889403868,3,-0.20989182653985,-0.11211499590344198
2024-10-23,2361.083934350266,827.7802093002183,582.0983383629932,1879.2393387100228,1926.140876750149,2377.597528739997,1458.5435617313753,563.2273161129442,1.0,1.1735167861355427,0.5926208235863543,5,-0.6608209638390646,-0.4505562875033506
2024-10-24,2403.853764276404,830.8380145256705,591.1379768144881,1913.302368532928,1958.5703053526677,2420.336519371228,1491.9525061632364,571.6703521879856,1.0,1.1972766207945746,0.6193922320341901,1,-0.03266929636434025,-0.22792020765594495
2024-10-25,2324.852615398323,832.2368516309472,572.0348708963803,1849.9945139141462,1901.5766616218941,2341.6664209025853,1458.8849606132942,517.6186770954159,0.0,1.0365221277187453,0.3524430178065108,3,-0.4136979801059469,-0.034288522434211266
2024-10-26,2318.7228587755785,821.4994699619963,575.2176573499926,1844.9562417722095,1909.6193013259417,2354.763332265461,1467.8357389918026,535.159185431493,0.0,1.0704027859400325,0.3478977184722541,3,-0.176318784043827,-0.15726075768350925
2024-10-27,2346.49648361879,825.494115384017,579.7718221916573,1866.9603592437636,1928.5357836739474,2372.547020751622,1487.9870268424888,545.2849470632448,1.0,1.087961655348094,0.35035431473640916,3,-0.14990567345820607,-0.1721658808250749
2024-10-28,2383.516964599515,831.9334371517069,586.5601326797986,1896.1144942291814,1956.094043443585,2411.290015811277,1530.6049872686683,549.5987754845083,1.0,1.2210757587355678,0.4982633951211333,3,-0.4236818518352669,-0.39588855591658656
2024-10-29,2422.103916100736,835.5198852428092,595.4684307171719,1926.5468309337916,1989.5905265085325,2453.060248601145,1591.8707673924696,575.297189805269,1.0,1.2493956161935271,0.7524580344589319,3,-0.41672801396148795,-0.5828831083900595
2024-10-30,2395.6843091607034,831.8566202585663,591.3942897466444,1905.2756752899472,1970.4027631854638,2426.795110016596,1583.3248530726464,561.6304610517697,1.0,1.2634223898709283,0.771682786743346,2,-0.24290037605694398,-0.3815024590465294
2024-10-31,2322.431161958533,826.0761430189942,576.6265906703019,1846.3690410073855,1913.084604981853,2353.0014626205752,1538.962694512562,538.2797573542802,1.0,0.9992120646297383,0.5066528118359966,4,-0.6138183608933268,-0.39979452708283025
2024-11-01,2325.443301188969,831.3022191815122,574.1355239350463,1848.7445135884136,1911.1573912018432,2354.68035233379,1520.877307588358,527.3761483699445,1.0,0.9818013016372659,0.5073963603449246,0,-0.0,-0.243049479501116
2024-11-02,2320.3016911380214,831.2226483354443,572.9841296840443,1843.922578560971,1908.0891919669043,2348.4609769118183,1518.0563899037866,518.9006070178625,1.0,0.9987845621083621,0.40363140368762995,7,-0.804927123588435,-0.1059333678531123
2024-11-03,2317.484276013012,837.2546929163938,568.574524327382,1841.4229964210151,1914.4079675823245,2344.3091449433587,1504.8359370469234,497.5362382535291,1.0,0.8900903871167637,0.30174421297791637,3,-0.3053379286613353,0.19671292643229005
2024-11-04,2334.0110184093273,842.0192387064732,568.5231964732459,1854.0816032794419,1922.9994490467884,2360.7821147274844,1484.522703572763,483.00387471675606,1.0,0.7740007824339515,0.11567278820580401,4,-0.5327861926885744,-0.03269327205280101
2024-11-05,2341.222739856179,840.4997320094899,570.918059497972,1859.109864560187,1939.371515141659,2369.2976575047337,1517.7609485636647,510.5808997133093,1.0,0.9847154215052253,0.4436931321816411,7,-0.7545903146270839,-0.07249272765132433
2024-11-06,2536.4566069597417,876.8783381663941,599.8606839247713,2013.688086803097,2044.5213770274236,2562.7466333695234,1654.031625354121,579.0928205518946,1.0,1.1855405204250884,0.6540560796042864,6,-0.6252895582013491,-0.27409592922812354
2024-11-07,2589.048790878932,883.9720257970296,607.2138345073266,2055.1125214305102,2058.4483122402307,2614.1317139225757,1660.1483553218302,586.3926415142229,1.0,1.1339674445231676,0.623747406815668,3,-0.37096477010272216,-0.20546819540579037
2024-11-08,2643.75218890222,894.6335258249804,613.4664380904807,2098.331688870148,2099.2456074918973,2666.8358472061577,1673.7780491461215,576.9134272055377,1.0,1.263755028326479,0.6583110302805997,2,-0.2816449830043421,-0.11282002749233305
2024-11-09,2690.4505841352075,889.209808465992,626.121686065633,2135.415127839254,2132.403138706067,2718.665225402101,1677.9995776283083,617.7142368151794,1.0,1.3159777057200184,0.6642317342812417,0,-0.0,0.02696501768973203
2024-11-10,2907.9117495230253,907.2084247043699,669.3312682907192,2307.481104869749,2308.4978713876703,2937.7555977767,1759.736159941001,656.5996947529419,1.0,1.217496644381068,0.5688395394011448,7,-0.795368567855674,-1.1954649046796963
2024-11-11,3059.2047881169233,906.1671098371155,708.495593385863,2427.1170747520646,2480.734939191195,3091.871809724218,1941.7914906328701,721.3155596346289,1.0,1.198891046408134,0.5791116315414727,8,-0.5211451729857918,-0.2724831170517138
2024-11-12,3058.7342069958763,908.7382839068547,708.97920375891,2426.3619346715072,2491.414998362209,3093.1223579232387,1925.227079496701,704.0870488680914,1.0,0.9949817476341682,0.48807125946345764,3,-0.3930371017758537,-1.4632134452256258
2024-11-13,3218.9272329412884,927.7985944555332,734.5938753314704,2552.988615174697,2569.2580517749984,3253.50871727635,1978.6538160626005,730.7269217020969,1.0,0.9002427954454604,0.4252520650399552,6,-0.6114770122827542,-0.701432809874039
2024-11-14,3178.796075698767,930.932862867313,724.5337244021885,2520.8123829860156,2547.5409264042855,3212.9198655948826,1912.3305178867863,696.5312269151498,1.0,0.8247106480088215,0.26390723379275255,4,-0.343261224326792,-0.21289973518509298
2024-11-15,3272.7597012753813,946.0144738230322,734.2379258410137,2595.2230340076394,2644.0627091226684,3307.9068682677403,1993.1260648198318,750.2027496652278,1.0,0.8140646613248247,0.31806978902786787,2,-0.19220624046306828,-0.3247092878115614
2024-11-16,3217.5357609193134,934.7350629858439,730.2665744297249,2551.2414146298447,2591.7346186554078,3252.0808216721084,1983.687261116529,759.8332248478318,1.0,0.9118883945667086,0.39155596284191196,2,-0.19146982040468657,-0.38348079330290313
2024-11-17,3258.7524001692154,942.3100280835635,733.838212069141,2583.745932107624,2626.0347170586288,3293.734782060339,1967.418291320482,755.9413788514898,1.0,0.8074291147004002,0.31313588241346696,1,-0.19713322330634553,-0.7921135133733049
2024-11-18,3219.445790823179,928.6331480946809,735.3985631623339,2552.504711245118,2599.8444472617634,3254.0056803987845,1980.7131516259687,768.4480609608345,1.0,0.863069196322747,0.3354170588344922,1,-0.06868789242165056,-0.5370906922623475
2024-11-19,3262.7671157306413,940.8618158027299,735.1893981176371,2586.768586567891,2634.2363319287174,3297.7894180272706,2020.7290398047044,757.3923583705748,1.0,0.7976926471348301,0.29534525726441907,1,-0.11227605618046148,-0.7465199628015791
2024-11-20,3277.092816298508,946.9111993785968,734.101792194472,2597.708018674067,2642.528554788549,3312.265918827616,2063.449857586334,740.4345899528506,1.0,0.8269844086080229,0.2433005913433189,4,-0.47313514247504823,-0.3682982474802081
2024-11-21,3339.017817341985,947.3926892476139,748.0863827773343,2646.718363897439,2704.772890947442,3374.851864028516,2152.7125344818364,786.1436488319049,1.0,0.9033503906570353,0.29693869228516395,1,-0.09224571637514317,-0.3681225245368812
2024-11-22,3384.7073052124947,959.2041864880138,749.5355032629536,2682.9718960701216,2745.4111748551954,3421.0135741685353,2164.8497024249186,806.0069054408315,1.0,0.9160180589973577,0.3065292300074869,0,-0.0,-0.3386519986007527
2024-11-23,3293.233544222566,930.1292199043108,749.8635024954029,2609.7753759878988,2674.634192802398,3328.556803758309,2138.6779765988595,826.3160114193131,1.0,0.9329846945481098,0.33719160702705,8,-0.71215549336103,-0.3566022721069235
2024-11-24,3250.22172233404,920.1465849235811,747.9453808371287,2575.3386732526455,2629.339046083399,3285.084412499571,2143.818655916981,828.2923826470253,1.0,0.9027332852756013,0.3745445406090427,3,-0.3648017361045806,-0.5315303789244551
2024-11-25,3161.5619982085823,907.9241807416881,737.3615983862219,2504.6513461763566,2577.3811192404164,3195.4729009009725,2036.6631760819462,788.5042220495594,1.0,0.8009544188377441,0.27180398362784197,3,-0.44403455409804604,-0.5901104231455538
2024-11-26,3167.703263520296,914.5292210998936,733.7333141674618,2509.3362676972347,2576.4777153358273,3201.6798836113326,2013.8463508070486,777.5662048626285,1.0,0.8005248832898304,0.29217351944560227,2,-0.21337421146077148,-0.39839484175781326
2024-11-27,3219.2177168965895,913.5427097427349,746.3000148798059,2550.0444492665324,2613.8962291935145,3253.7474377904423,2098.841541678568,816.1343528331612,1.0,0.8812523329731105,0.2556438264335277,1,-0.10803144137070497,-0.1622699199180898
2024-11-28,3205.0272275092434,910.292704937355,745.7800073557346,2538.6730679418074,2601.8369158290707,3239.405954879918,2094.2282798639235,825.7378591366398,1.0,0.8479075143935366,0.3023090379474208,1,-0.11196570422769654,-0.06308011711162366
2024-11-29,3297.431159486298,925.6095557525612,755.3515180613794,2611.666752201122,2680.1971396057033,3332.801093517245,2134.099730054155,857.7847072011263,1.0,0.8590652657579565,0.31719698970741117,2,-0.2742623315377477,-0.08246441255357079
2024-11-30,3321.874141004016,928.3964963171619,759.2389909554655,2630.7932705965454,2694.2531730134383,3357.506226226617,2111.3135431404553,871.7044958867815,1.0,0.864353027622316,0.3206004858037548,2,-0.26983858179376524,-0.22818663362662994
2024-12-01,3377.5398988335155,934.115819279237,768.7112973148597,2674.301828026652,2745.3630674316673,3413.769158208929,2128.602332673516,899.4406991325613,1.0,0.849052507300617,0.3798401688404067,5,-0.7002682860985215,-0.6262982226029159
2024-12-02,3580.7405984952698,982.2020402931496,770.6126049738609,2834.4806226068554,2822.5996152469816,3619.1494531460585,2098.519838885991,919.8968046227321,1.0,0.7230628632988447,0.27358166332981193,8,-0.9172213124016473,-0.6898408081816475
2024-12-03,3468.2806052685783,956.1855943609311,766.1284993968953,2744.9492467078303,2708.41501554682,3505.4824033092755,2099.0188064826407,925.4456581037834,1.0,0.7142101948907554,0.28679310968503396,5,-0.4610177886267257,-0.42431770504868493
2024-12-04,3451.477522826772,945.5623312982273,771.2927981589713,2731.2841213646066,2682.2662028027703,3488.4992549251074,2159.3435512267943,946.980744165969,1.0,0.7816884895901354,0.3802729839569063,5,-0.43546240791220703,-0.5080875550420112
2024-12-05,3405.4894108982967,938.079611586375,767.1967472294195,2694.729494723193,2659.745598283463,3442.017815973104,2122.8335669508388,946.6325658819436,1.0,0.7229537365676637,0.3495245102725126,2,-0.14089411572151705,-1.5392294860410405
2024-12-06,3488.0691760460318,949.029205941118,776.4770150128674,2759.9643608283604,2728.397187198488,3525.4834872526976,2184.132173890209,988.0812428984939,1.0,0.7029681329165098,0.40541429660043177,2,-0.18248333571583497,-0.8615311715019661
2024-12-07,3460.017083880215,936.3881534702151,779.4435594835946,2737.4361070793584,2710.5912905577143,3497.130550532723,2186.2484092672303,1005.2187022292829,1.0,0.7407564645037223,0.36679942439654994,4,-0.34569549065780997,-1.1687976291835007
2024-12-08,3476.127266536366,938.1682091218906,781.9467321178095,2749.915599319468,2722.0783312996064,3513.41357035989,2214.715823728756,1009.6537806672284,1.0,0.7530069925671491,0.3546048805927336,5,-0.3191803481102408,-0.5589887474396315
2024-12-09,3371.281211292291,934.1641486025703,759.9661283922169,2666.1575432960753,2624.956393853655,3407.44260149147,2130.4406343453857,872.5669080745561,1.0,0.6000446710127855,0.24058971710021607,9,-0.7447366476121358,-0.4623837734264235
2024-12-10,3386.7525279083925,938.4062428904441,759.4678335016571,2678.2756843819816,2644.699854601536,3423.079873291446,2114.0994455550863,858.1925566492828,1.0,0.5216806514568607,0.17759985992575028,3,-0.1578363102967747,-0.24247202433370313
2024-12-11,3391.7435890691504,934.1718984535921,763.5045903410588,2682.0246396164334,2669.146586702732,3428.124471168171,2212.8622028762875,918.3569276573294,1.0,0.6085856149646358,0.2735881749701586,4,-0.22474423609512983,-0.17516412198654252
2024-12-12,3406.0014700427623,939.5776199999983,762.4809769846876,2693.136074074263,2685.911975843311,3442.535287104094,2188.06920330413,924.3598752242765,1.0,0.6138993902568469,0.2880635403154108,2,-0.18201835075724215,-0.24942683562422419
2024-12-13,3429.28013599478,942.5110023958488,764.3823298819502,2711.565887421887,2708.325385342819,3466.063651257623,2218.477776792975,941.1645205790686,1.0,0.6193097849072121,0.2929772566201665,0,-0.0,-0.2775786937528711
2024-12-14,3421.9930837602215,941.9561500147897,763.020108836413,2705.7846179767225,2704.5037308732853,3458.6984345764636,2218.6769261407608,904.8228481013313,1.0,0.5956248097442391,0.28290392099282696,1,-0.020738439138407214,-0.28683000203602
2024-12-15,3443.903213374031,942.8650971889582,767.885625208124,2723.1229147777517,2721.7733837010855,3480.8435802266267,2286.0681900497557,927.0748565779703,1.0,0.6041581901748746,0.28753586981590995,0,-0.0,-0.24031539939786606
2024-12-16,3453.400105944996,943.4420242606067,769.4797531441056,2730.1552801971975,2730.8695399139215,3490.4423400925857,2320.2693549640176,906.5951105836942,1.0,0.6762625399040761,0.2904920792078496,6,-0.536838264881319,-0.25733670225550337
2024-12-17,3453.381365452078,944.8014230707969,768.9360992704505,2729.86469340569,2731.836572258003,3490.4234007674067,2321.394220510853,897.140449164409,1.0,0.6981798619897497,0.31903913505319775,5,-0.32220503820965124,-0.30177811154919715
2024-12-18,3395.1517459002957,944.5302313002721,756.4888112279394,2683.275627408388,2685.583408402678,3431.5691860143525,2192.4176621398506,816.4079055114469,1.0,0.48589150538757797,0.1447787096733573,6,-0.5458387805044862,-0.27827093514417695
2024-12-19,3401.042192886373,951.5522703530534,754.6747989262628,2687.635203511349,2665.0712409975104,3437.5228164540235,2132.3073859240817,753.7702684890685,1.0,0.46304885560788106,0.07081975614016894,5,-0.3396916193117943,-0.058699871631206824
2024-12-20,3402.9021781501247,952.2261002691115,754.896849783756,2688.8913768561265,2670.1693207294984,3439.402752739784,2139.5292853492842,782.6642582443303,1.0,0.5217582405955639,0.035704190180121824,3,-0.24522419967191061,-0.23787043080329098
2024-12-21,3396.1204914622635,950.1282775847327,754.6220775732223,2683.340464811319,2670.8867087509966,3432.5483230931336,2128.530113679264,745.2907702387191,1.0,0.4477038020585404,0.018915164318160062,3,-0.21104709150958792,0.2637244060887742
2024-12-22,3396.9323405017462,950.9930866190235,754.2823432584806,2683.9805689709333,2668.8770678984324,3433.3688802533256,2082.3909301697054,741.985144006387,1.0,0.4469198019199056,0.019015691711565214,0,-0.0,0.4550080277350644
2024-12-23,3404.3681339573977,953.0333707783456,754.2753432584807,2689.7608786115607,2677.8318697762566,3440.8844333371085,2075.991889588102,783.807193753331,1.0,0.41705032938655073,-0.030894203136455613,1,-0.12393174141793604,0.2846391480866222
2024-12-24,3401.2520337971496,952.0397331909917,754.5144380116732,2687.1926497570844,2683.55248208705,3437.7349092835725,2158.411269664632,808.9178039013134,1.0,0.48158274537923196,0.020219409481492853,2,-0.12393287082602007,0.1082427306025547
2024-12-25,3397.3733917263266,950.6096086742201,754.6389485169256,2684.036349646187,2678.810270893363,3433.8146632938356,2174.8793888084647,790.8619888941963,1.0,0.5128110909738813,0.059086092378924045,1,-0.09514485912384757,0.17151965994783072
2024-12-26,3371.3912095178866,945.8465064940127,752.3459708781904,2663.212477998216,2665.2033792625843,3407.553787477395,2095.4669450380643,740.1218855788849,1.0,0.4989656061158869,-0.01231905970056189,5,-0.31278408824612597,0.003787419832756822
2024-12-27,3358.503363487985,942.4593978505447,752.1802486893881,2652.9389855764057,2649.3250134330724,3394.5277019786704,2062.8130173642926,733.0354975054904,1.0,0.45445367220341826,-0.05482105707312244,2,-0.09075064708314423,0.14345805588048116
2024-12-28,3359.8706523747055,943.043874950012,752.1802486893881,2654.005157910081,2653.6306966796164,3395.9096568255536,2084.70193798577,758.2058013534216,1.0,0.47974458695914635,-0.04853162223883244,1,-0.01382115500053165,0.06888588767781449
2024-12-29,3368.3716826611044,945.0857933400176,752.1802486893881,2660.6407091035144,2660.075493531652,3404.501871776293,2050.5817458832453,731.2439286018271,1.0,0.4875722126638153,-0.017537358942968876,2,-0.09398075259793867,0.022899066802237883
2024-12-30,3368.114581328801,944.8935015952085,752.1802486893881,2660.1906550193253,2661.158374379689,3404.2420126990014,2029.9949556126758,729.8490758554581,1.0,0.43682533535246953,0.034714717749186635,3,-0.277174186755405,0.11384566105201673
2024-12-31,3359.517816293153,942.5611948847795,752.1802486893881,2653.2505921478773,2647.7705435769753,3395.553036114252,2047.274991328251,728.8413385508798,1.0,0.424954596363413,0.04463752370102556,2,-0.15640564082556602,0.148651931800933
