entry,exit,coin,side,pnl,notional
2020-07-22,2020-07-24,BCH,1,-0.459276556472102,18.972072888064442
2020-07-26,2020-07-29,EOS,-1,-2.774576130022927,40.38315920833592
2020-07-27,2020-08-04,LTC,1,3.7610898419753718,43.113420073930016
2020-08-02,2020-08-04,EOS,1,0.2773195746182542,10.0
2020-08-06,2020-08-07,LTC,-1,0.3225715384407232,10.0
2020-07-25,2020-08-10,BCH,1,6.443991783541478,54.91789710903474
2020-08-02,2020-08-10,TRX,-1,-4.397026660902246,38.49322336433238
2020-08-07,2020-08-12,LTC,1,-0.5388257042307715,10.0
2020-08-06,2020-08-16,EOS,-1,-10.330163079533996,38.92239112990615
2020-08-12,2020-08-18,LTC,-1,-7.934630744200141,43.558889641807106
2020-08-21,2020-08-28,LTC,1,-1.5672624777024582,41.382153158326396
2020-07-24,2020-08-28,XRP,1,12.447397447076929,65.61951871785202
2020-08-25,2020-08-28,ZEC,-1,-1.5687563107341047,36.34968597467358
2020-08-21,2020-09-01,EOS,-1,-1.8692972581449743,49.63641242587683
2020-07-21,2020-09-02,BTC,1,13.107485619124718,123.73014491563008
2020-08-30,2020-09-02,XRP,1,-0.33128174971771135,10.0
2020-08-22,2020-09-03,XMR,1,-8.099123109541075,42.54549636503728
2020-08-23,2020-09-04,XTZ,-1,9.530410019344043,41.43874261082995
2020-08-04,2020-09-05,LINK,1,22.59080963808804,75.63913078845106
2020-09-05,2020-09-06,IOTA,-1,-2.4506591695175497,29.97481998448825
2020-08-25,2020-09-07,ATOM,1,-13.763529717065076,44.7436259558162
2020-08-22,2020-09-07,DASH,-1,8.321966007260079,49.63641242587683
2020-09-04,2020-09-07,ZEC,-1,-1.574934702439577,42.111534291522666
2020-07-18,2020-09-08,ETH,1,20.76897539394835,65.32381530105322
2020-09-06,2020-09-10,LINK,1,-0.7651221879573288,30.041719437376354
2020-09-05,2020-09-11,EOS,1,-1.9520566250255391,34.97062331523629
2020-08-10,2020-09-15,BCH,-1,9.410565121689304,38.50323669089413
2020-08-10,2020-09-16,TRX,1,16.089734272287824,63.28766947926845
2020-09-10,2020-09-22,IOST,1,-9.703620375196115,33.37649784966619
2020-09-16,2020-09-23,ZEC,-1,3.8753997083881173,34.351653128573844
2020-09-19,2020-09-24,LINK,-1,0.6108817668011114,28.343333535494665
2020-08-18,2020-09-25,ADA,-1,13.574387329090438,43.6931112999655
2020-09-14,2020-09-25,ETH,1,-2.247605557919347,31.925894633260434
2020-09-23,2020-09-25,TRX,1,2.548055278873598,28.504043946970903
2020-08-03,2020-09-26,ETC,-1,13.513079450396795,57.93501442165696
2020-09-25,2020-09-27,BCH,-1,-2.296509369317846,37.55559474611353
2020-09-27,2020-09-29,ZEC,-1,-3.07782605527343,29.822102791209982
2020-09-15,2020-09-30,BTC,1,-0.07682308889507136,24.443132310747917
2020-09-25,2020-10-01,LINK,1,-2.5335335848385063,25.037063164075686
2020-09-26,2020-10-01,LTC,-1,-0.15881598963437746,29.73172394242125
2020-09-03,2020-10-01,NEO,1,2.593023115539568,44.7436259558162
2020-10-01,2020-10-02,TRX,-1,-0.17946259227002406,36.05708741555323
2020-09-25,2020-10-04,ADA,1,-0.0981666903373344,25.037063164075686
2020-10-02,2020-10-04,XRP,-1,-2.231198010705734,35.982646167997295
2020-10-05,2020-10-06,ETC,-1,-0.6927939285732799,24.17322597527932
2020-10-03,2020-10-06,EOS,-1,-2.5664788076036786,28.848382347971672
2020-10-04,2020-10-07,BCH,-1,-0.2857362778472231,28.92968035271686
2020-10-01,2020-10-08,ZEC,1,-1.32045003654899,28.845669932442583
2020-10-06,2020-10-08,EOS,1,-0.7643118680057518,21.90957736238366
2020-08-07,2020-10-10,XLM,-1,11.98984544058133,38.92239112990615
2020-09-26,2020-10-11,DASH,-1,-1.080949807107473,29.73172394242125
2020-10-06,2020-10-11,XRP,1,0.8271493265471699,21.90957736238366
2020-10-11,2020-10-13,LINK,1,0.14226336828502734,10.0
2020-09-06,2020-10-13,XTZ,-1,2.002436915186735,30.041719437376354
2020-10-09,2020-10-14,TRX,-1,-0.3775029518830173,19.2623581009943
2020-10-08,2020-10-15,IOST,-1,-1.2167907961041493,22.51225168210011
2020-10-09,2020-10-16,ETH,1,-2.011309086064539,57.104494988692885
2020-10-14,2020-10-16,XLM,-1,-1.5951285066567218,23.693398282486488
2020-10-10,2020-10-16,ZEC,1,-1.5072652999534892,22.601029262889416
2020-09-28,2020-10-18,ATOM,1,3.8331340986225175,20.990644204834968
2020-10-18,2020-10-19,DASH,-1,-2.1994735924910973,19.35714415210863
2020-10-06,2020-10-19,NEO,-1,-1.307141030604448,21.90957736238366
2020-10-17,2020-10-21,LTC,-1,-2.9183416021041757,22.37946856509433
2020-10-13,2020-10-22,ETC,-1,-1.5072748093375155,23.520559832708376
2020-10-16,2020-10-22,XRP,-1,-1.8474533267867883,26.878383861730022
2020-10-17,2020-10-23,ADA,1,0.3266206541534244,22.37946856509433
2020-10-22,2020-10-25,XLM,1,-0.6396309884450107,20.075871858328302
2020-10-13,2020-10-25,EOS,-1,-0.48660774724911743,23.520559832708376
2020-10-22,2020-10-28,LINK,1,-0.46199311526575126,10.10322018559304
2020-08-28,2020-10-30,BNB,1,3.9923364972313142,78.06556474604005
2020-10-21,2020-10-30,ZEC,-1,1.4809684518690551,19.747566220665302
2020-10-30,2020-11-01,ADA,-1,-1.2567770041266575,23.609092000512184
2020-10-22,2020-11-02,ATOM,-1,3.760062402211717,23.421850501383023
2020-11-01,2020-11-02,LINK,1,-0.7001860847018158,10.0
2020-10-09,2020-11-05,BCH,1,-1.5715733587247283,59.021168334978164
2020-09-08,2020-11-06,XMR,1,10.44639737776835,33.75339701671489
2020-10-19,2020-11-06,XTZ,-1,1.1651866982999588,22.317043990067706
2020-11-06,2020-11-07,BCH,1,-0.1857883313634251,10.0
2020-11-08,2020-11-09,ATOM,-1,-1.9968140209642844,27.584325040278344
2020-10-20,2020-11-10,IOST,-1,-1.5524176382017871,29.42452314256627
2020-11-08,2020-11-11,BCH,1,-1.7065511460403617,39.274612988420834
2020-11-05,2020-11-12,XLM,1,-0.07806217840523455,27.6570428502184
2020-11-04,2020-11-13,ADA,1,2.7114891438946924,26.325780268587643
2020-11-03,2020-11-13,EOS,-1,-2.3925319725879084,24.888993158687402
2020-11-12,2020-11-14,BCH,1,-0.35916105298971845,13.061721207360447
2020-11-11,2020-11-14,XMR,-1,-0.9335509006557023,28.791155755234893
2020-11-02,2020-11-15,TRX,-1,-0.995099855090242,29.42452314256627
2020-10-06,2020-11-19,QTUM,-1,-1.6538905152180636,35.29619518699217
2020-11-14,2020-11-20,IOST,-1,0.48417512118221556,36.46443535642458
2020-11-20,2020-11-21,TRX,-1,-5.479712836510778,33.426593206311566
2020-11-18,2020-11-22,ETC,1,-0.232240153436811,27.622045055797866
2020-11-18,2020-11-24,BCH,-1,-13.02594441982903,32.22571923176418
2020-11-06,2020-11-25,LINK,1,5.929245062816833,53.32289322328536
2020-11-17,2020-11-25,XTZ,-1,-7.647364842273611,38.72791335367755
2020-10-23,2020-11-26,LTC,1,19.143497612043,83.23553582211977
2020-11-20,2020-11-27,ZEC,-1,-3.0134592344078026,33.426593206311566
2020-11-25,2020-12-01,BCH,-1,2.75235901597072,31.896001909948243
2020-11-25,2020-12-02,LINK,-1,-1.4325806611411689,31.40256041849465
2020-11-21,2020-12-03,XMR,-1,-1.2838001529659526,36.20112671575116
2020-10-27,2020-12-03,NEO,-1,-4.677069992048135,44.969727732417994
2020-12-03,2020-12-04,BCH,-1,1.4087596469769452,33.475880787977175
2020-12-02,2020-12-04,LINK,1,-0.9640763482315104,10.0
2020-11-12,2020-12-06,DASH,1,7.4988941804413125,24.857995129997683
2020-12-02,2020-12-07,ETC,-1,0.36895056990642716,28.831437202011454
2020-12-01,2020-12-08,EOS,-1,1.926896858665755,28.8853432810457
2020-11-29,2020-12-09,LTC,1,-5.362510504976767,49.00084370464666
2020-11-22,2020-12-12,ADA,1,0.12738471515079608,36.01033488962755
2020-12-04,2020-12-13,LINK,-1,-0.9800957427435175,52.416209050740484
2020-11-11,2020-12-13,XRP,1,54.67635801950961,92.28243597885638
2020-12-10,2020-12-13,NEO,-1,-2.7421002337358664,42.63024503721539
2020-11-09,2020-12-14,BNB,-1,-1.2932358250501212,44.969727732417994
2020-11-22,2020-12-15,ATOM,-1,-0.5252303474382634,52.416209050740484
2020-12-14,2020-12-16,EOS,-1,-3.7384769964788136,41.574539783273956
2020-11-23,2020-12-17,XLM,1,13.208332887469586,32.9649434595364
2020-12-13,2020-12-17,ZEC,-1,-3.7126618411150027,42.04006089854971
2020-12-15,2020-12-19,ADA,1,1.8620901750477445,30.923421915182413
2020-12-12,2020-12-19,IOTA,-1,-6.038173762996949,34.93490464866266
2020-12-18,2020-12-20,XRP,1,-0.5304286871983593,10.0
2020-12-07,2020-12-21,XMR,1,1.3828991564756006,30.507409878076384
2020-12-15,2020-12-22,LINK,-1,0.0804757096886085,43.29279068125538
2020-12-18,2020-12-24,ATOM,-1,3.417879325846961,45.481374754710025
2020-12-24,2020-12-26,ETC,-1,-1.1384295251789274,26.189024820591094
2020-12-22,2020-12-26,ZEC,-1,2.5618227648023923,54.53791702816275
2020-12-23,2020-12-31,XMR,1,1.074130573841194,33.778003050054366
2020-12-24,2021-01-01,LINK,-1,-0.6017058291931341,26.189024820591094
2020-12-16,2021-01-03,NEO,-1,5.764895494445656,43.96774398275126
2020-12-20,2021-01-04,BCH,1,4.203146411907729,38.68847979519809
2020-12-28,2021-01-04,XLM,-1,-3.612208717889965,28.25880215660278
2021-01-06,2021-01-08,ALGO,1,-2.7208479600400635,23.73240011325836
2020-12-14,2021-01-09,THETA,1,43.7928725825726,34.645449819394955
2021-01-02,2021-01-10,DASH,-1,-16.2558849471858,24.054499925738607
2021-01-03,2021-01-10,LINK,1,2.0767895182504006,13.743244302299109
2021-01-01,2021-01-10,ZEC,-1,-15.335281504658099,28.263774598903385
2020-11-30,2021-01-10,XTZ,-1,-2.4554965901412626,52.416209050740484
2021-01-09,2021-01-11,ATOM,-1,2.8440975710504,21.595760376807263
2021-01-01,2021-01-11,BNB,1,0.5672054228216074,28.263774598903385
2020-12-12,2021-01-11,LTC,1,33.154744127798814,50.179204504861644
2021-01-10,2021-01-14,LINK,-1,-3.7851363636274287,21.0885465789791
2021-01-09,2021-01-15,BCH,1,-3.917289184694945,25.195053772941804
2021-01-13,2021-01-15,LTC,1,-0.3223599574476732,10.0
2021-01-12,2021-01-15,XLM,1,0.12022841530015847,17.894854856875803
2021-01-11,2021-01-15,NEO,1,-0.4305103140018278,25.30625589477492
2021-01-11,2021-01-15,XTZ,-1,-3.3708934397739587,21.0885465789791
2021-01-12,2021-01-17,ZEC,1,0.2901381958237282,17.894854856875803
2020-10-07,2021-01-21,BTC,1,84.75947868820604,153.16359217768598
2021-01-15,2021-01-23,LTC,-1,1.1188780136695182,21.594144974519356
2021-01-16,2021-01-26,ATOM,1,-3.3360299370938677,20.931410189505286
2021-01-26,2021-01-28,THETA,1,-2.6584499802018304,20.301086098795327
2021-01-10,2021-01-29,TRX,-1,-0.28024943403687125,21.81791610510794
2021-01-23,2021-01-29,XTZ,1,-1.848801478419252,20.135608617351856
2020-12-24,2021-01-30,XRP,-1,-13.134831895038547,28.395700126507716
2020-12-23,2021-01-30,EOS,-1,-11.257370197900885,40.53360366006525
2021-01-31,2021-02-01,XRP,1,-5.452992389108942,21.27733065541641
2021-01-15,2021-02-03,IOST,1,-5.961252210558678,23.538279289433
2021-01-30,2021-02-03,LTC,-1,-2.3249574997750218,23.32429034380792
2021-01-30,2021-02-03,XLM,1,0.5473141510156898,14.386853162572379
2021-02-01,2021-02-03,COMP,1,1.0823168425999727,14.314483903796624
2021-02-03,2021-02-04,LTC,1,-1.7531775394969744,22.997157002267897
2021-01-28,2021-02-05,DOGE,1,6.11143942624709,20.497675618566877
2021-01-04,2021-02-05,XMR,-1,-6.184220556979317,30.203412926027784
2021-02-01,2021-02-06,ETC,-1,-2.973919698847629,20.040277465315278
2021-02-05,2021-02-06,XLM,-1,-1.3740086155144577,19.422334596061532
2021-02-06,2021-02-07,EOS,-1,-1.3641602517130205,19.46121498485776
2021-02-07,2021-02-10,ETC,-1,-4.635435811595465,19.45245577374002
2021-01-24,2021-02-11,ZEC,-1,-8.972859451516847,24.416953347309434
2021-02-04,2021-02-11,COMP,1,1.6822091239914774,19.293311025803412
2021-02-02,2021-02-11,XTZ,-1,-5.9219379818758755,16.62091333872383
2021-02-09,2021-02-12,XLM,-1,-5.063144169370363,16.71952546982171
2021-02-11,2021-02-13,LTC,-1,-4.353333669652155,20.024829160817767
2021-02-06,2021-02-13,XRP,-1,-5.726552361560382,15.727776025813554
2021-01-28,2021-02-14,BCH,-1,-13.189950689300012,20.497675618566877
2021-02-05,2021-02-14,SXP,1,5.71156219817622,19.422334596061532
2021-02-14,2021-02-15,XLM,-1,0.6319683224687088,15.267097247304136
2021-01-15,2021-02-16,LINK,1,4.737358720712773,36.45563362749164
2021-02-13,2021-02-19,ALGO,1,-3.8468113197090585,18.83454004474231
2021-02-18,2021-02-19,TRX,-1,-2.347134594010478,23.32302676967794
2020-10-18,2021-02-22,ETH,1,74.54160451594451,69.0482525192672
2021-02-15,2021-02-22,XRP,-1,-0.003333813745451689,10.0
2021-02-15,2021-02-22,OMG,-1,2.2642125414904903,18.311444262789887
2021-02-22,2021-02-23,ALGO,-1,1.9131523348963686,15.854964936132193
2021-02-13,2021-02-23,DOGE,-1,5.908339639009803,22.185319138302255
2021-02-22,2021-02-23,XRP,1,-1.8728906849854203,11.626380638499546
2021-02-20,2021-02-24,XLM,-1,3.1659071074164484,18.544911162215953
2021-01-28,2021-02-27,BTC,1,5.677239234349837,39.13361670280521
2021-02-18,2021-02-28,SXP,1,-7.22457622954368,18.658421415742353
2021-02-23,2021-03-02,LINK,-1,-1.492163817638674,15.879788700265077
2021-03-01,2021-03-02,MKR,1,-0.06465951847147794,19.98234622399389
2021-02-19,2021-03-03,XTZ,-1,5.591948646554132,23.15843550571146
2021-03-01,2021-03-04,XRP,-1,-1.1237880474489037,14.27310444570992
2021-02-23,2021-03-06,ETH,-1,-0.5957348511930665,15.879788700265077
2021-02-09,2021-03-08,ATOM,1,6.901057603582597,23.01004868644173
2021-02-24,2021-03-09,LTC,-1,-1.8577342600500195,16.216281666970033
2021-03-04,2021-03-09,TRX,1,0.5597385060124169,16.830941236518502
2021-02-22,2021-03-11,IOST,1,0.5869101203104592,24.933864908141253
2021-02-22,2021-03-12,BCH,-1,2.453873552934679,15.854964936132193
2021-03-02,2021-03-12,ETC,-1,-1.253627291059153,14.16321144284817
2021-03-08,2021-03-12,XTZ,1,-1.9395165359914568,17.592094743007323
2021-01-05,2021-03-15,ADA,1,28.384108475526762,43.55864933618012
2021-03-10,2021-03-16,DOT,1,-1.4692263689548424,28.100139036718446
2021-03-13,2021-03-16,LTC,1,-2.5484620920193883,22.495990994557907
2021-03-08,2021-03-17,XRP,-1,-0.17033831820183776,28.100139036718446
2021-03-13,2021-03-17,XTZ,-1,-1.078936365414714,22.495990994557907
2021-02-23,2021-03-18,EOS,-1,-1.094852908580855,28.100139036718446
2021-03-15,2021-03-19,DOGE,1,0.1475885624916916,18.292600626230662
2021-03-18,2021-03-19,XRP,-1,0.06736705059625273,10.0
2021-03-18,2021-03-22,ATOM,1,-2.256991254648699,15.673180365282338
2021-03-06,2021-03-22,ETH,1,-2.9908830479834614,42.09162680922935
2021-03-20,2021-03-23,ETC,-1,0.12693886412302577,17.910443052756207
2021-03-16,2021-03-24,ADA,1,-5.3866059000043816,51.301659578511355
2021-01-30,2021-03-25,BNB,1,39.05259959632149,20.063430563786053
2021-03-20,2021-03-25,IOST,1,-5.592969614921983,17.910443052756207
2021-03-24,2021-03-26,DOGE,1,0.8203692853970039,18.09495963544223
2021-03-23,2021-03-26,ETH,-1,-0.17517706759957682,10.0
2021-03-02,2021-03-26,SXP,1,6.672148417698682,28.100139036718446
2021-03-07,2021-03-27,MKR,-1,1.6094381312343138,28.100139036718446
2021-03-27,2021-03-30,CRV,1,0.8952568445407802,18.353909156203063
2021-03-25,2021-03-31,DOT,-1,-3.6516936392179344,15.64296961622427
2021-03-30,2021-03-31,SXP,1,-1.0169200764853754,22.486310770103913
2021-03-25,2021-04-01,ADA,1,1.3807649425013653,23.787426899083652
2021-03-28,2021-04-01,ALGO,1,0.8190324380751705,15.77331265267448
2021-03-16,2021-04-01,BCH,-1,-0.5351200911441514,15.74106898892368
2021-03-31,2021-04-02,ETC,1,1.5811029246379098,22.27494343149737
2021-03-19,2021-04-02,LTC,-1,-0.6394272193636331,18.441866319403296
2021-03-05,2021-04-05,XLM,-1,-3.6584568940257594,28.100139036718446
2021-03-17,2021-04-05,THETA,1,8.788638137533798,27.232540236441988
2021-04-02,2021-04-06,ADA,-1,-0.32529705731411573,10.0
2021-04-05,2021-04-06,CRV,-1,1.161479295982881,25.818054321077632
2021-04-06,2021-04-07,ADA,1,-0.6924756566132745,10.073486734386714
2021-04-04,2021-04-07,DOT,1,-2.7555908444613517,22.666488719824486
2021-04-03,2021-04-07,MKR,-1,1.4944425152894174,22.287312010121518
2021-04-07,2021-04-08,ADA,-1,-0.6531190864902341,17.07736966329499
2021-03-31,2021-04-09,EOS,1,5.61491146753003,22.27494343149737
2021-04-07,2021-04-11,ETC,1,1.3464468757688253,25.434024330754095
2021-04-06,2021-04-12,UNI,-1,-4.190929877291444,26.114622803064844
2021-03-29,2021-04-13,DOGE,-1,-15.2196706187157,30.52082919690492
2021-04-11,2021-04-13,SXP,1,-3.01050474202163,31.43937812995365
2021-03-15,2021-04-14,LINK,-1,-7.477609696171077,18.292600626230662
2021-03-26,2021-04-15,SUSHI,-1,0.4143882800841962,27.232540236441988
2021-04-14,2021-04-15,EOS,1,0.6206659615750642,27.903158001098006
2021-04-11,2021-04-16,ADA,1,3.7958705467175267,46.56425704791109
2021-04-02,2021-04-16,SOL,1,7.161122312135395,27.232540236441988
2021-03-01,2021-04-18,BTC,1,-2.3370911925477253,87.72361026523284
2021-04-11,2021-04-22,AVAX,-1,7.531167544727984,26.19948177496137
2021-03-20,2021-04-22,TRX,1,14.275393044619422,22.666488719824486
2021-04-11,2021-04-23,STORJ,-1,5.947329251614991,41.85473700164701
2021-04-18,2021-04-26,BCH,1,-3.798796696139374,28.951639716031345
2021-04-15,2021-04-27,SXP,-1,4.574731374982039,33.60021702057472
2021-04-27,2021-04-28,AVAX,-1,-0.3115496648909083,29.157707201392085
2021-03-20,2021-04-28,XRP,1,43.879027433238434,58.19646303222766
2021-04-18,2021-04-30,BTC,-1,-0.7108933637151891,28.951639716031345
2021-04-15,2021-04-30,ETC,1,6.123376445054299,28.000180850478927
2021-04-30,2021-05-01,BTC,1,0.006531625336312284,10.0
2021-04-30,2021-05-01,LINK,-1,-1.735466294826071,20.95215337316605
2021-04-27,2021-05-01,UNI,1,0.235055288184854,20.826933715280056
2021-04-22,2021-05-02,XLM,-1,-5.57728008237099,24.903786942423103
2021-05-02,2021-05-03,BTC,-1,-0.10184009206758901,10.0
2021-05-03,2021-05-04,MKR,1,-2.826340459690634,22.248602363894726
2021-04-30,2021-05-04,SXP,1,-2.3505564621397452,20.95215337316605
2021-05-04,2021-05-05,BTC,-1,-1.753218802135407,22.010755727358923
2021-04-22,2021-05-05,SOL,1,2.9639667074252127,21.346103093505516
2021-05-02,2021-05-05,TRX,-1,-3.640769358737832,24.89603723442327
2021-04-28,2021-05-05,EOS,-1,-9.60972748654971,29.420474112159443
2021-04-21,2021-05-06,ADA,-1,-8.873359657588475,25.090021460171723
2021-05-06,2021-05-07,BTC,-1,-0.16335719352418188,10.0
2021-04-30,2021-05-07,THETA,-1,-0.23153199224058804,20.95215337316605
2021-05-07,2021-05-10,BTC,1,-1.0013160795395257,22.180980671855103
2021-05-07,2021-05-11,LINK,1,-0.37613897559899323,26.32358608761868
2021-05-11,2021-05-12,BTC,1,-1.276196417057761,10.0
2021-04-14,2021-05-12,DOGE,1,60.710243289662365,43.11555225989442
2021-05-04,2021-05-12,LTC,1,-0.03931169942730871,25.679215015252076
2021-05-09,2021-05-12,SOL,-1,0.5807073708258866,26.65826834943302
2021-04-29,2021-05-12,XRP,1,-2.842784676410214,36.07243171860746
2021-05-11,2021-05-14,BCH,1,-5.217740093659162,31.55474028384643
2021-04-12,2021-05-14,DOT,-1,-3.3296003124685956,26.60231686625348
2021-03-26,2021-05-16,BNB,1,30.888873179936517,67.9236765535357
2021-05-06,2021-05-17,EOS,1,-6.942505073877198,31.50741695176617
2021-05-16,2021-05-17,NEO,-1,1.8878014261863267,24.59193236717039
2021-03-26,2021-05-19,ETH,1,38.82537022823446,89.57263259396257
2021-05-16,2021-05-19,XLM,1,-7.925013262630972,21.078799171860332
2021-05-13,2021-05-19,XRP,1,-5.841867843579244,22.203571020686063
2021-05-07,2021-05-20,SXP,-1,10.876935604505778,31.58830330514242
2021-05-17,2021-05-21,AAVE,1,-7.185779772295753,20.97794201704261
2021-05-17,2021-05-23,SOL,1,-14.554194379332813,29.967837259565894
2021-05-06,2021-05-24,UNI,-1,6.924204114106373,31.50741695176617
2021-05-20,2021-05-28,LTC,-1,3.9785113798979865,24.99271792680544
2021-05-13,2021-05-30,DOGE,1,-10.950839159513418,29.003594709836694
2021-05-17,2021-06-01,BNB,-1,1.8663693661864753,24.519102241105852
2021-05-04,2021-06-01,FIL,-1,16.015851796073427,29.39907162638618
2021-05-01,2021-06-02,ETC,1,30.39056615644251,36.338863128007645
2021-05-26,2021-06-02,LINK,1,-2.9777715687349016,29.422922689327024
2021-05-12,2021-06-02,MATIC,1,39.71021468632202,36.338863128007645
2021-05-26,2021-06-03,DOT,-1,-2.4595618599732605,24.519102241105852
2021-05-29,2021-06-03,UNI,1,4.834448306884375,20.394829485792215
2021-05-27,2021-06-03,EOS,1,-1.7507958306938398,24.1137104565785
2021-06-01,2021-06-03,RLC,1,0.21048792630200855,18.08854103963686
2021-06-03,2021-06-08,ETH,1,-3.841644406342581,36.60751469204951
2021-06-04,2021-06-09,AAVE,1,-2.7646642172568883,29.43270602252706
2021-06-07,2021-06-09,XRP,-1,-1.7436097813301048,24.564222901827893
2021-05-12,2021-06-11,BTC,-1,7.395188408395424,29.057967801269747
2021-06-09,2021-06-11,ETH,1,-2.989750580816598,29.90931238016951
2021-06-02,2021-06-12,BCH,-1,4.1062196549695695,24.212055896276173
2021-06-10,2021-06-13,ETC,1,0.6085949808156432,25.049432203877764
2021-05-13,2021-06-13,TRX,-1,7.736676311517054,24.225908752005093
2021-06-01,2021-06-14,DOGE,1,-4.293117923165231,37.41597057807481
2021-06-01,2021-06-14,LTC,-1,0.5504889887314245,28.941665663418974
2021-05-13,2021-06-15,ADA,1,-5.165319459140771,36.60751469204951
2021-06-03,2021-06-16,BNB,1,-6.980779885613976,36.60751469204951
2021-06-12,2021-06-16,FIL,-1,-0.017933676536177456,25.237482725072205
2021-06-13,2021-06-17,EOS,-1,1.109130732814927,26.05559535431355
2021-06-10,2021-06-19,SUSHI,-1,6.16794113292224,33.81953819320189
2021-06-13,2021-06-20,BTC,1,-2.471079548305715,41.513955195668636
2021-06-09,2021-06-20,LINK,-1,3.600993846173343,34.59496266305719
2021-06-21,2021-06-22,DOGE,-1,-3.0278821710987542,41.972633207012535
2021-06-14,2021-06-22,DOT,1,-17.701102568611972,40.583445831842276
2021-06-17,2021-06-23,FIL,-1,6.343594038094832,52.639448385187144
2021-06-14,2021-06-23,XRP,-1,9.29944951236141,34.59496266305719
2021-06-22,2021-06-24,UNI,1,3.253667703563657,34.95585256681272
2021-05-31,2021-06-24,XLM,-1,8.115414636644822,41.972633207012535
2021-06-23,2021-06-26,FIL,1,-2.5687377506677107,26.071062223212973
2021-06-19,2021-06-27,BNB,1,-4.454080138920493,35.41557931018299
2021-06-25,2021-06-28,BCH,-1,-5.104499920604311,42.79879657200054
2021-06-15,2021-06-28,MATIC,1,-11.365930680604173,36.810375775203276
2021-06-28,2021-06-29,XRP,-1,-2.8433822116636946,28.89965000518933
2021-06-11,2021-06-29,THETA,1,-1.7596670698551105,34.9771943391771
2021-06-14,2021-06-30,AAVE,-1,3.417813809010877,52.142124446425946
2021-06-23,2021-06-30,DOGE,1,2.0856591782795277,26.071062223212973
2021-06-27,2021-06-30,UNI,-1,-4.7387933867064875,36.69961478531792
2021-06-30,2021-07-01,XLM,-1,2.153183773216375,40.134321837837994
2021-06-29,2021-07-02,FIL,1,-3.963938884119809,33.64294509992893
2021-06-22,2021-07-02,KSM,-1,-5.0530580880960505,34.95585256681272
2021-06-22,2021-07-04,LTC,-1,-7.480583398076076,34.95585256681272
2021-07-01,2021-07-05,BNB,-1,-1.8297873736973722,33.380567109079195
2021-06-28,2021-07-06,LINK,-1,-1.872753193463556,28.89965000518933
2021-07-05,2021-07-06,KSM,-1,-5.725272109795421,43.48196983424735
2021-06-24,2021-07-07,DOT,-1,-1.706624831856136,53.832453418571085
2021-06-24,2021-07-07,TRX,1,-0.8230671452671374,26.28184402953778
2021-07-05,2021-07-07,UNI,1,3.3057292073238163,31.058549881605245
2021-07-01,2021-07-08,THETA,-1,0.8415912733543546,33.380567109079195
2021-07-04,2021-07-09,EOS,-1,-1.6894035635069986,43.14196267641497
2021-06-21,2021-07-10,ADA,1,4.00579720555418,34.9771943391771
2021-07-06,2021-07-11,FIL,-1,1.740013371331065,53.832453418571085
2021-06-30,2021-07-12,ETH,1,-3.706772719990353,33.44526819819833
2021-07-08,2021-07-13,DOGE,-1,1.4298485388672775,42.04449597294248
2021-06-05,2021-07-13,SOL,1,-10.946724255698605,40.583445831842276
2021-07-09,2021-07-13,TRX,-1,1.8701857349946307,42.366792940752774
2021-07-07,2021-07-14,LTC,-1,1.9525147354880286,42.86799278937235
2021-07-07,2021-07-15,XRP,-1,3.5507582513380695,42.86799278937235
2021-07-14,2021-07-15,KSM,-1,-3.0295788331135984,39.010525919349064
2021-06-29,2021-07-16,ETC,1,-11.740032360283863,53.572492072316614
2021-07-16,2021-07-17,DOGE,-1,-4.174415421865746,45.7844483605491
2021-07-17,2021-07-19,FIL,-1,0.8648513349604091,47.13753456023905
2021-07-19,2021-07-20,BTC,1,-1.638028009484765,47.038340446278184
2021-07-13,2021-07-21,MATIC,-1,2.2283695345092456,38.26606576594043
2021-07-12,2021-07-22,EOS,1,-7.276382892116777,68.67667254082366
2021-07-12,2021-07-23,THETA,-1,2.928732715464344,55.029565756373145
2021-07-22,2021-07-24,FIL,-1,-3.8862825603927096,43.73858925925367
2021-07-10,2021-07-25,DOT,-1,2.7540031391185504,55.029565756373145
2021-07-18,2021-07-25,LTC,-1,-2.9257765386675256,40.27991045976502
2021-07-12,2021-07-26,BCH,-1,-0.07401966916058945,35.85797812314385
2021-07-10,2021-07-26,BNB,1,-0.5166014359522676,68.67667254082366
2021-07-13,2021-07-26,LINK,-1,-2.623551300066156,38.26606576594043
2021-07-19,2021-07-27,ETC,1,8.998149111996227,47.038340446278184
2021-07-26,2021-07-28,XRP,-1,-11.504290148928193,65.62402235879377
2021-07-25,2021-07-29,FIL,-1,-0.4489057523337875,55.43050696069632
2021-07-21,2021-07-29,RUNE,-1,-13.640595120196023,50.26791361830793
2021-07-28,2021-07-30,SOL,-1,-9.836896558313684,60.94196397824473
2021-07-28,2021-07-31,XRP,1,1.0569234746148235,60.94196397824473
2021-07-29,2021-08-01,BNB,-1,-2.9632027377628534,59.19095103602431
2021-07-03,2021-08-02,AAVE,1,12.861333567813737,53.572492072316614
2021-07-29,2021-08-03,ADA,-1,-3.0771176000411473,59.19095103602431
2021-08-02,2021-08-05,SUSHI,-1,-6.584396706466585,42.40638129234975
2021-08-01,2021-08-05,THETA,-1,-11.758618059285117,49.06261981589973
2021-08-02,2021-08-06,RUNE,1,3.090270723334811,49.47411150774138
2021-07-31,2021-08-07,ETC,-1,-9.033995486745967,49.917325336892375
2021-08-01,2021-08-08,BNB,1,0.8551109680962111,41.65302264779895
2021-08-01,2021-08-08,DOT,1,3.131931346980731,49.06261981589973
2021-08-08,2021-08-09,BNB,-1,-0.3788857861340956,10.0
2021-07-30,2021-08-09,LINK,1,4.105351091981338,49.6775500869067
2021-08-05,2021-08-09,LTC,-1,-9.03404984144078,56.83733011776596
2021-08-09,2021-08-10,FIL,1,-0.767916808367571,54.8966509701569
2021-08-09,2021-08-11,BNB,1,6.516535435271998,94.40297592488625
2021-08-08,2021-08-12,AAVE,1,4.508345370998736,54.31429587616225
2021-07-24,2021-08-13,DOGE,-1,-18.109043735831726,47.085319151186205
2021-08-05,2021-08-13,UNI,1,7.839973212600247,40.5980929412614
2021-07-23,2021-08-14,EOS,-1,-23.06314047324729,46.06008717237368
2021-08-14,2021-08-15,DOGE,-1,-1.555860523493853,10.0
2021-08-15,2021-08-16,ETC,1,-3.838518214914832,46.697846198111016
2021-08-15,2021-08-17,FIL,-1,1.8976019519538465,56.03741543773322
2021-08-17,2021-08-18,ETC,-1,-0.6624871961943396,37.35284827372915
2021-08-09,2021-08-19,RUNE,-1,-12.283698362983795,45.747209141797406
2021-08-14,2021-08-21,BCH,1,-2.7956154892903795,57.75349099824343
2021-08-15,2021-08-21,DOGE,1,-4.713534570914584,52.11484729252014
2021-08-18,2021-08-21,FIL,-1,-6.9266853945022895,42.844815585150236
2021-07-30,2021-08-21,MATIC,-1,-19.09140985523877,59.613060104288046
2021-08-13,2021-08-22,SAND,-1,0.9098295279519618,47.620539860997916
2021-07-07,2021-08-25,AXS,1,159.419310560085,89.62380179206644
2021-08-21,2021-08-28,RUNE,1,-4.573067139456586,36.35575164688847
2021-08-17,2021-08-29,DOT,1,2.577494808950411,32.68374223951301
2021-08-07,2021-08-29,THETA,-1,0.9819588696161836,45.362941230315855
2021-08-16,2021-09-01,BNB,1,5.790976084965395,43.92756687065004
2021-08-24,2021-09-02,LINK,-1,-6.604350415163125,41.42697157468999
2021-08-16,2021-09-03,LTC,-1,-6.989911096500591,37.65220017484289
2021-08-17,2021-09-03,LUNA,1,7.572372464151454,32.68374223951301
2021-08-22,2021-09-04,AVAX,1,1.8141821046301483,31.904064210775513
2021-09-03,2021-09-04,FIL,-1,-9.41759742617561,42.01915901024289
2021-08-26,2021-09-05,BCH,-1,-8.68608006058956,34.665437103629316
2021-08-30,2021-09-05,SAND,1,-0.5821648752453532,41.66867437792684
2021-08-22,2021-09-05,EOS,-1,-4.975562218443711,51.04650273724083
2021-07-21,2021-09-07,BTC,1,29.22211462180116,175.80617975909144
2021-08-11,2021-09-07,XRP,1,6.852110429545989,113.41742733723429
2021-08-10,2021-09-08,ADA,1,17.446265149109074,116.17002544367652
2021-09-06,2021-09-08,LINK,1,-9.120476608684834,41.04485218663209
2021-09-05,2021-09-09,SAND,-1,5.0338708604447575,48.403471822450534
2021-09-09,2021-09-10,ADA,1,-0.5534943017114716,10.0
2021-07-22,2021-09-10,ETH,1,38.95180345394394,158.08059723656788
2021-09-05,2021-09-12,FIL,1,-13.020461861908545,48.403471822450534
2021-09-11,2021-09-13,ADA,1,-2.2329093524276633,24.389905990604404
2021-09-12,2021-09-13,BTC,1,-0.24937707889355148,10.0
2021-09-12,2021-09-13,ETH,1,-0.7312263417495691,19.682961845865577
2021-09-13,2021-09-14,SRM,1,-2.59946937686568,37.525324444247524
2021-09-15,2021-09-16,ADA,1,-0.3655327427271647,10.0
2021-09-07,2021-09-17,EOS,-1,-2.775687916271361,37.64056835170464
2021-08-30,2021-09-17,MATIC,-1,-2.136970926117647,35.71600660965157
2021-09-08,2021-09-18,LUNA,1,10.28117377712837,38.1061096008499
2021-09-14,2021-09-19,ETH,1,-1.473623067411841,38.47655594424646
2021-09-14,2021-09-20,BTC,1,-2.1085636180154506,37.58137403978835
2021-09-18,2021-09-20,AXS,-1,7.02678545704842,42.26025126071822
2021-09-19,2021-09-21,ADA,-1,4.574911701920588,35.35639356322395
2021-09-20,2021-09-22,FIL,1,-0.03636329456917323,28.972360784312745
2021-09-15,2021-09-22,XRP,-1,3.69504262280658,34.72421296724444
2021-09-21,2021-09-23,BTC,-1,-4.351385355895753,42.72651155165013
2021-09-23,2021-09-24,ADA,1,-0.22252347440660575,10.0
2021-08-21,2021-09-24,ETC,-1,12.357120848575974,52.804095150019414
2021-08-16,2021-09-24,SOL,1,45.04485166185204,97.63428544351812
2021-09-25,2021-09-26,ADA,1,-0.4200233926892957,10.0
2021-08-31,2021-09-26,DOT,1,-3.4019190290611245,35.04965170722054
2021-09-07,2021-09-29,BNB,-1,4.538599484865463,37.64056835170464
2021-09-10,2021-10-01,AVAX,1,11.461546159468684,37.68250738978706
2021-09-21,2021-10-01,LUNA,1,13.265935092498259,26.704069719781327
2021-09-14,2021-10-01,XTZ,1,-2.042086121417817,30.800066448196667
2021-09-14,2021-10-02,ATOM,1,3.7922321118335263,30.800066448196667
2021-10-01,2021-10-02,XRP,1,-0.07357681604452523,10.0
2021-08-21,2021-10-04,DOGE,-1,13.413661393786192,61.56727827994814
2021-09-22,2021-10-05,LTC,-1,-3.1803596086966803,41.648997059945124
2021-09-01,2021-10-05,FTM,1,21.13647813966275,37.64056835170464
2021-10-02,2021-10-06,AVAX,1,-3.224564561073434,29.762040444515623
2021-09-30,2021-10-06,SOL,1,1.5762537759200221,72.62857973110901
2021-09-24,2021-10-06,EOS,-1,-7.454506753758884,41.63481994237851
2021-10-05,2021-10-07,MATIC,-1,1.2370095663984422,43.14831834576098
2021-10-02,2021-10-08,BNB,1,0.08403750797425999,42.65080305077515
2021-09-24,2021-10-08,FIL,-1,-10.553801804099624,41.63481994237851
2021-10-03,2021-10-08,LUNA,1,0.23457468239690124,31.018783036905056
2021-10-07,2021-10-09,AVAX,1,-0.17256272487823718,10.0
2021-10-03,2021-10-09,XTZ,1,-3.9648956802442563,31.018783036905056
2021-10-11,2021-10-12,ATOM,-1,-1.7342193103725916,36.744110484455526
2021-10-11,2021-10-12,LTC,1,-1.0414118754952697,27.558082863341646
2021-10-06,2021-10-12,SOL,-1,0.26000048934025866,19.16350597829348
2021-10-07,2021-10-13,ALGO,-1,1.4313371454272241,44.117923817605536
2021-10-13,2021-10-14,FIL,-1,-1.4198082478846497,44.007817893783006
2021-10-07,2021-10-14,OMG,1,-1.5175863076965008,43.66834089794307
2021-10-10,2021-10-15,XRP,1,0.0338966524741013,31.27009683649992
2021-10-07,2021-10-15,FTM,1,-3.376156085358273,64.2858903780696
2021-10-12,2021-10-17,DOGE,-1,-2.074082982027893,43.74619236628576
2021-10-05,2021-10-17,LINK,-1,1.3799510322242399,43.14831834576098
2021-10-14,2021-10-20,LUNA,-1,-6.389738950389807,45.123943751534405
2021-10-15,2021-10-21,BNB,1,-0.011354875816525833,46.183607868630425
2021-10-09,2021-10-22,AVAX,-1,-2.6144687895003424,37.38533106531723
2021-10-20,2021-10-22,LTC,1,-3.373468159918085,40.8812923792572
2021-10-24,2021-10-25,DOGE,1,-2.0613961390856494,49.638574728735065
2021-10-21,2021-10-26,ATOM,-1,-9.70251874491448,39.977040756898255
2021-10-10,2021-10-28,DOT,1,6.177733089993781,31.27009683649992
2021-10-25,2021-10-29,LINK,1,-2.4144350309292566,50.59076828049414
2021-10-20,2021-10-31,XTZ,-1,5.196538456721101,49.05755085510863
2021-10-16,2021-11-02,FTM,1,22.00306930894021,71.86858988728503
2021-10-28,2021-11-03,DOGE,1,-5.490271424330303,45.0930360827534
2021-10-23,2021-11-03,XRP,-1,-3.863948730727493,40.95756261753433
2021-09-28,2021-11-03,AXS,1,41.14883902464038,74.08690720872974
2021-10-26,2021-11-04,MATIC,1,3.8868249998264397,42.02128033671259
2021-10-16,2021-11-06,EOS,-1,2.7133414160289213,62.32859040500624
2021-11-03,2021-11-06,FTM,1,0.9567519648423306,30.945210654549406
2021-11-01,2021-11-09,DOT,1,0.16302104621386712,31.215988230393037
2021-10-31,2021-11-10,SAND,1,14.294818014401285,35.61633737428928
2021-10-15,2021-11-12,FIL,-1,4.654979876172407,62.32859040500624
2021-11-06,2021-11-13,ATOM,-1,7.546317248872941,68.13438230125811
2021-10-01,2021-11-16,BTC,1,13.0603167499595,164.93723921974282
2021-10-01,2021-11-16,ETH,1,7.96904403916816,220.51453326855395
2021-11-10,2021-11-17,MATIC,-1,2.1349226766959895,56.80925880642751
2021-11-17,2021-11-18,ETH,1,-1.0444354612211346,15.061148519851958
2021-10-12,2021-11-18,SOL,1,2.5372547948242516,174.7891845475503
2021-11-18,2021-11-19,FTM,-1,-9.843489231632661,43.510682401653284
2021-11-20,2021-11-21,BTC,1,-0.5091728642518228,26.309993953566742
2021-11-15,2021-11-21,DOT,-1,3.7710350171997233,59.30253289907894
2021-11-19,2021-11-22,ETH,1,-2.8936527281719506,73.92748557095925
2021-11-09,2021-11-22,LTC,1,-8.639453406041852,41.227908420363335
2021-11-19,2021-11-22,LUNA,-1,1.3676429220779762,45.65968592013452
2021-11-19,2021-11-24,SOL,1,-3.449411753470877,59.82138373396729
2021-11-23,2021-11-26,ETH,1,-9.88467659758511,96.40079801108081
2021-11-25,2021-11-26,SOL,1,-0.8640834086049647,10.0
2021-11-12,2021-11-26,OMG,-1,26.243704083110444,68.13616581192925
2021-11-27,2021-11-28,OMG,-1,0.10238846088325812,63.67753335124766
2021-11-28,2021-11-30,ALICE,1,-1.9576324246028798,46.38209186971503
2021-11-13,2021-11-30,CHR,1,-6.796701361804202,42.50771209078435
2021-11-29,2021-12-01,OMG,-1,3.4821207347122156,62.78159172638483
2021-11-04,2021-12-02,AVAX,1,12.971835883571131,37.39114704879632
2021-11-06,2021-12-03,LRC,1,33.841784709921505,40.66830031567384
2021-12-03,2021-12-04,AVAX,1,-7.184828577348285,50.49600695097496
2021-11-28,2021-12-04,ETH,1,-3.0499481394581522,68.53104919268566
2021-12-02,2021-12-05,SOL,1,-7.078885328631386,43.74810862238956
2021-11-18,2021-12-08,LINK,-1,7.97132220020076,77.59026876146955
2021-12-08,2021-12-11,BTC,-1,1.2753977000022583,61.39693030333325
2021-11-30,2021-12-11,LUNA,1,4.460120686947716,52.00893242136954
2021-12-05,2021-12-12,ETH,1,-7.814818665409902,115.20341263068542
2021-10-29,2021-12-13,BNB,1,-1.2101626988092051,54.90941707330767
2021-11-03,2021-12-14,DOGE,-1,20.079105312473526,77.59026876146955
2021-12-02,2021-12-14,MATIC,1,-3.9622353232305922,43.74810862238956
2021-12-11,2021-12-16,FTM,-1,1.8513378620557694,59.871674338366844
2021-12-14,2021-12-18,LINK,-1,-2.9757456108034126,49.15974300206036
2021-11-17,2021-12-19,XRP,-1,14.841837938038989,60.693914067001074
2021-12-15,2021-12-20,LTC,-1,0.2486983617209821,42.07675111410131
2021-12-06,2021-12-20,LRC,1,-9.27523738523641,50.8067300282356
2021-12-19,2021-12-22,kSHIB,-1,-8.488159961521243,60.11499137696937
2021-09-30,2021-12-23,ADA,-1,12.009607422550426,77.59026876146955
2021-10-30,2021-12-23,MANA,1,-3.190642758484961,67.73230085608544
2021-12-23,2021-12-24,kSHIB,1,-0.6786456213901675,10.46311461717893
2021-12-12,2021-12-24,BTC,-1,-0.6643427698217559,50.09316601084227
2021-12-23,2021-12-24,ETH,-1,0.9086515809429856,60.425408469834466
2021-12-24,2021-12-25,kSHIB,-1,-2.5182738973450527,59.52461061341286
2021-12-24,2021-12-25,BTC,1,-0.1536080291898392,15.89528264454779
2021-12-21,2021-12-25,DOGE,-1,-7.211794165446224,61.200601109145225
2021-12-02,2021-12-26,DOT,-1,-0.6085088082361347,75.997136792492
2021-12-22,2021-12-26,XRP,1,-1.5155516245758176,49.36460244458446
2021-12-24,2021-12-26,LRC,-1,-3.7147464892737263,59.52461061341286
2021-12-26,2021-12-27,kSHIB,1,0.20503764213828377,10.0
2021-12-27,2021-12-28,ATOM,1,-4.515794974556936,42.0530746938863
2021-12-23,2021-12-28,BNB,-1,1.5446352368625136,60.425408469834466
2021-12-15,2021-12-29,AVAX,1,3.888757522110927,58.907451559741844
2021-12-25,2021-12-30,LTC,-1,3.8910231337874324,61.490522596731005
2021-12-25,2022-01-02,EOS,-1,2.822562270704236,61.490522596731005
2021-12-16,2022-01-05,MATIC,1,-4.656775706325907,140.31458222891987
2021-12-28,2022-01-06,SUSHI,1,-7.497404018146868,41.1179405839091
2021-12-13,2022-01-07,LUNA,1,14.039230592950524,146.3299731924461
2021-11-12,2022-01-09,SAND,1,28.018496189871104,112.82071348656123
2022-01-03,2022-01-13,BNB,-1,3.366726747444756,51.29046319447148
2022-01-01,2022-01-13,DOGE,-1,1.6172566764183227,62.59733507604524
2022-01-02,2022-01-14,kSHIB,-1,5.558732890499284,61.218661917120755
2022-01-07,2022-01-15,LINK,1,-1.7750091590100467,51.08577310372958
2022-01-04,2022-01-19,CRV,1,-13.035729797062679,59.91457257654398
2022-01-16,2022-01-20,AVAX,-1,7.476527544925945,53.04645186066494
2022-01-17,2022-01-22,DOGE,1,-9.672873501018191,43.628259249072755
2022-01-12,2022-01-22,SUSHI,-1,23.699636632259047,62.34392292062377
2022-01-20,2022-01-27,SAND,-1,5.3898455232507905,64.17892829589006
2022-01-12,2022-01-27,LUNA,1,-29.103225364240874,84.55465807554894
2021-12-26,2022-01-28,BTC,-1,17.214125491060877,62.79557149384722
2022-01-24,2022-01-28,LINK,-1,-2.3338590461664483,62.966081932371196
2021-12-23,2022-01-28,NEAR,1,-16.41356826024276,155.90060470658457
2022-01-26,2022-01-28,SUSHI,-1,1.0594353310591196,45.52306770348089
2022-01-17,2022-01-30,ADA,1,-17.092391726874602,53.52831735964001
2021-12-27,2022-01-31,ETH,-1,18.298345960951824,64.17892829589006
2022-01-29,2022-01-31,LUNA,-1,-1.5005894703387317,57.61401225654666
2022-01-27,2022-02-01,DOGE,1,0.37936610025859757,69.29569244441832
2021-12-30,2022-02-01,SOL,-1,13.261406691313734,74.37474958676997
2022-01-26,2022-02-02,DOT,-1,-1.997275565180199,45.52306770348089
2022-01-28,2022-02-02,ICP,-1,-4.547307082050088,69.37429389557505
2022-01-30,2022-02-02,LINK,1,-5.639781484066145,49.70849298530882
2021-12-24,2022-02-02,FTM,1,-6.520037494668179,87.8929175773216
2022-02-02,2022-02-03,ICP,1,-2.2580017650900728,58.03366671705764
2021-12-30,2022-02-04,ATOM,1,-6.806320179028815,94.49609556313095
2022-02-01,2022-02-04,SOL,1,1.0991074704140784,48.88785357074206
2022-01-05,2022-02-04,XRP,-1,5.031289140756547,64.17892829589006
2022-02-03,2022-02-05,ADA,1,3.4196822038607544,57.97476111552554
2022-01-31,2022-02-05,BNB,-1,-6.199059027108231,58.20317732494031
2022-01-30,2022-02-06,kSHIB,-1,-17.587358334597987,49.70849298530882
2022-01-29,2022-02-07,AVAX,1,7.66567611999512,49.383439077039995
2022-02-05,2022-02-07,MATIC,-1,-10.556150193152485,58.47724022493918
2022-02-07,2022-02-08,DOGE,1,-2.203304795378719,48.803263307841355
2022-02-04,2022-02-08,ICP,-1,-2.0777907343325386,58.34529734481547
2022-02-01,2022-02-09,ONE,-1,-12.147902656188155,57.03582916586574
2022-02-09,2022-02-10,FTM,1,-0.8959887973997742,12.98291113739403
2022-02-04,2022-02-11,ETH,1,-0.6266502541598867,58.34529734481547
2022-02-02,2022-02-13,LUNA,-1,-9.851422245540777,69.64040006046918
2022-02-07,2022-02-14,ATOM,-1,7.984301068202957,56.93714052581492
2022-02-08,2022-02-14,BNB,-1,0.5484424598799422,56.83277951777815
2022-01-29,2022-02-15,SAND,1,7.153689060781702,49.383439077039995
2022-02-09,2022-02-16,LTC,1,-4.338030570220701,48.60236845451385
2022-02-15,2022-02-17,ETH,1,-1.2703507095193245,25.104029289125915
2022-02-04,2022-02-21,BTC,1,-15.254172430031705,125.80188113099203
2022-02-17,2022-02-21,LUNA,-1,0.15751197558922123,59.13044197177109
2022-02-07,2022-02-24,SOL,-1,13.47800319837053,56.93714052581492
2022-02-06,2022-02-25,kSHIB,1,-9.187288908507547,71.09206619356863
2022-02-24,2022-02-25,FTM,-1,-8.474406397766444,53.16815008497667
2022-02-10,2022-02-26,NEAR,-1,10.286880915490386,60.98763814862173
2022-02-19,2022-02-26,SAND,-1,4.78684713698212,50.99312199507146
2022-02-07,2022-02-26,XRP,1,1.1485710685734691,91.4814572229326
2022-02-23,2022-02-26,LUNA,1,19.33059391914803,85.89342021356903
2022-01-28,2022-02-26,MANA,1,14.797805201459694,72.5978039054225
2022-02-28,2022-03-01,kSHIB,-1,-2.54192415425659,48.20477758267817
2022-02-26,2022-03-01,BNB,-1,-5.544647632969636,65.2901442689642
2022-02-09,2022-03-01,DOT,-1,7.492253613311078,56.70276319693282
2022-02-27,2022-03-01,AXS,-1,-10.82077820349987,55.402199097987584
2022-02-10,2022-03-02,AVAX,1,-5.462307943530244,70.9565303661253
2022-02-26,2022-03-02,MATIC,-1,-4.93832200498533,65.2901442689642
2022-03-01,2022-03-03,LTC,-1,0.41011256942259083,64.28090270397892
2022-02-26,2022-03-04,ETH,1,-0.938721609659096,97.93521640344632
2022-03-04,2022-03-05,LTC,-1,-2.768686097491122,67.60151158824581
2022-03-01,2022-03-05,NEAR,1,-7.2523709055332635,64.28090270397892
2022-03-01,2022-03-05,SAND,-1,6.799777391504393,64.28090270397892
2022-03-01,2022-03-05,LUNA,1,-1.5726014910367336,64.28090270397892
2022-03-03,2022-03-05,MANA,-1,2.260655805943777,78.22313976912733
2022-03-05,2022-03-08,kSHIB,1,-7.1643976326082415,100.99980400300225
2022-03-05,2022-03-08,DOT,-1,1.748137189954599,100.99980400300225
2022-03-02,2022-03-10,BNB,1,-4.833767823014344,101.06446769337143
2022-03-07,2022-03-11,AVAX,1,-0.07733009876858091,81.07047433994579
2022-03-09,2022-03-12,NEAR,1,-5.7431279735484155,51.80900020760092
2022-03-08,2022-03-12,SAND,-1,1.2869256193122713,81.16319050852397
2022-03-08,2022-03-12,SOL,-1,0.8039330560343092,81.16319050852397
2022-03-08,2022-03-12,XRP,1,5.0732075505533585,57.973707506088545
2022-03-09,2022-03-12,FTM,-1,9.222388438561516,69.07866694346788
2022-03-08,2022-03-12,LUNA,1,0.6024566500521146,57.973707506088545
2022-03-08,2022-03-12,WAVES,1,12.995413978826093,57.973707506088545
2022-02-26,2022-03-15,ATOM,1,-6.054336047153164,108.5298048240113
2022-03-12,2022-03-15,BNB,1,-0.10479909548597707,108.5298048240113
2022-02-04,2022-03-15,LINK,-1,11.743725871944694,108.5298048240113
2022-03-15,2022-03-16,SAND,-1,-14.367056171667357,74.11960588264294
2022-03-15,2022-03-17,LUNA,1,-1.1808838347456487,63.5310907565511
2022-02-14,2022-03-21,ADA,-1,6.02632432836707,108.5298048240113
2022-02-26,2022-03-21,BTC,1,3.554596693996648,108.5298048240113
2022-02-24,2022-03-21,DOGE,-1,2.606840950492228,107.9990384167938
2022-03-15,2022-03-23,XRP,1,5.735086073202294,63.5310907565511
2022-03-18,2022-03-24,AVAX,1,1.273399160726451,66.83335884696037
2022-03-15,2022-03-24,WAVES,1,8.706813967648838,63.5310907565511
2022-03-22,2022-03-25,MANA,-1,-5.995118725415045,92.20295828806756
2022-03-24,2022-03-26,SAND,-1,1.665990284102139,77.9578392872702
2022-03-15,2022-03-26,FTM,-1,-12.322568011991855,74.11960588264294
2022-03-14,2022-03-26,MATIC,-1,-14.693310847353853,87.827425114368
2022-03-22,2022-03-26,OGN,1,-7.166504863674003,57.62684893004222
2022-03-12,2022-03-29,kSHIB,-1,-16.910857246335922,108.5298048240113
2022-03-12,2022-03-29,DOT,1,14.214087980001217,108.5298048240113
2022-03-25,2022-03-29,AXS,1,-6.867147546742524,66.37349351997912
2022-03-26,2022-03-30,AVAX,-1,-12.045065665050425,116.44233343293985
2022-03-26,2022-03-30,BNB,-1,-7.5900316465142215,116.44233343293985
2022-03-29,2022-04-01,SAND,-1,2.868079767059175,87.25234729258517
2022-03-31,2022-04-01,SOL,1,-0.08656292035269333,61.83065739478096
2022-03-29,2022-04-01,FTM,-1,-1.0823905697369403,87.25234729258517
2022-03-29,2022-04-01,WAVES,1,6.833815244409111,87.25234729258517
2022-03-29,2022-04-01,ZIL,1,65.07122068830064,87.25234729258517
2022-04-02,2022-04-03,AVAX,1,1.4979619015319199,86.55936519966846
2022-03-21,2022-04-03,ETC,1,13.925667373090246,65.52536564455895
2022-04-03,2022-04-04,WAVES,1,-16.490982436527364,63.77507236924407
2022-03-19,2022-04-05,ATOM,-1,-1.4942425302941735,75.57379064367463
2022-03-29,2022-04-05,AXS,-1,2.0724667153246124,87.25234729258517
2022-03-23,2022-04-06,ADA,1,-2.67251132232932,110.50861398236898
2022-04-03,2022-04-06,LRC,-1,13.82776823128579,74.40425109745141
2022-03-22,2022-04-08,BTC,1,1.4410534655480909,172.25261713491406
2022-04-03,2022-04-08,NEAR,1,2.6079976840713015,63.77507236924407
2022-04-03,2022-04-08,SAND,-1,13.428852372603718,74.40425109745141
2022-04-03,2022-04-08,SOL,1,-12.739480941833799,63.77507236924407
2022-04-04,2022-04-08,XRP,-1,6.273649877985202,72.95437680965081
2022-04-05,2022-04-08,FTM,-1,9.893214817184125,71.21178113306436
2022-04-06,2022-04-08,LUNA,1,-7.4970848776931165,59.95678619772132
2022-04-03,2022-04-08,ZIL,1,-14.252903617262938,63.77507236924407
2022-04-01,2022-04-10,kSHIB,-1,3.767153738091418,110.50861398236898
2022-03-14,2022-04-12,RUNE,1,8.775440634546337,107.35477529760658
2022-04-09,2022-04-13,DOT,-1,6.725702697946936,88.31411630201646
2022-04-10,2022-04-13,SOL,1,-3.616957670343844,63.48817421347843
2022-04-11,2022-04-14,XRP,-1,-2.9245980213094582,63.63533714989812
2022-04-10,2022-04-15,NEAR,1,0.7446259011789225,63.48817421347843
2022-04-10,2022-04-15,SAND,-1,1.7513653030395933,74.06953658239149
2022-04-10,2022-04-15,FTM,-1,4.418835875559471,74.06953658239149
2022-04-10,2022-04-15,ZIL,1,-4.629300320897933,63.48817421347843
2022-03-13,2022-04-17,ETH,1,9.113469733967156,249.42192627683568
2022-04-08,2022-04-18,BTC,-1,2.509872737107844,107.35477529760658
2022-04-08,2022-04-18,ETC,1,-5.921691887478278,107.35477529760658
2022-04-17,2022-04-18,LUNA,-1,-13.27215596285129,72.79812041609466
2022-04-12,2022-04-19,kSHIB,1,-3.6586472377372643,62.781592367121405
2022-04-14,2022-04-19,AVAX,-1,-3.332647855728757,73.13412389013348
2022-04-05,2022-04-19,DOGE,1,-9.069596053485686,107.35477529760658
2022-04-13,2022-04-21,BNB,1,-4.602845232654758,105.25394413751864
2022-04-21,2022-04-22,LRC,1,4.129613672053022,104.06333782503971
2022-04-17,2022-04-23,NEAR,1,-1.8893738553373287,72.79812041609466
2022-04-17,2022-04-23,FTM,-1,1.4159365672717334,72.79812041609466
2022-04-22,2022-04-23,KNC,1,11.386523364162802,104.51644521290154
2022-04-19,2022-04-23,LUNA,1,-6.780923638681593,105.25394413751864
2022-04-18,2022-04-23,WAVES,-1,7.918050098050078,84.29608017624157
2022-04-17,2022-04-23,ZIL,1,0.5652428283872043,72.79812041609466
2022-04-23,2022-04-24,DOT,1,-3.1361668755896845,104.73679244439484
2022-04-07,2022-04-26,AXS,-1,23.236467802035833,108.74579161009879
2022-04-23,2022-04-27,BNB,1,-3.0938762636955204,104.73679244439484
2022-04-23,2022-04-28,kSHIB,1,-5.260407463323009,104.73679244439484
2022-04-26,2022-04-28,ZIL,1,-1.0147793300275973,67.34866322248972
2022-04-26,2022-04-29,XRP,-1,3.143179988646119,67.34866322248972
2022-04-26,2022-04-29,FTM,-1,9.304829190310473,67.34866322248972
2022-04-26,2022-04-29,KNC,1,1.2750165406383893,67.34866322248972
2022-04-27,2022-04-29,LUNA,1,-3.1062480881286603,67.49364877160993
2022-04-26,2022-04-29,WAVES,-1,4.426446736588841,67.34866322248972
2022-04-30,2022-05-01,DOT,-1,-5.198683854032823,84.37719587761485
2022-04-27,2022-05-03,AXS,-1,19.254123153739545,104.81506990617873
2022-05-01,2022-05-03,KNC,1,-18.642764028705486,81.02874201006698
2022-04-19,2022-05-04,ADA,-1,4.771313660358072,84.20315531001494
2022-05-02,2022-05-04,LUNA,1,1.5315486159970852,67.60361653600482
2022-04-24,2022-05-04,MTL,1,-13.565679999120283,105.47149484701856
2022-04-05,2022-05-06,GALA,-1,38.160757979036426,107.35477529760658
2022-05-01,2022-05-06,WAVES,-1,-5.487209494523092,67.52395167505581
2022-04-29,2022-05-07,ETH,1,-3.9104351961490686,104.81506990617873
2022-04-29,2022-05-08,BNB,1,-6.640469430902065,104.81506990617873
2022-05-08,2022-05-09,LUNA,-1,31.188962270866927,59.02090776911327
2022-05-07,2022-05-10,SOL,-1,10.394055556746023,69.30364648886152
2022-05-05,2022-05-11,ADA,1,-19.597016143783005,57.13146734354404
2022-05-03,2022-05-11,FTM,-1,38.977160963410576,66.12750310843096
2022-05-05,2022-05-13,DOT,-1,14.651186763706441,70.01116425824277
2022-05-08,2022-05-13,NEAR,1,-28.685932570437057,70.82508932293592
2022-05-11,2022-05-13,LUNA,1,-48.53029056254636,50.007974470173416
2022-05-09,2022-05-13,MTL,1,-14.436723855688728,58.84044664960398
2022-05-10,2022-05-15,kSHIB,1,-9.708586254095334,50.673818904422475
2022-04-23,2022-05-15,DOGE,1,-18.89395159893229,105.47149484701856
2022-05-13,2022-05-15,SOL,-1,-9.428920759204868,45.90723522351172
2022-05-10,2022-05-17,KNC,-1,-4.3854551396604515,59.11945538849289
2022-05-15,2022-05-17,MTL,1,2.18625498185905,54.097032386507955
2022-05-09,2022-05-22,BTC,-1,-0.4681067417078085,58.84044664960398
2022-05-19,2022-05-27,NEAR,-1,9.388052346108337,45.232360300444526
2022-05-26,2022-05-27,SAND,1,-1.8374075439124002,34.78730876449417
2022-05-26,2022-05-27,SOL,-1,2.351554359810039,46.38307835265889
2022-05-05,2022-05-27,TRX,1,6.847391796706859,57.13146734354404
2022-05-01,2022-05-27,XRP,-1,24.762229379032085,67.52395167505581
2022-05-25,2022-05-27,FTM,1,-5.867153460233373,39.8698742792414
2022-05-17,2022-05-27,KNC,1,-0.20227912160982306,53.497496098367115
2022-05-15,2022-05-27,WAVES,-1,16.01810977238304,45.080860322089954
2022-05-04,2022-05-27,ZIL,1,-42.01970928861047,84.7513991037801
2022-05-27,2022-05-29,DOGE,1,0.9107863283450623,69.7999560912748
2022-05-27,2022-05-30,ADA,-1,-11.965800222751263,69.7999560912748
2022-05-14,2022-05-30,DOT,1,0.5379749453280396,69.7999560912748
2022-05-13,2022-05-30,GALA,1,-4.552822006734362,55.088682268214065
2022-05-27,2022-05-30,AXS,-1,-14.76570747808091,69.7999560912748
2022-05-29,2022-05-30,MANA,1,5.748890432098496,50.532370704131445
2022-05-29,2022-05-30,WAVES,-1,-30.816064018709714,43.31346060354124
2022-05-18,2022-05-31,BNB,1,5.539495376514979,45.04594107162262
2022-05-30,2022-06-06,AXS,1,-6.71047667381171,51.93962628964581
2022-05-29,2022-06-07,XRP,-1,-2.1009996479912183,43.31346060354124
2022-06-05,2022-06-08,kSHIB,-1,0.7272558343239431,37.150131187388425
2022-05-29,2022-06-08,TRX,1,-0.11813974732783797,50.532370704131445
2022-04-23,2022-06-09,AVAX,-1,54.83093442612908,104.81506990617873
2022-06-07,2022-06-09,BTC,1,-1.397361580637417,40.04824942727257
2022-06-08,2022-06-10,MANA,1,-3.110560719093609,33.78062902867592
2022-06-03,2022-06-11,DOGE,-1,5.66159095462311,44.06800085237306
2022-06-06,2022-06-13,FTM,-1,9.525888490888272,39.3379091854091
2022-05-29,2022-06-13,KNC,1,-12.399356446638453,50.532370704131445
2022-06-10,2022-06-14,DOT,-1,5.61314317252147,39.343851200828446
2022-06-10,2022-06-14,TRX,1,-11.189189216805563,39.343851200828446
2022-05-30,2022-06-15,SOL,-1,8.827491477639994,51.93962628964581
2022-05-31,2022-06-21,ADA,1,-7.327262376105761,51.958241412670795
2022-06-20,2022-06-21,FLM,1,-4.927092666268634,38.80119938158481
2022-06-17,2022-06-23,SAND,-1,-6.0491944486698,33.24147189263915
2022-06-21,2022-06-23,TRX,1,-0.6439967778010094,38.89141971577417
2022-06-11,2022-06-24,AVAX,-1,-1.4173649706172577,39.51930818029232
2022-06-13,2022-06-24,XRP,-1,-7.027816575009405,39.10887486652899
2022-06-24,2022-06-25,GALA,-1,-5.00584355995531,45.67936453994511
2022-06-06,2022-06-25,BEL,1,16.91698144780842,51.78540382536201
2022-06-08,2022-06-25,UNFI,1,-16.371478564837876,46.822992170329385
2022-06-11,2022-06-26,LINK,1,-1.6850037076602238,33.87369272596485
2022-06-25,2022-06-27,TRX,-1,-1.7354123482715242,45.43294211477809
2022-06-24,2022-06-27,AXS,1,-2.240207736160681,32.62811752853222
2022-06-24,2022-06-28,SOL,1,-5.153074345575113,32.62811752853222
2022-05-30,2022-06-28,WAVES,1,2.436144590407756,51.93962628964581
2022-06-14,2022-07-02,BNB,-1,0.4328816507195115,33.44499440737813
2022-06-26,2022-07-06,DOGE,1,-2.417890327503509,37.16563893236083
2022-07-04,2022-07-06,GALA,-1,0.747025322432819,39.25080146081819
2022-06-28,2022-07-06,TRX,1,1.3997667598799461,36.964317595163664
2022-06-28,2022-07-07,BEL,1,-4.208600883364245,36.964317595163664
2022-07-06,2022-07-09,SOL,1,1.011522914356791,39.61080533588037
2022-07-09,2022-07-10,BNB,1,-0.3616904325435025,10.0
2022-06-14,2022-07-10,BTC,-1,1.9566578296895873,33.44499440737813
2022-07-07,2022-07-11,LINK,-1,3.0459722976369994,34.07063154225052
2022-05-29,2022-07-12,NEAR,-1,12.635816868873327,43.31346060354124
2022-07-07,2022-07-12,FLM,1,1.9085951271254116,39.7490701326256
2022-07-09,2022-07-12,WAVES,-1,3.7745041368000676,45.98316533177216
2022-05-12,2022-07-14,ETH,-1,10.661008465745903,69.7999560912748
2022-07-11,2022-07-14,STORJ,1,0.404350599762007,45.98316533177216
2022-06-30,2022-07-15,UNFI,1,7.149437373253769,32.1386441912241
2022-06-21,2022-07-16,kSHIB,1,2.27867982701124,69.04229282998568
2022-07-01,2022-07-16,XRP,-1,-4.436016566649285,37.41536535366086
2022-07-16,2022-07-17,ATOM,1,-2.4772318328183554,69.8353854097413
2022-07-16,2022-07-17,SOL,1,-0.3856638578724567,14.470896058344692
2022-07-17,2022-07-18,AAVE,1,4.9101729775540734,56.112942865602434
2022-07-12,2022-07-18,BTC,-1,-8.857983047378793,55.070565974506955
2022-07-13,2022-07-18,SNX,1,7.613410732314262,45.9928579696295
2022-07-06,2022-07-19,ADA,-1,-4.6403306666191915,39.61080533588037
2022-06-25,2022-07-19,SAND,1,11.366905239077735,55.070565974506955
2022-07-16,2022-07-19,FTM,-1,-16.200401576094915,55.86830832779305
2022-07-19,2022-07-20,BTC,1,-0.08706136063268954,10.0
2022-07-19,2022-07-20,SNX,-1,1.9322793975942814,55.145366890427354
2022-07-18,2022-07-22,SOL,1,-3.012062522097516,41.4240714963777
2022-07-22,2022-07-23,ATOM,1,-2.2355567298317314,44.42998261718153
2022-07-20,2022-07-23,DYDX,1,-5.54500160480074,54.455336710855505
2022-07-18,2022-07-23,UNFI,-1,1.7905779267482453,48.07663867053792
2022-07-23,2022-07-24,ADA,1,-0.4953446015906693,44.32698313320335
2022-07-24,2022-07-25,UNFI,-1,3.9966634579536136,44.490656449174125
2022-07-18,2022-07-26,WAVES,-1,3.6645546900842527,48.07663867053792
2022-07-18,2022-07-27,AVAX,1,-1.9505296975929185,84.54208306411138
2022-07-27,2022-07-28,BTC,-1,-1.536038551045025,38.26262367085306
2022-07-23,2022-07-28,XRP,-1,-2.2764810313323167,53.19237975984403
2022-07-23,2022-07-29,CRV,1,0.7843695171492678,44.32698313320335
2022-06-26,2022-07-29,DOT,-1,-8.029447411149427,55.070565974506955
2022-07-24,2022-07-29,FTM,1,-2.96788085333994,44.490656449174125
2022-07-27,2022-07-29,UNFI,-1,-25.550647387946718,38.26262367085306
2022-07-27,2022-07-30,ATOM,1,1.3902718843441995,38.26262367085306
2022-07-23,2022-07-30,SOL,-1,-5.175581810979265,53.19237975984403
2022-07-28,2022-07-31,BTC,1,-0.4267624894201021,16.965847624048454
2022-07-13,2022-07-31,DOGE,-1,-4.467428986986016,45.9928579696295
2022-07-31,2022-08-01,DOT,1,-1.7759197011080303,33.79072230035215
2022-07-30,2022-08-01,SOL,1,-2.3833637842483983,51.77963340749638
2022-07-27,2022-08-02,kSHIB,-1,-1.2934504262570858,67.5814446007043
2022-07-29,2022-08-02,LINK,1,-3.5989957858502177,38.922535346912845
2022-07-29,2022-08-02,NEAR,-1,0.5576610177223144,54.49154948567799
2022-07-25,2022-08-03,DYDX,1,8.141680715786956,37.23823007593873
2022-08-01,2022-08-04,DOGE,-1,0.7324838067813523,43.654862310789476
2022-08-03,2022-08-04,NEAR,1,-1.1784389974798468,53.067496001434215
2022-08-04,2022-08-05,FLM,1,3.540302656467327,44.01134868648007
2022-08-04,2022-08-07,BTC,-1,-1.766242201513785,66.01702302972011
2022-07-31,2022-08-08,FIL,1,-1.8372714095829454,53.067496001434215
2022-08-01,2022-08-10,SOL,-1,-4.359757263810993,65.79514680393818
2022-08-08,2022-08-11,FLM,-1,1.8228747858740237,45.81587542962234
2022-08-05,2022-08-11,UNFI,-1,-17.248197471175917,53.634569112168066
2022-08-11,2022-08-12,SOL,-1,-0.6453618713450295,10.0
2022-08-09,2022-08-13,CRV,-1,-4.470796738898381,39.70223929095788
2022-07-30,2022-08-14,ADA,-1,-4.3008738639485795,54.16205968000044
2022-07-29,2022-08-14,BNB,1,3.108330531589197,38.922535346912845
2022-08-12,2022-08-14,DYDX,-1,3.2603363593258203,54.117371983893015
2022-08-04,2022-08-15,FTM,1,0.26311566292798305,44.01134868648007
2022-08-13,2022-08-16,FIL,-1,-0.44889754092832973,65.61433279513192
2022-08-08,2022-08-16,LINK,1,0.22880061488204403,64.14222560147128
2022-08-09,2022-08-16,NEAR,1,-0.9991775182875265,52.93631905461051
2022-08-12,2022-08-16,SOL,1,-3.5234138678661937,92.97893383202192
2022-08-06,2022-08-17,AVAX,1,-1.0157108968289075,52.71406900736581
2022-08-06,2022-08-17,XRP,-1,-1.2328804092259527,52.71406900736581
2022-08-14,2022-08-17,WAVES,-1,4.761593857391864,64.02684395770765
2022-08-15,2022-08-18,BNB,1,-2.672940594167922,39.26336066585468
2022-08-08,2022-08-18,BTC,1,-6.675205884553425,173.98090346085613
2022-08-14,2022-08-18,AXS,-1,8.112341282649774,64.02684395770765
2022-06-28,2022-08-18,MATIC,1,32.412740235820124,119.95793136925336
2022-08-18,2022-08-19,AVAX,-1,4.328995726319316,61.58700868030203
2022-08-19,2022-08-20,BTC,-1,-0.8097103963296395,50.33093083181767
2022-08-19,2022-08-21,XRP,-1,-1.6700670639004,50.33093083181767
2022-08-16,2022-08-22,DOGE,1,-9.523202125100054,44.68546330990507
2022-07-17,2022-08-26,ETH,1,-5.556630865890922,117.73020672723042
2022-08-18,2022-08-26,FTM,-1,10.272920493230831,61.58700868030203
2022-08-15,2022-08-26,UNFI,1,-18.792400323209094,43.665988883313396
2022-08-20,2022-08-27,ADA,-1,-0.17469587302789008,50.50826705962821
2022-08-21,2022-08-29,BNB,1,-6.887811940029315,115.30978468297411
2022-08-17,2022-08-29,DOT,-1,9.474969665791445,77.1487915532353
2022-08-18,2022-08-30,EOS,1,-2.724028881656297,43.99072048593002
2022-08-26,2022-08-31,LINK,-1,-1.1390798045587602,53.067144932484524
2022-07-18,2022-09-01,ETC,1,14.912735919937173,100.34384245350307
2022-08-14,2022-09-02,kSHIB,1,-12.160585438195204,53.51147859432415
2022-09-02,2022-09-04,EOS,1,-2.4226080825104974,66.33223053533395
2022-07-28,2022-09-05,SAND,-1,20.59830134152832,77.1487915532353
2022-08-17,2022-09-05,CHZ,1,-3.1358051497904507,44.08502374470588
2022-09-04,2022-09-06,LINK,1,-3.929632466175681,55.19656529206894
2022-08-30,2022-09-06,NEAR,1,-1.753282268820143,53.24474543547919
2022-09-05,2022-09-06,EOS,1,-4.2270469082020234,37.54314539542464
2022-08-29,2022-09-08,MATIC,1,1.8283184155177425,53.36511880051509
2022-09-05,2022-09-09,BNB,-1,-4.0823107860273895,66.08835667578344
2022-09-05,2022-09-09,LTC,1,0.5175062095251136,47.20596905413103
2022-08-25,2022-09-10,BTC,-1,-0.2664996078036291,53.52548798497602
2022-09-03,2022-09-11,ADA,1,3.2805578664101835,55.28042779796172
2022-08-16,2022-09-12,SOL,-1,7.857264915310436,77.1487915532353
2022-09-10,2022-09-13,BTC,1,-11.005139945265167,120.49173230271093
2022-09-05,2022-09-13,ETH,1,-9.40182125906365,182.6867544541273
2022-09-12,2022-09-13,SOL,1,-1.2064328674325406,10.0
2022-09-12,2022-09-13,XRP,1,-4.398394454294074,57.30833693331391
2022-09-12,2022-09-13,CHZ,-1,1.9414509074667468,49.1214316571262
2022-09-07,2022-09-14,EOS,1,-5.931188502123952,99.71462847054751
2022-09-09,2022-09-14,UNFI,-1,5.485039395470286,69.36674173176176
2022-09-11,2022-09-15,kSHIB,-1,5.705288567419665,58.40937576318441
2022-09-14,2022-09-15,ETH,1,-1.421922471098346,14.362828972498907
2022-09-10,2022-09-15,FIL,-1,4.051820543793911,69.79138973921901
2022-09-08,2022-09-15,NEAR,1,-5.385292008586655,48.72031470379889
2022-09-14,2022-09-15,CHZ,-1,0.2625383878059023,55.520012492164305
2022-09-13,2022-09-16,LTC,1,-3.6137532501108343,66.32677157770429
2022-09-13,2022-09-17,SOL,-1,-1.2546909011023908,55.2723096480869
2022-08-30,2022-09-19,DOGE,-1,2.6796812625396775,53.24474543547919
2022-09-05,2022-09-19,ETC,1,-35.912940458708974,142.67638582211075
2022-09-19,2022-09-20,EOS,-1,-2.2864079046193706,73.84956872865905
2022-08-26,2022-09-23,ATOM,1,12.664777577939475,53.067144932484524
2022-09-21,2022-09-23,MATIC,-1,-8.351795564851168,73.5916868828387
2022-09-14,2022-09-23,RVN,1,-30.579928487472674,68.1550406879287
2022-09-16,2022-09-24,kSHIB,-1,-0.054271877396911146,92.42120047113602
2022-09-25,2022-09-28,BTC,-1,-2.088583604460869,62.65265078039252
2022-09-23,2022-10-01,EOS,-1,0.13703103731458774,60.02326979051308
2022-09-10,2022-10-02,LINK,1,-9.764535812165944,98.069246140748
2022-09-17,2022-10-02,CHZ,1,-2.8633271790792967,59.02023280405526
2022-09-23,2022-10-03,DOGE,1,-3.7120466843967055,72.0279237486157
2022-09-15,2022-10-04,DOT,-1,3.688765056532626,65.04079755846202
2022-09-15,2022-10-06,ETH,-1,5.478956699482032,104.37384681966932
2022-09-29,2022-10-06,SOL,1,-1.5840228441044026,82.75936146948081
2022-10-06,2022-10-07,DOT,-1,0.04987318540227627,104.7368228246658
2022-09-22,2022-10-08,BNB,1,0.1984799376991991,59.19446783575369
2022-10-03,2022-10-08,RSR,1,-17.215533962463006,85.97287470523969
2022-10-01,2022-10-09,BTC,1,0.24266673821786675,73.8257119886221
2022-10-11,2022-10-13,ATOM,1,-7.441399976695133,106.87541979368481
2022-09-26,2022-10-13,NEAR,-1,17.835593903633562,104.37384681966932
2022-10-04,2022-10-18,DOGE,1,-9.74259127012791,135.06055324028515
2022-10-17,2022-10-19,LINK,1,-7.139719313235287,91.64704684497346
2022-08-27,2022-10-20,AVAX,-1,16.925782313409904,104.37384681966932
2022-10-07,2022-10-20,EOS,-1,7.0844915919909095,105.69798162987551
2022-09-16,2022-10-21,XRP,1,14.988669889965463,161.18167159142874
2022-10-17,2022-10-23,APE,-1,-1.5702043517759416,91.64704684497346
2022-10-22,2022-10-24,kSHIB,-1,0.4730470802989132,74.43031819857458
2022-10-22,2022-10-24,XRP,1,-0.6596051105172541,20.77307368469524
2022-10-18,2022-10-24,CHZ,-1,-4.060433081726709,78.86658502366612
2022-09-30,2022-10-25,ADA,-1,4.0302782428853545,134.9496926027205
2022-10-23,2022-10-25,DOT,-1,-6.113646516696734,75.096288797457
2022-10-21,2022-10-25,SOL,-1,-8.995601447756798,90.19986375414355
2022-10-07,2022-10-25,REEF,1,7.8617773718095485,135.06055324028515
2022-10-25,2022-10-27,ATOM,-1,-5.7392251260535385,101.63925749425458
2022-09-22,2022-10-27,ETC,-1,11.800553212730366,104.37384681966932
2022-10-14,2022-10-27,NEAR,-1,2.08855446504222,109.14542362481575
2022-10-26,2022-10-27,XRP,1,-0.37856265293286157,22.0806205920061
2022-10-24,2022-10-28,LIT,1,10.964480216610411,74.76823786114157
2022-10-25,2022-10-29,LINK,-1,-8.35200739643111,101.63925749425458
2022-10-27,2022-10-30,CHZ,-1,-24.088397848769482,127.19158898172006
2022-10-02,2022-10-30,MATIC,1,16.639078814181836,85.14458552945618
2022-10-20,2022-10-31,SUSHI,1,21.200149899293038,89.45394724422428
2022-10-29,2022-10-31,KLAY,1,-13.515307239664041,71.54276113642241
2022-10-29,2022-11-01,SOL,1,-0.7183152514358102,40.63472812060709
2022-10-25,2022-11-01,RSR,-1,-3.2861625884530583,101.63925749425458
2022-10-14,2022-11-02,BTC,1,4.226043638918811,160.95825088680184
2022-10-28,2022-11-02,XRP,1,-2.7535235639974607,43.64210824942761
2022-11-01,2022-11-03,kSHIB,1,-10.265646880570886,118.17946694394388
2022-10-30,2022-11-03,ATOM,1,-4.765571049251854,118.17946694394388
2022-10-26,2022-11-03,APE,-1,6.12166613477385,84.58338139924885
2022-11-03,2022-11-04,NEAR,-1,-7.142358119745752,76.5909556159846
2022-11-03,2022-11-04,XRP,-1,-8.75177955143979,76.5909556159846
2022-11-04,2022-11-05,APE,-1,-5.954821044694779,70.01069716399108
2022-11-01,2022-11-05,REEF,-1,-0.8038517576024304,94.5435735551551
2022-11-04,2022-11-06,SOL,1,-7.40244470323541,103.6413542999396
2022-11-04,2022-11-06,XRP,1,-3.3554038004044875,79.07081246234867
2022-10-28,2022-11-07,EOS,-1,-1.8889922825089007,102.90374123810203
2022-11-04,2022-11-08,BTC,1,-10.939902073403882,149.90444452136074
2022-10-20,2022-11-08,DOGE,1,137.96099760745307,237.6308766308918
2022-10-22,2022-11-08,ETH,1,-1.1228973804979347,179.92343692035385
2022-11-07,2022-11-08,APE,-1,8.572736058012035,58.21909748543293
2022-11-07,2022-11-08,KLAY,-1,10.372207841743682,58.21909748543293
2022-11-09,2022-11-11,ETH,-1,-9.44377175273591,54.81010863578654
2022-10-28,2022-11-14,BNB,1,-0.7374492875409504,85.75311769841835
2022-11-06,2022-11-14,XRP,-1,5.817444381285896,54.81010863578654
2022-11-09,2022-11-15,DOGE,1,9.107058702183233,54.81010863578654
2022-11-04,2022-11-17,MATIC,1,-14.240982104304011,84.0128365967893
2022-11-02,2022-11-22,CHZ,1,-14.062844253367961,76.21272697743923
2022-11-21,2022-11-23,DOT,-1,-2.3134114902007457,46.911517718502374
2022-11-08,2022-11-23,BAND,1,-3.680851226776195,65.38399297556245
2022-11-05,2022-11-24,AXS,-1,29.908405805610478,85.10413835750704
2022-10-29,2022-11-25,ETC,-1,15.411687271358634,100.1598655909914
2022-11-07,2022-11-26,SOL,-1,-0.12777028293373643,66.02059231463663
2022-11-14,2022-11-26,DYDX,1,-18.870985002884304,67.98963079553207
2022-11-26,2022-11-27,kSHIB,-1,-2.0346041074720347,66.23641978714012
2022-11-25,2022-11-28,XRP,1,-1.9950150001493474,41.26287019664789
2022-11-23,2022-11-29,CRV,1,-1.6642599725247262,54.489166798425195
2022-11-25,2022-11-29,NEAR,-1,1.5081472922555736,66.02059231463663
2022-11-11,2022-11-30,AVAX,-1,1.8948089102084145,82.84942526507993
2022-11-23,2022-12-01,BNB,1,-0.2869750418395533,54.489166798425195
2022-11-30,2022-12-01,ETH,1,-0.2156465041421254,13.662563157360358
2022-11-30,2022-12-01,NEAR,-1,-0.7463293517530819,55.79878359027192
2022-11-29,2022-12-02,DOT,-1,-4.209621901733615,82.93608076724648
2022-12-02,2022-12-03,ETH,1,-0.6450606015288917,14.685065301474813
2022-12-02,2022-12-03,MATIC,1,-0.9280737172930713,18.689122948166847
2022-11-08,2022-12-05,BTC,-1,5.303905392444712,65.05394720438719
2022-11-28,2022-12-05,APE,1,-1.415223626788157,47.12352425233502
2022-12-03,2022-12-05,BAND,1,-3.048412947634146,54.586079166174
2022-11-24,2022-12-06,LINK,1,1.9017144463354596,46.662982817713456
2022-12-04,2022-12-06,NEAR,-1,-1.816774262133715,46.93026867718671
2022-12-05,2022-12-07,ETH,1,-1.5417272831974949,65.2239273410092
2022-12-07,2022-12-08,DOT,-1,-1.4570546827361348,53.54125697642766
2022-12-08,2022-12-09,NEAR,-1,0.22016048022941923,53.6765035092268
2022-11-02,2022-12-09,MASK,1,-12.40595455227797,76.21272697743923
2022-12-07,2022-12-10,BAND,1,2.580246278844912,53.54125697642766
2022-11-18,2022-12-11,DOGE,1,1.6880938736330933,86.4827184108457
2022-12-02,2022-12-11,XRP,-1,1.9165852006908684,54.7945356213333
2022-12-08,2022-12-11,SFP,1,-1.4482900079008632,46.008431579337255
2022-12-06,2022-12-12,AXS,1,-6.217887325921416,53.74550180274701
2022-12-09,2022-12-12,DYDX,-1,-3.0694071665095226,53.73585244095299
2022-11-30,2022-12-14,SOL,-1,-0.12634691059163855,55.79878359027192
2022-12-13,2022-12-15,DYDX,-1,0.8889241588479491,46.524382885510974
2022-11-05,2022-12-17,LTC,1,-11.210272111623407,85.10413835750704
2022-12-16,2022-12-17,NEAR,-1,-1.0651597084534978,52.69114410875206
2022-12-13,2022-12-18,BNB,-1,3.4075366344309983,46.524382885510974
2022-12-13,2022-12-19,BNX,-1,-15.809344873953453,46.524382885510974
2022-12-21,2022-12-24,CRV,-1,-0.7545510684536829,53.52945273694392
2022-12-01,2022-12-26,ETC,-1,5.968936305944671,78.72046022040018
2022-12-06,2022-12-26,APE,1,-4.419545066972879,53.74550180274701
2022-12-13,2022-12-27,BTC,1,-5.017384012416565,97.22213530696435
2022-12-28,2022-12-29,ETC,-1,-2.375583886329186,58.76771717893213
2022-12-26,2022-12-29,XRP,1,-3.11393590867566,47.309110792374526
2022-12-16,2022-12-29,AXS,1,-3.101708943531582,52.69114410875206
2022-12-26,2022-12-30,MATIC,1,-3.205224638860413,47.309110792374526
2022-12-26,2023-01-02,SOL,-1,-0.9032275743440675,66.23275510932434
2022-12-21,2023-01-02,DYDX,-1,0.5673040055679462,53.52945273694392
2022-12-31,2023-01-03,BNX,1,-1.617493351412548,60.93621604734325
2022-11-01,2023-01-04,ADA,-1,17.850513573414833,94.5435735551551
2023-01-04,2023-01-05,BNB,1,-0.10362382281494,12.32849569152513
2022-12-09,2023-01-05,FTM,1,-9.163480982764167,81.37752908403422
2022-12-17,2023-01-07,WAVES,-1,2.1784502080090227,92.11393830155365
2023-01-07,2023-01-09,FTM,1,2.323984055395784,57.60216771099117
2023-01-04,2023-01-11,ETC,1,3.706404996979508,55.254632708013325
2023-01-06,2023-01-13,BNB,1,7.29640345362353,138.40004741555543
2022-12-30,2023-01-13,LINK,-1,-12.36025198061728,60.4375017158355
2022-12-25,2023-01-14,LTC,1,12.767286966776048,67.59764582581343
2023-01-07,2023-01-14,DYDX,-1,-21.586547428057273,80.64303479538765
2023-01-10,2023-01-15,ADA,1,6.369171413808063,74.30323031246016
2022-12-27,2023-01-15,APE,1,26.03864497715865,72.52500205900262
2022-11-30,2023-01-15,CHZ,-1,-15.447359078196468,92.11393830155365
2023-01-08,2023-01-16,GALA,1,20.606729368044046,58.186121248357544
2023-01-16,2023-01-18,NEAR,1,-10.649449054346643,104.15715274105298
2023-01-05,2023-01-20,XRP,-1,-16.393361535290353,114.03724087249408
2023-01-20,2023-01-21,XRP,1,-0.5285084726067177,21.812447842592317
2023-01-11,2023-01-21,MASK,-1,-14.360331004084827,156.23572911157947
2022-12-27,2023-01-22,OCEAN,1,60.7575541479009,142.32096812653893
2023-01-21,2023-01-23,XRP,-1,-1.5032291738260148,29.511822359314063
2023-01-23,2023-01-24,XRP,1,-2.062690333382627,52.58362884124854
2023-01-24,2023-01-25,XRP,-1,-0.7933466292109257,32.80510687687684
2023-01-18,2023-01-26,kSHIB,1,4.351639230514838,123.3353761306928
2023-01-25,2023-01-26,XRP,1,-0.24477841883336715,11.861647155899025
2023-01-21,2023-01-27,SAND,1,-6.35731016222671,105.32932684500844
2023-01-26,2023-01-27,XRP,-1,-0.18924836447675955,18.201408344854414
2023-01-15,2023-01-27,MANA,1,-3.2412848023498304,102.82581503182237
2023-01-23,2023-01-27,MATIC,-1,-19.461076750771902,117.55028588374503
2023-01-24,2023-01-28,NEAR,1,4.51827104065992,98.89162504261805
2023-01-28,2023-01-29,XRP,-1,-0.35390987779308797,23.066398691153147
2023-01-27,2023-01-30,LTC,-1,-2.8913344316646525,107.07561132501627
2023-01-27,2023-01-31,AVAX,1,-7.437635227386254,107.07561132501627
2023-01-04,2023-01-31,DOGE,-1,-31.969286493678236,154.07147512815067
2023-01-28,2023-01-31,GALA,1,-5.630063015984075,105.62810423877076
2023-01-15,2023-01-31,LINK,-1,-7.049990216824351,154.23872254773354
2023-01-25,2023-02-01,APE,1,1.3985685942737123,99.14578405070972
2023-01-21,2023-02-02,BNB,-1,-9.386251783701002,147.46105758301184
2023-01-31,2023-02-02,DOGE,1,-5.213771662588084,92.93361299488188
2023-02-02,2023-02-03,AVAX,1,0.6924316058428888,123.1817670398637
2023-01-31,2023-02-04,NEAR,-1,-9.680813004037805,128.40876845191346
2023-02-03,2023-02-05,LINK,-1,4.383813916510312,103.75080006814099
2023-02-03,2023-02-05,MANA,1,-11.038114720450421,155.6262001022115
2023-02-04,2023-02-07,APE,-1,-2.103609514932502,100.32723893732035
2023-01-03,2023-02-08,SOL,1,43.43971157211216,150.5531300119067
2023-01-04,2023-02-09,BTC,1,91.12812144689576,327.67022331913927
2022-12-12,2023-02-09,ETH,1,43.5593549376532,316.0773479424466
2023-01-31,2023-02-10,AXS,-1,9.088023199764885,128.40876845191346
2023-02-09,2023-02-11,ADA,-1,-1.6137697636534076,86.81431688264638
2023-02-11,2023-02-12,ETH,1,-0.3151092579568394,19.03409325045156
2023-02-08,2023-02-12,SOL,-1,7.743287275658287,108.90465541718382
2023-02-09,2023-02-12,MANA,1,-2.415698732768644,86.81431688264638
2023-01-17,2023-02-14,ETC,-1,4.398277303333048,124.78550365769043
2023-02-12,2023-02-15,ETH,-1,-5.8370703416420655,101.96578957630024
2023-02-10,2023-02-15,LINK,-1,-5.007170393291835,87.13078134431592
2023-02-04,2023-02-16,kSHIB,1,-13.907749022332426,120.39268672478443
2023-01-21,2023-02-18,OP,1,20.912446329810944,105.32932684500844
2023-02-15,2023-02-19,ADA,1,-3.572304709539542,71.47012778968958
2023-02-11,2023-02-19,LTC,1,2.3011490929637124,75.66197879203217
2023-02-14,2023-02-20,SAND,-1,-14.033081157875225,82.52207969557993
2023-01-27,2023-02-20,FTM,1,7.223332316374399,107.07561132501627
2023-02-15,2023-02-21,AXS,-1,-0.5436370219501789,100.05817890556543
2023-01-31,2023-02-22,DYDX,1,-18.000689757238636,128.40876845191346
2023-02-21,2023-02-24,AVAX,1,-8.536910495747888,67.38604212490313
2023-02-07,2023-02-24,MATIC,1,-12.747914275352233,180.20272407846232
2023-02-19,2023-02-25,LINK,1,-6.976445715139012,83.00608674617916
2023-02-21,2023-02-26,LTC,-1,-1.7748031402275006,117.92557371858048
2023-02-13,2023-02-27,BNB,-1,-6.4879058787277435,85.29146140855944
2023-02-26,2023-02-27,MATIC,1,-0.38100978044971867,10.0
2023-01-30,2023-03-03,XRP,-1,1.763510036995655,125.89434999106109
2023-03-03,2023-03-05,DOT,-1,0.6271902980676601,70.32471994554801
2023-03-04,2023-03-06,GALA,-1,-5.804719916190905,51.93841818547791
2023-02-14,2023-03-06,SOL,1,-22.635257358171586,164.4816636505798
2023-02-27,2023-03-07,AVAX,-1,9.130867711882427,92.7174129878726
2023-02-24,2023-03-07,DYDX,1,-11.903236150886244,74.68002637246556
2023-03-04,2023-03-08,kSHIB,-1,0.8699533120007297,51.93841818547791
2023-03-03,2023-03-08,BNB,-1,0.666717644743406,70.32471994554801
2023-02-11,2023-03-10,BTC,1,-16.466249387705137,167.74726725597677
2023-02-15,2023-03-10,ETH,1,-18.148897612732792,189.75325079222873
2023-02-26,2023-03-12,ADA,-1,7.6982005899208525,92.83843494853497
2023-03-09,2023-03-12,AVAX,-1,-8.798695395811603,70.31573486902361
2023-03-05,2023-03-12,EOS,1,-8.57501111419319,59.6258543841634
2023-03-08,2023-03-13,XRP,1,-3.0800872862593978,69.46546760986458
2023-02-18,2023-03-15,FIL,1,-16.732071532992354,84.24471888922146
2023-03-07,2023-03-15,SAND,-1,2.6397044740914586,69.20698231532889
2023-02-25,2023-03-18,ETC,-1,-2.603140912865493,87.879192779326
2023-03-17,2023-03-18,FIL,1,-0.819003911138925,10.0
2023-03-14,2023-03-19,XRP,-1,-2.610188999896182,70.91900327960964
2023-03-10,2023-03-19,MATIC,1,11.800939761275632,84.24471888922146
2023-03-16,2023-03-21,ADA,-1,-9.847180414554943,71.11351244776542
2023-03-08,2023-03-22,LTC,-1,-4.44920900595985,83.35856113183749
2023-03-15,2023-03-23,BNB,1,6.836504517050678,70.44529251616115
2023-02-23,2023-03-23,OP,1,-16.43964708580553,120.73834742361743
2023-03-19,2023-03-25,SOL,1,-2.4657959892933365,40.038628011252605
2023-03-23,2023-03-28,LINK,1,-7.42731321550712,96.71261113181991
2023-03-25,2023-03-29,GALA,-1,-6.2159363710416695,63.84842217090867
2023-03-24,2023-03-30,LTC,1,-3.8405819464642783,76.59208588118867
2023-03-12,2023-03-31,kSHIB,-1,0.5428954068514182,82.78952949301625
2023-02-02,2023-03-31,DOGE,-1,14.923096008469733,117.92557371858048
2023-03-30,2023-03-31,EOS,1,0.2640530378232754,81.42936559079854
2023-04-02,2023-04-03,EOS,1,-3.196583098978729,70.24314266126551
2023-03-29,2023-04-05,DYDX,-1,-2.6365679137530686,58.33449932411401
2023-03-21,2023-04-07,FIL,-1,2.005825481584021,78.45679316183339
2023-03-15,2023-04-07,MASK,1,35.62566794304568,76.59208588118867
2023-04-03,2023-04-08,DOGE,1,-22.751003208801936,166.91171340435145
2023-04-01,2023-04-10,BNB,-1,-1.0727404912625274,67.59695986528342
2023-04-03,2023-04-10,GALA,-1,-2.108509473838664,59.55459955396902
2023-04-08,2023-04-10,LINK,-1,-2.0148149516830416,64.54102170326014
2023-03-27,2023-04-11,SOL,-1,-8.848904835892043,56.76334351133122
2023-04-09,2023-04-12,MASK,1,-0.570673196484645,15.95997881915103
2023-03-31,2023-04-12,SXP,1,-0.26660838319988345,68.14057632686003
2023-04-07,2023-04-13,LINA,1,-7.259859148824647,56.077220377323314
2023-03-23,2023-04-14,OP,-1,-11.935383667669194,100.65015178644116
2023-04-10,2023-04-14,EOS,1,0.31727784689335686,58.01122311269557
2023-04-12,2023-04-15,ETC,1,-0.0024807967042052917,57.76993149229105
2023-04-10,2023-04-15,DYDX,-1,-9.875398658024785,81.21571235777381
2023-04-13,2023-04-15,MASK,1,-0.2592951392237218,23.921235521122895
2023-04-11,2023-04-19,SOL,1,-1.1103190584378466,57.51437244939494
2023-03-21,2023-04-19,XRP,1,-0.2637628848957148,133.49535134508656
2023-04-09,2023-04-20,DOGE,1,-1.9680347370631284,72.78005524617203
2023-03-13,2023-04-21,BTC,1,29.72497897268896,174.07380866018772
2023-04-18,2023-04-21,DYDX,1,-15.550370844756303,71.26382321762942
2023-03-31,2023-04-22,ADA,1,-1.0836448418848323,68.14057632686003
2023-04-17,2023-04-22,LINK,1,-10.462338645358413,83.88275165414512
2023-04-10,2023-04-23,LDO,-1,13.165999635632891,81.21571235777381
2023-04-22,2023-04-24,BTC,1,-0.25664654770764994,20.16583479589928
2023-03-11,2023-04-28,ETH,1,33.27899441532851,192.91984083052756
2023-04-21,2023-04-28,CTSI,1,-7.2960357734057375,57.83995367739925
2023-04-21,2023-04-28,SXP,1,5.10796432743705,57.83995367739925
2023-04-26,2023-04-29,ADA,1,0.05240733414649279,65.53003434168538
2023-04-21,2023-04-29,BNB,1,0.9027797003353404,57.83995367739925
2023-04-29,2023-04-30,ETH,1,-0.3499153274930908,16.138940135853787
2023-04-28,2023-04-30,XRP,1,-0.339094951971559,16.200871256700843
2023-04-14,2023-05-01,FIL,-1,15.183847688020073,99.79182641770957
2023-04-30,2023-05-02,BNB,1,-3.0981825945094834,79.07683708906325
2023-04-28,2023-05-02,LINA,1,-6.318824679043698,65.12817281997978
2023-04-19,2023-05-03,ETC,-1,3.033506108685781,81.58220699170215
2023-04-25,2023-05-03,FTM,-1,-1.026588586530322,65.11100987431061
2023-04-15,2023-05-04,INJ,1,-4.448620451255424,97.2938242301752
2023-05-02,2023-05-05,AVAX,-1,-1.8623016440279292,57.66749982359082
2023-05-03,2023-05-05,DOGE,-1,-0.46693877785728055,57.36329308806798
2023-05-02,2023-05-05,LINK,-1,-2.014553076730415,57.66749982359082
2023-05-03,2023-05-05,LINA,1,-3.159605863808019,80.30861032329517
2023-05-04,2023-05-07,BNB,1,-0.7215531130262283,80.37014352090144
2023-05-03,2023-05-11,FIL,-1,18.38264688578091,101.04697010230369
2023-05-06,2023-05-11,INJ,1,-15.864387752344616,80.83216212180152
2023-04-25,2023-05-12,BTC,1,-15.990505868539262,246.44787296327254
2023-05-08,2023-05-12,GALA,-1,-4.018735260021046,66.13473864871212
2023-05-10,2023-05-14,BNB,1,-0.4969217879686106,66.1623707835812
2023-05-09,2023-05-15,CTSI,1,-3.7205673953132923,79.22492707603888
2023-05-12,2023-05-16,FIL,-1,0.19431049589491445,78.11908986414973
2023-05-12,2023-05-16,LINK,1,0.19711471155811322,65.0992415534581
2023-05-15,2023-05-16,FTM,1,-0.6673980982689174,64.98108528636567
2023-05-02,2023-05-17,ETH,1,-2.552923726234394,100.91812469128394
2023-04-15,2023-05-17,MASK,-1,24.55149387936303,90.99532272957946
2023-04-28,2023-05-18,SOL,1,-13.024890137175683,131.76422556074672
2023-05-15,2023-05-21,AVAX,-1,3.262963427133449,64.98108528636567
2023-05-16,2023-05-23,LDO,1,-5.392943333257908,67.35528032943552
2023-05-17,2023-05-23,CTSI,1,-9.102121635907942,69.32278784017625
2023-05-18,2023-05-23,MASK,1,-7.564423196005233,68.43427834985539
2023-05-16,2023-05-25,XRP,1,-2.1643701135076716,163.3042961523077
2023-03-21,2023-05-25,MATIC,-1,17.97758596804814,103.98418176026436
2023-05-20,2023-05-26,INJ,1,-7.215612359157675,64.80900431198597
2023-05-14,2023-05-27,LTC,1,-1.8871847760945315,147.36923733926454
2023-05-22,2023-05-27,SOL,-1,-3.676915205666443,79.53254495992176
2023-05-18,2023-05-27,FTM,-1,8.941233538254403,82.12113401982648
2023-05-27,2023-05-28,MASK,-1,-18.077580039370524,116.82239195741047
2023-05-25,2023-05-28,RLC,1,2.312210162071468,68.17729770375021
2023-05-28,2023-05-29,RLC,-1,1.843088024130565,117.76778441734797
2023-05-29,2023-05-30,LTC,1,0.9303028915098399,71.30248027227617
2023-05-23,2023-05-30,KAVA,1,-7.462039779185483,95.8296499573793
2023-05-28,2023-05-31,BTC,1,-3.5728171687070294,145.8430800362201
2023-05-24,2023-05-31,ARPA,1,-31.154877468879878,98.77144731441051
2023-05-06,2023-06-02,APT,-1,1.7689081232401376,80.83216212180152
2023-05-11,2023-06-04,TOMO,1,28.93544258026776,66.38169146052716
2023-05-24,2023-06-05,ETH,1,-8.142281258915775,204.47903872133494
2023-06-04,2023-06-06,SOL,1,-4.993263285410002,74.08407539337016
2023-05-29,2023-06-06,FTM,-1,7.937747161102318,93.80775539914279
2023-05-27,2023-06-06,LINA,1,33.2101680470624,78.17312949928565
2023-06-06,2023-06-07,BTC,1,-0.853631246007592,24.762655515888444
2023-05-29,2023-06-07,DOGE,-1,7.581863504033427,93.80775539914279
2023-06-06,2023-06-07,ETH,1,-1.150547557193065,39.46588434769855
2023-05-21,2023-06-10,GALA,-1,26.06860548713895,91.0955284212914
2023-05-30,2023-06-10,INJ,1,-18.241343512557407,74.19148332064252
2023-06-02,2023-06-10,LTC,1,-14.78361533422512,75.75970841553075
2023-06-05,2023-06-12,LDO,1,-12.549801969500109,88.12768244610997
2023-06-06,2023-06-13,MTL,1,-12.51490195035395,88.12768244610997
2023-05-26,2023-06-16,XRP,1,0.33700711053421706,248.63339150336944
2023-06-05,2023-06-19,TOMO,1,-4.258479993724138,63.181349117994294
2023-04-23,2023-06-20,OP,-1,38.450727159277406,96.86700293552975
2023-06-10,2023-06-20,1000LUNC,1,2.9425979304046934,88.12768244610997
2023-06-12,2023-06-20,ARPA,1,-2.671236267747845,67.92276570597538
2023-06-10,2023-06-21,SOL,-1,-7.322941918542513,88.12768244610997
2023-06-14,2023-06-21,MTL,1,4.813048264723942,66.08871311622875
2023-06-21,2023-06-23,OP,1,-2.12655668845194,63.4461037914108
2023-06-14,2023-06-23,SAND,-1,-11.861160550254667,66.08871311622875
2023-06-19,2023-06-24,APT,1,2.9340591540620284,53.11607705542933
2023-06-19,2023-06-24,XRP,1,-1.0043033271725648,63.068059232622694
2023-06-23,2023-06-24,ARPA,-1,-8.251753244657522,98.07638725309779
2023-06-11,2023-06-25,LINA,1,9.570028752464063,73.78321540226538
2023-06-26,2023-06-27,LINA,1,-0.15435586649145813,10.0
2023-06-24,2023-06-29,SOL,-1,-8.035790027752384,97.73155556320322
2023-06-22,2023-06-29,MTL,1,-5.784148972339994,48.407136681304024
2023-06-24,2023-07-01,WAVES,1,-9.246445526087445,64.78086831113148
2023-07-02,2023-07-04,APT,-1,-3.6922089347876152,77.29363940382983
2023-06-27,2023-07-04,APE,-1,5.441004288440997,76.91665789906635
2023-07-03,2023-07-05,XRP,1,-1.9308422526538718,76.37371081012375
2023-07-01,2023-07-07,ETC,1,-5.226112905968227,63.79428558277513
2023-06-02,2023-07-08,MATIC,-1,22.414976770372157,90.91165009863691
2023-06-22,2023-07-09,LTC,1,2.1023765444044766,109.74898903548396
2023-07-09,2023-07-10,XRP,-1,-1.1457493342944343,51.492523230530445
2023-06-18,2023-07-11,INJ,1,20.249882719611996,53.513309658665754
2023-07-08,2023-07-11,EOS,-1,-0.6175089588339706,60.27119281319139
2023-07-05,2023-07-11,STORJ,1,-10.82401649887044,61.70262908817709
2023-06-07,2023-07-12,ADA,-1,9.287825369155941,89.28008288725873
2023-07-07,2023-07-13,DOGE,-1,-4.798455372928237,61.10176940541877
2023-07-10,2023-07-13,LTC,1,0.5193153828160564,10.0
2023-07-04,2023-07-14,OP,-1,-8.490668174865235,74.36628626591322
2023-07-13,2023-07-14,LINA,-1,0.4384880324968381,54.435483935095846
2023-07-10,2023-07-16,APT,-1,-2.3218979845765317,51.868463881980105
2023-06-23,2023-07-18,BCH,1,35.71684958808928,121.98566459962832
2023-06-17,2023-07-18,BTC,1,16.853619501816397,433.9843168499252
2023-07-12,2023-07-18,MATIC,1,1.321167605748181,73.87604518133024
2023-06-20,2023-07-19,ETH,1,-19.041378433895407,332.0346624044658
2023-07-03,2023-07-19,TOMO,-1,-8.43507473405554,62.92497097542975
2023-07-13,2023-07-20,STORJ,-1,1.6736224378955953,54.435483935095846
2023-07-19,2023-07-23,BTC,-1,-0.26641046310299277,59.18179976860088
2023-07-23,2023-07-24,BCH,1,-0.7244820809180815,15.982861549683674
2023-07-23,2023-07-24,BTC,1,-0.581756075688748,18.31642796573658
2023-07-14,2023-07-24,LTC,-1,3.931985650050409,61.68842030578778
2023-07-24,2023-07-25,APT,-1,0.5367396609274359,55.61612726295661
2023-07-04,2023-07-25,COMP,1,2.937634616271679,53.11877590422372
2023-07-20,2023-07-26,ETH,-1,0.7072808249942157,70.80039414358755
2023-07-11,2023-07-27,APE,-1,-1.4539438329398462,52.97981358236171
2023-07-27,2023-07-28,BCH,1,-0.17717589704982245,10.0
2023-07-16,2023-07-29,OP,1,0.4096326515276975,62.10401003297046
2023-07-26,2023-07-29,STORJ,-1,-4.222245196764703,68.56239857056984
2023-07-21,2023-07-30,ETC,-1,-0.32700707574656923,57.633425718587155
2023-07-28,2023-07-30,COMP,1,-1.2108620338701779,49.028127684625154
2023-06-04,2023-08-01,BNB,-1,11.034512626240284,97.73155556320322
2023-07-24,2023-08-01,BTC,-1,-1.012131546289188,55.61612726295661
2023-07-28,2023-08-01,LTC,-1,-1.3668899285259926,49.028127684625154
2023-07-13,2023-08-01,XRP,1,-6.27023206684732,81.4546659262765
2023-07-30,2023-08-02,BCH,1,-2.1017096402232314,33.82053628746853
2023-08-01,2023-08-02,BTC,1,-1.2790804716468234,65.36286992275137
2023-07-31,2023-08-02,FIL,-1,-0.07590039268111623,50.3059263355408
2023-07-06,2023-08-02,SOL,1,22.819334611370138,182.74196153185065
2023-07-27,2023-08-03,ETH,-1,0.7955313974287433,57.48283296919192
2023-07-17,2023-08-03,LINK,1,-0.9041248509981502,60.926052037430836
2023-08-01,2023-08-03,STORJ,-1,1.9592879025230945,70.7810508623373
2023-07-30,2023-08-04,APE,-1,2.814688290640516,58.87321710769966
2023-07-24,2023-08-07,DOGE,1,-0.6435358133815116,47.67096622539139
2023-08-06,2023-08-08,BCH,-1,-5.339302664922485,71.71768147855924
2023-08-03,2023-08-08,TOMO,1,-4.720362515736291,60.0158172672179
2023-08-08,2023-08-09,ETH,1,-0.04697110059941281,24.385280532728864
2023-07-20,2023-08-09,XLM,1,-7.6901679808629275,59.00032845298963
2023-07-30,2023-08-12,OP,1,-2.8810894317782947,58.87321710769966
2023-08-11,2023-08-13,ADA,-1,0.6967972877741615,57.89283870329503
2023-08-08,2023-08-15,BTC,1,-3.818152340293001,242.46890276738378
2023-08-08,2023-08-15,DOGE,1,-4.460014427772373,108.05905605967307
2023-08-10,2023-08-15,XRP,-1,2.580505882501029,71.16450044138148
2023-08-14,2023-08-15,1INCH,-1,4.71648338347567,60.41965035870982
2023-08-09,2023-08-16,LINK,1,-7.250896460345425,59.206461866731004
2023-07-23,2023-08-18,MKR,1,-1.3315511308170969,49.137378721319195
2023-08-05,2023-08-19,kSHIB,1,-6.587640878301658,71.36543213128158
2023-07-27,2023-08-20,MATIC,-1,10.220998425076449,90.02372590082686
2023-08-18,2023-08-20,OGN,1,1.6858501110134334,70.79686243080535
2023-08-08,2023-08-21,SOL,1,-12.80228456287468,128.58819007076858
2023-08-19,2023-08-21,XLM,1,0.5498605073167476,71.04763612577864
2023-08-04,2023-08-21,COMP,-1,22.354202253321166,90.65062191041837
2023-08-21,2023-08-22,MKR,1,-3.926401286944754,82.72041435466438
2023-08-11,2023-08-25,BNB,-1,4.6677660198602124,57.89283870329503
2023-08-23,2023-08-25,XLM,1,-1.901452677000076,64.8355480112864
2023-08-15,2023-08-26,TOMO,1,-21.292091662596903,70.54086062818132
2023-07-28,2023-08-28,STMX,1,-1.5544822623545738,71.36543213128158
2023-08-28,2023-08-29,kSHIB,1,1.1368180583965612,71.9617284587775
2023-08-18,2023-08-29,BTC,-1,-4.593581958441686,70.79686243080535
2023-08-19,2023-08-29,ETH,-1,-2.2878244045159195,60.89797382209597
2023-08-25,2023-08-29,XRP,1,1.5386853305714414,61.968344714761024
2023-08-21,2023-08-29,MATIC,-1,-4.796010286908331,68.93367862888698
2023-08-29,2023-08-30,SOL,1,-2.9196239663455614,63.8230030678968
2023-08-29,2023-08-30,COMP,-1,1.9954105923309289,95.7345046018452
2023-08-29,2023-08-31,BNB,1,-2.9821056951821636,63.8230030678968
2023-08-22,2023-08-31,OP,1,-9.407143629741046,78.84547086055011
2023-08-30,2023-09-01,LINK,-1,-0.4183166382913781,95.47178639311205
2023-08-31,2023-09-02,MKR,1,-0.8014124477649818,54.4303056550058
2023-08-02,2023-09-04,CRV,-1,16.6405344382365,95.25303489626016
2023-08-29,2023-09-05,BCH,1,-9.217471608967458,63.8230030678968
2023-08-30,2023-09-06,API3,1,-3.098336013356314,54.555306510349745
2023-09-02,2023-09-06,MATIC,-1,-2.5709474724241312,72.41389311523668
2023-09-05,2023-09-07,BTC,-1,-1.151074894947432,60.04538465618943
2023-09-01,2023-09-07,OP,-1,-1.7569478554176416,94.703131611893
2023-09-04,2023-09-08,APT,-1,-0.22878778330895325,71.61301962076676
2023-08-30,2023-09-08,DOGE,1,-1.9119541052307645,54.555306510349745
2023-09-06,2023-09-09,MKR,1,-0.6893633416852771,70.99383605153481
2023-09-06,2023-09-13,ETH,-1,0.872942586833833,59.16153004294567
2023-08-02,2023-09-14,LTC,-1,17.05399399533177,85.6385185575379
2023-09-07,2023-09-14,TOMO,1,-6.962186652242026,59.16757080250704
2023-09-12,2023-09-17,CFX,-1,-3.4240525393181405,50.04354918962664
2023-09-09,2023-09-17,SFP,1,-0.9638865201667767,68.10562011508446
2023-08-31,2023-09-17,UNFI,1,11.739509160492393,54.4303056550058
2023-09-09,2023-09-18,SOL,-1,-0.8974004992244388,56.75468342923704
2023-09-17,2023-09-20,XRP,-1,-3.535612781904107,59.63855030976554
2023-09-08,2023-09-21,kSHIB,-1,3.0913138635982036,69.4215247636006
2023-09-19,2023-09-21,BTC,1,-2.312888443160114,92.11142118998109
2023-09-19,2023-09-21,SOL,1,-2.0261365926740114,55.85644439435527
2023-09-14,2023-09-22,BCH,1,0.9031675004025215,71.18725626559717
2023-09-15,2023-09-25,FLM,1,4.078477976191617,60.1871428211564
2023-08-20,2023-09-25,RUNE,1,0.22486627407319337,70.19346479026639
2023-09-23,2023-09-27,TOMO,1,-1.1700127764568367,47.816889680725794
2023-09-23,2023-09-28,BNB,-1,-1.5196990475915433,66.94364555301611
2023-09-20,2023-09-28,ETH,-1,-1.3898225447393258,71.41830321512187
2023-08-16,2023-09-28,BLZ,1,142.96770454743975,135.90533236637663
2023-09-28,2023-09-29,BTC,1,-0.23600399919690515,40.286035407781135
2023-09-25,2023-09-30,STMX,1,-2.398684972930581,55.781268738605824
2023-08-25,2023-10-01,APE,-1,5.291978856644744,87.89462838008643
2023-09-07,2023-10-01,MATIC,-1,-1.7748813876651608,71.00108496300847
2023-09-28,2023-10-02,ETH,1,-4.945186964292201,163.28611190918681
2023-09-25,2023-10-02,OP,-1,-6.413253663263619,55.781268738605824
2023-10-01,2023-10-03,XRP,-1,-1.9632196880769806,67.87975257312355
2023-10-03,2023-10-04,XRP,1,-0.32801950084904186,24.78732853574664
2023-10-05,2023-10-06,RUNE,1,-5.122179227283904,40.38215355823075
2023-09-28,2023-10-06,UNFI,-1,-3.0833171316358454,66.91846807365825
2023-10-06,2023-10-07,CRV,-1,-0.08836265631438948,80.3296875585359
2023-09-19,2023-10-07,LINK,1,6.324416680157557,61.56034029945328
2023-09-28,2023-10-09,BCH,1,-6.540414324189781,83.25234162475672
2023-09-16,2023-10-14,DOGE,-1,2.292857425065077,59.45646481938013
2023-10-14,2023-10-15,ARB,-1,-0.14484003021064584,62.926580812337455
2023-10-01,2023-10-15,BNB,-1,2.5498511239392387,67.87975257312355
2023-10-02,2023-10-15,APE,-1,6.252237052917642,67.25024387192707
2023-10-15,2023-10-16,DOGE,-1,-0.9725619114178263,78.93487325937168
2023-10-12,2023-10-16,STMX,1,2.1797586546803727,44.853191047224726
2023-09-17,2023-10-16,STORJ,1,9.18855640064578,71.56626037171866
2023-10-16,2023-10-17,ARB,-1,2.239690772507623,53.17777875579121
2023-10-16,2023-10-17,BCH,1,-0.9064418148086185,44.18444518702641
2023-10-16,2023-10-17,BLZ,-1,-3.1839067890073967,53.17777875579121
2023-10-10,2023-10-18,ETH,-1,0.15022604069617979,63.40570092218654
2023-09-30,2023-10-18,OGN,1,-7.0914323258588405,66.95139588184934
2023-10-17,2023-10-19,XRP,-1,-3.84393242491386,64.68550749429028
2023-10-17,2023-10-19,STMX,1,-6.471101485071129,46.20393392449305
2023-10-15,2023-10-20,LTC,-1,-2.2542514912460265,78.93487325937168
2023-10-16,2023-10-21,RUNE,-1,-3.7028431420244825,53.17777875579121
2023-10-18,2023-10-22,AVAX,-1,-7.114686755450015,53.34930586051561
2023-10-15,2023-10-22,LQTY,1,-4.624037937529025,57.010197985312075
2023-10-18,2023-10-23,DOGE,-1,-8.134401234445049,53.34930586051561
2023-10-18,2023-10-24,BCH,1,8.132221916418482,200.92649707110135
2023-10-07,2023-10-24,OP,-1,-3.397081453219092,80.7316680669652
2023-09-20,2023-10-24,MKR,1,5.525767194290717,51.01307372508704
2023-10-24,2023-10-25,AVAX,-1,-1.6109115590872862,76.81077227429427
2023-10-23,2023-10-25,OGN,-1,-2.6109924394460546,77.91174925257206
2023-10-24,2023-10-26,APT,1,3.495658581563372,96.01346534286782
2023-10-25,2023-10-26,MKR,-1,0.6774637648384259,79.11270937582876
2023-10-25,2023-10-28,BNB,-1,-1.2788316127712664,79.11270937582876
2023-10-28,2023-10-30,OGN,-1,-2.160839424339295,65.56133850219041
2023-10-29,2023-10-31,GALA,1,-5.621014001624131,66.14311084997492
2023-10-19,2023-10-31,LEVER,-1,-5.739261469874822,46.424495260046136
2023-10-28,2023-11-01,APT,1,2.946670482027762,78.6736062026285
2023-10-19,2023-11-01,ARB,-1,-16.322235924783538,46.424495260046136
2023-10-30,2023-11-01,OP,-1,-0.8311888888807896,67.92339280686951
2023-10-21,2023-11-02,STORJ,-1,-11.27356769180954,59.344381213025954
2023-10-27,2023-11-06,LTC,-1,-7.270694339859163,66.21815848731971
2023-10-26,2023-11-06,RUNE,1,32.503565257022736,98.50468218615634
2023-11-06,2023-11-08,LQTY,-1,3.059261553623105,101.74064539351811
2023-11-08,2023-11-09,OP,-1,-15.190415471986736,106.3383438346499
2023-11-11,2023-11-12,OP,-1,-8.771829678890061,114.52591538785519
2023-11-05,2023-11-13,INJ,1,-3.3155787735126303,69.94474603930917
2023-10-31,2023-11-13,MINA,-1,-0.08202824817407066,142.38999690192057
2023-11-12,2023-11-15,BNB,-1,-2.9701628735576246,116.33509199249968
2023-10-22,2023-11-15,XRP,1,41.640827766936944,318.75239264675207
2023-11-02,2023-11-15,CFX,-1,-8.84873926687039,90.29971905355673
2023-11-01,2023-11-16,DOGE,-1,-13.089607132677298,89.80511571007509
2023-11-17,2023-11-18,DOGE,1,-4.79399852925272,66.0708930280607
2023-11-15,2023-11-20,DYDX,1,-22.564333134774362,93.02092326978517
2023-11-07,2023-11-20,MATIC,1,7.981152670122309,85.20388757188037
2023-11-17,2023-11-23,GALA,1,-8.244470107558948,108.97358915965326
2023-10-26,2023-11-26,BCH,-1,10.601042943090397,142.38999690192057
2023-11-24,2023-11-28,DYDX,1,-8.793414382342677,80.28470229731789
2023-11-25,2023-11-29,GALA,1,-3.52814963936326,69.49914958328752
2023-10-08,2023-11-29,LINK,1,96.04832066857207,220.15627107159673
2023-11-23,2023-11-29,SUSHI,1,-3.640922737012065,92.34765431907738
2023-11-01,2023-11-30,ADA,1,16.113104702683202,89.80511571007509
2023-11-27,2023-11-30,ETC,-1,-0.5988227237517514,93.96454623726102
2023-11-11,2023-12-02,AVAX,1,30.512544557871458,108.97358915965326
2023-11-24,2023-12-04,kPEPE,-1,-23.696308694410224,93.66548601353755
2023-11-22,2023-12-04,BLUR,1,18.453160106989987,114.14085429540104
2023-12-01,2023-12-05,LINK,1,3.7971639759344376,81.93874200460206
2023-11-15,2023-12-05,XRP,-1,2.2253988399083116,129.10348837738852
2023-11-17,2023-12-05,RUNE,1,7.2836589481910075,108.97358915965326
2023-12-04,2023-12-06,STORJ,-1,2.871466585103306,87.6314640651737
2023-12-05,2023-12-08,XRP,1,1.6823541838207585,29.4126609157413
2023-12-01,2023-12-10,1000LUNC,1,43.85598233033817,154.30655289160197
2023-12-01,2023-12-11,OP,-1,-32.50520893386038,95.59519900536907
2023-11-17,2023-12-12,ARB,-1,-17.488274167952998,105.71342884489714
2023-11-13,2023-12-17,LTC,-1,-2.651841661714324,110.07599433633683
2023-12-08,2023-12-17,BLUR,-1,9.365584749046144,82.42791034495804
2023-11-16,2023-12-19,BNB,-1,-1.3756483573219622,131.41780071367998
2023-12-18,2023-12-21,kPEPE,-1,0.09684651635598744,79.58077145838146
2023-10-22,2023-12-21,ETH,1,50.5723124754705,376.5868856683136
2023-12-14,2023-12-22,ARB,-1,-15.731196525707556,80.6071723085961
2023-12-21,2023-12-22,ETH,-1,-0.5954284479620308,15.546327388230825
2023-12-06,2023-12-23,ADA,1,35.82221924722805,103.42311584691583
2023-11-29,2023-12-23,DOGE,1,18.627612477199186,258.29184461839804
2023-12-04,2023-12-23,DYDX,-1,0.7607179293567871,87.6314640651737
2023-12-22,2023-12-26,ETH,1,-2.54805814054432,76.00275527354833
2023-12-17,2023-12-26,MATIC,-1,-22.518354387759025,93.43049280311843
2023-12-26,2023-12-27,ETH,-1,-1.3736317958993218,20.652884698583772
2023-12-12,2023-12-27,INJ,1,52.05972103763597,111.2412047222016
2023-12-09,2023-12-28,DOT,1,14.607302759869738,83.6233394963627
2023-12-26,2023-12-31,STX,1,-6.59298504964228,74.45433070560858
2023-12-24,2023-12-31,BAKE,1,-5.83975224280054,86.70822199693306
2023-12-06,2024-01-03,AVAX,1,54.972153584231414,103.42311584691583
2023-12-26,2024-01-03,1000LUNC,-1,19.995599695862275,86.86338582321001
2024-01-04,2024-01-05,ADA,1,-0.5204212743549222,10.0
2024-01-04,2024-01-05,AVAX,1,-0.5968805839038873,10.0
2023-12-31,2024-01-06,FIL,1,-12.176890272664798,77.7243820317674
2024-01-03,2024-01-06,LTC,-1,-0.6412899320276011,92.48031239824589
2023-09-29,2024-01-07,SOL,1,334.37149914357104,240.19878059798614
2023-12-23,2024-01-09,ATOM,-1,13.805150454156525,86.17054677852241
2023-12-21,2024-01-09,NEAR,1,0.14820351958381872,93.65782356788745
2023-12-28,2024-01-10,BNB,1,-2.5501062004694006,76.77922613521626
2024-01-10,2024-01-12,AVAX,1,-1.2304598646804157,17.609321408670382
2024-01-05,2024-01-12,INJ,1,-2.7937439460448834,56.7654163413728
2024-01-08,2024-01-12,SOL,1,-1.324942253441006,21.61594557436425
2024-01-09,2024-01-12,STX,1,-7.172254156024331,66.0210189230705
2023-09-30,2024-01-13,BTC,1,84.63722693345245,356.5520354004931
2023-12-12,2024-01-14,LINK,-1,-4.719124532243418,94.82802148950518
2024-01-13,2024-01-14,SOL,1,-0.22616939354730983,10.0
2024-01-11,2024-01-15,BNB,-1,-2.297220290315574,78.53467168978817
2023-12-31,2024-01-15,ICP,1,-3.086960795399329,77.7243820317674
2023-12-27,2024-01-17,OP,1,-11.490251870908745,80.69073989184831
2024-01-12,2024-01-18,ETC,1,-12.568223375426584,78.69382633711825
2024-01-13,2024-01-19,BTC,-1,0.8104308740022508,95.15594510574621
2024-01-06,2024-01-20,ADA,-1,1.4347662728308983,89.28493790015636
2024-01-01,2024-01-20,ARB,1,4.324201259235889,126.32154028388949
2023-12-23,2024-01-20,DOGE,-1,3.1070602417952746,84.87393223019545
2024-01-15,2024-01-21,SOL,1,-10.933191994911635,119.82864907001516
2024-01-22,2024-01-23,DOT,-1,-0.32078164878408677,95.40260826463249
2023-12-27,2024-01-23,ETH,1,-16.349419252570534,150.18235547913568
2024-01-19,2024-01-24,LINK,1,-9.47478622653759,79.21921543828799
2024-01-20,2024-01-24,NEAR,-1,11.231373644993148,116.71944286459959
2024-01-15,2024-01-25,BNB,1,-4.851076073700105,67.96853221839015
2024-01-20,2024-01-25,DOGE,1,-7.652563821120306,66.6968244940569
2024-01-16,2024-01-26,AVAX,-1,7.521977307338011,79.46866524977585
2024-01-06,2024-01-26,PEOPLE,1,-18.102210001020808,79.76792819732155
2024-01-24,2024-01-29,ADA,-1,-8.255226760446652,79.51477323609011
2024-01-25,2024-01-30,ICP,1,4.756293913149847,94.73900807799177
2024-01-23,2024-01-30,UMA,1,-7.262285306171771,79.76792819732155
2024-01-29,2024-01-31,ARB,1,-0.6998449892857045,13.580421324851129
2024-01-24,2024-01-31,ENS,1,-2.4320501253769113,79.51477323609011
2024-01-07,2024-01-31,MATIC,-1,1.7213671430334836,74.49493978875161
2024-02-01,2024-02-03,ENS,-1,0.2875164372909614,78.53165763720125
2024-01-31,2024-02-04,OP,-1,-3.260492439654188,92.56925353104597
2024-01-24,2024-02-05,ETH,-1,-2.2161035729922993,79.51477323609011
2024-01-29,2024-02-06,AVAX,1,-4.400726214005809,78.20881820290548
2024-01-23,2024-02-06,FIL,-1,-3.131692953090555,95.72151383678586
2024-01-30,2024-02-07,ETC,1,-0.9368451413613408,93.50664882993584
2024-02-02,2024-02-07,PEOPLE,-1,-8.315872810743448,126.9867403203123
2024-02-06,2024-02-09,ARB,1,6.258145133372534,101.40300806407706
2024-02-02,2024-02-09,API3,1,-1.9379103995849003,101.58939225624985
2024-02-05,2024-02-09,ENS,1,2.966897640337034,70.73121783831058
2024-02-07,2024-02-10,ADA,-1,-12.4312070120847,125.69946988503011
2024-02-10,2024-02-16,FIL,-1,-8.265208421657983,104.04004038386074
2024-02-12,2024-02-16,OP,1,-4.722988992281735,92.75660134224519
2024-02-14,2024-02-17,API3,1,-9.050507820774982,81.40122016679996
2024-02-17,2024-02-18,LTC,-1,-1.0826079857070483,82.89225235134418
2024-02-13,2024-02-20,ETC,-1,-2.4253422173359898,93.11462856355051
2024-01-31,2024-02-23,LINK,1,19.626694332034873,257.2294065007262
2024-01-26,2024-02-23,SOL,1,12.182530478504427,189.43563648958718
2024-02-08,2024-02-23,UMA,-1,6.019242271324091,100.13969040509271
2024-01-13,2024-02-25,SUI,1,40.889676375242175,196.6182150518318
2024-02-23,2024-02-26,SOL,-1,-8.151049843106206,113.34922273692932
2024-01-28,2024-02-27,DOGE,-1,-17.40988708010865,77.55260971001937
2024-02-24,2024-02-27,JASMY,1,-8.345923458116472,96.7085618844598
2024-02-16,2024-02-27,MATIC,1,6.707325634581968,97.0454968275625
2024-02-17,2024-02-28,FIL,1,21.89612079863732,96.70762774323488
2024-02-04,2024-02-28,INJ,-1,-32.41932195041808,126.9867403203123
2024-02-25,2024-02-28,LINK,1,2.872112923634103,115.8599300945297
2024-02-27,2024-02-28,SOL,-1,-2.0091825656631292,19.974668596673087
2023-12-08,2024-02-29,XRP,-1,12.837441693904443,126.9867403203123
2024-02-07,2024-03-01,BNB,1,25.06984260619289,100.55957590802409
2024-03-01,2024-03-02,COTI,1,4.544749932973287,110.31670679366202
2024-02-29,2024-03-02,XRP,1,12.192861504986423,158.86176719970365
2024-02-29,2024-03-02,JASMY,1,1.6900935584737948,112.65013912232716
2024-03-02,2024-03-03,INJ,-1,5.389607817607019,109.72034832478388
2024-03-03,2024-03-04,SEI,-1,4.074222716963755,109.81209130708353
2024-03-01,2024-03-04,MATIC,-1,-12.343559797757347,110.31670679366202
2024-02-18,2024-03-05,WLD,1,17.016463741450085,102.72213846920457
2024-02-27,2024-03-08,OP,-1,-23.364140060769596,121.14638901683398
2024-03-06,2024-03-08,UNI,1,-4.814665605214567,85.45147204706187
2024-02-29,2024-03-11,SUI,-1,10.882617606030388,135.1801669467926
2024-02-16,2024-03-12,AVAX,-1,-33.33498996997172,97.0454968275625
2024-03-02,2024-03-12,DOGE,1,61.00234135529411,247.58051629931862
2024-03-02,2024-03-14,kSHIB,1,51.41380596348429,109.72034832478388
2024-03-12,2024-03-14,OP,-1,3.787552081627822,98.07169611235042
2024-03-11,2024-03-18,BCH,-1,10.661592258147339,100.78369838706604
2024-01-29,2024-03-19,BTC,1,126.5034007613178,345.0683398109872
2024-03-14,2024-03-19,DOGE,1,-26.766510950750472,120.53017957073493
2024-02-06,2024-03-19,ETH,1,145.59241025519935,525.8679036497089
2024-03-12,2024-03-21,NEAR,1,-14.811781370436025,70.05121150882172
2024-03-08,2024-03-22,BNB,1,16.688357377114976,82.97274135905894
2024-03-20,2024-03-22,ETH,1,-1.8277088662538283,34.33546936055846
2024-03-07,2024-03-22,LINK,-1,8.405803331223897,83.34855141499494
2024-03-17,2024-03-24,AVAX,1,-3.688184997034786,70.79456201591901
2024-03-22,2024-03-24,GALA,1,8.889380043304033,76.53235963674094
2024-03-26,2024-03-27,BNB,1,-0.8339065623554387,67.04409759012965
2024-03-24,2024-03-29,APT,1,3.475286119340534,77.2349844576427
2024-03-09,2024-03-29,kFLOKI,1,-1.4653414346433562,71.20483602213851
2024-03-22,2024-03-30,FTM,1,-14.281963311388854,76.53235963674094
2024-03-27,2024-03-31,kSHIB,1,0.8805041955101808,78.48497414568455
2024-03-17,2024-04-02,MATIC,-1,15.152762757819954,82.59365568523886
2024-02-27,2024-04-03,kPEPE,1,143.00893505781278,138.63901216087203
2024-04-01,2024-04-05,kFLOKI,1,-13.315282512964057,67.52035849775594
2024-03-15,2024-04-06,ADA,-1,21.04838555204799,100.45607243748817
2024-03-22,2024-04-07,ETH,-1,-6.576584221416699,91.83883156408912
2024-04-07,2024-04-09,kPEPE,1,-1.0114104356001945,17.413488237449066
2024-03-29,2024-04-09,LTC,1,-9.039580857081098,79.29405934012293
2024-02-28,2024-04-09,SOL,1,61.28099648859302,206.60589780968687
2024-03-05,2024-04-09,XRP,-1,-0.47430420368229587,99.33109740956886
2024-04-04,2024-04-11,NEAR,1,0.4428823181965822,77.30981483888226
2024-04-10,2024-04-12,kPEPE,1,-1.7460557175332965,10.0
2024-04-07,2024-04-12,ETH,1,-7.159941369489442,142.0577973555576
2024-04-13,2024-04-14,kPEPE,1,4.992650616894893,65.96920858311044
2024-04-09,2024-04-15,FTM,1,-28.45437550888335,77.28282164370958
2024-04-06,2024-04-17,SUI,-1,17.56341474006206,77.41268713617622
2024-03-24,2024-04-19,BCH,1,4.653539959326181,90.96173690544248
2024-02-21,2024-04-21,ARB,-1,31.516914186979644,118.04015281628898
2024-03-20,2024-04-21,DOGE,1,-9.23235849839181,146.81668590326828
2024-04-20,2024-04-22,SUI,1,-1.9463331565264412,75.99008376283086
2024-04-02,2024-04-24,APT,-1,32.45015215437908,92.36688142240838
2024-03-20,2024-04-24,BTC,1,-25.56736957994025,278.0295599037866
2024-04-24,2024-04-27,SUI,-1,2.340644622889669,78.5357972040571
2024-04-13,2024-04-27,MATIC,-1,-9.37870232107918,76.9640766802955
2024-04-12,2024-04-29,kSHIB,1,-2.255120226112519,76.97240118534032
2024-04-02,2024-04-29,AVAX,-1,17.955913664575565,119.625713975193
2024-04-27,2024-05-01,ETH,1,-8.531914111290849,95.7005711801544
2024-04-30,2024-05-01,SOL,-1,-6.298426974428561,99.56309983472048
2024-04-29,2024-05-02,FTM,1,-5.599904812033289,98.78072779956494
2024-04-30,2024-05-03,NEO,1,-2.031847601298261,82.96924986226705
2024-05-01,2024-05-04,BTC,-1,-9.582055484375438,99.37184828643515
2024-04-29,2024-05-04,DOGE,-1,-14.551928026881841,123.47590974945616
2024-05-02,2024-05-06,BCH,-1,-11.30632748831688,177.72004592763682
2024-05-01,2024-05-06,XRP,1,3.3856682228271575,82.80987357202928
2024-03-31,2024-05-07,BNB,1,-3.207456100413447,135.88135756366745
2024-05-04,2024-05-07,BTC,1,-1.1237633114455534,62.63288505854571
2024-05-09,2024-05-10,BTC,1,-1.0398166242619014,27.6294992004043
2024-05-04,2024-05-11,DOGE,1,-15.29104871611309,166.12236905113198
2024-05-13,2024-05-14,BTC,1,-2.3657519700632763,101.65804344592013
2024-05-07,2024-05-14,WLD,1,-25.799562755971127,133.2387192147169
2024-04-24,2024-05-15,ARB,-1,15.443112079183386,177.72004592763682
2024-05-08,2024-05-15,BNB,1,-0.8580235466916566,110.34127691727588
2024-05-06,2024-05-15,ETH,-1,3.5518560619643083,184.78649823217114
2024-05-15,2024-05-16,DOGE,1,-1.2007197142302264,31.64000477408932
2024-05-02,2024-05-17,HBAR,1,12.092392296683975,85.80562086384896
2024-05-13,2024-05-17,SUI,-1,-13.665865808405375,120.61055206344189
2024-05-08,2024-05-17,MATIC,-1,-7.29790165857881,154.47778768418624
2024-05-14,2024-05-18,kSHIB,1,10.698203957564065,141.96941158948357
2024-05-17,2024-05-18,DOGE,1,-0.635996029266478,35.286023857032276
2024-05-16,2024-05-18,ETH,-1,-7.671433271104364,124.44194948097261
2024-05-17,2024-05-19,kFLOKI,1,-10.708000500020457,125.94551671354523
2024-04-09,2024-05-20,ADA,-1,7.767546661136093,199.85807882207536
2024-05-12,2024-05-20,AVAX,-1,-28.563870742656224,135.42678463447504
2024-04-17,2024-05-20,NEAR,1,39.41703126181692,75.46288111107124
2024-05-17,2024-05-21,BNB,-1,-8.494008669940053,125.94551671354523
2024-04-14,2024-05-22,FIL,-1,-0.5847980087126307,199.85807882207536
2024-05-21,2024-05-23,FTM,1,-9.397813434375985,144.88061605960542
2024-05-21,2024-05-24,HBAR,-1,12.275023980016591,202.83286248344763
2024-05-18,2024-05-25,XRP,-1,-4.893244710572669,122.57042811466783
2024-05-24,2024-05-27,RNDR,-1,-1.15019180171571,190.98171647188042
2024-05-22,2024-05-28,kSHIB,-1,-10.977840705359961,198.04977557841042
2024-05-20,2024-05-30,DOGE,1,-13.563841111617785,199.25098056818507
2024-05-23,2024-05-30,ETC,1,-11.561273973645596,137.81682767946842
2024-05-25,2024-05-30,ORDI,-1,-53.597651981805846,191.47026123759954
2024-05-15,2024-06-01,OP,-1,1.1514146649129813,142.92562807766606
2024-06-01,2024-06-03,BCH,-1,-0.7006998920818582,175.70254706398987
2024-05-06,2024-06-03,SOL,1,10.050522520470746,259.4900738104361
2024-05-31,2024-06-05,NEAR,-1,-9.914595910451089,175.52888408147066
2024-06-04,2024-06-06,DOGE,1,-2.6361415150838123,131.72182189544267
2024-05-19,2024-06-07,LINK,1,-3.442202776299148,155.49125676455893
2024-06-04,2024-06-07,SOL,1,-4.064030706272247,139.0389163209312
2024-06-05,2024-06-07,UMA,-1,1.5967002252165674,151.53450307058674
2024-04-21,2024-06-08,kPEPE,1,165.69101464406782,279.26774011850597
2024-06-03,2024-06-09,ETC,-1,10.755153903136899,177.7949940448397
2024-06-09,2024-06-10,FTM,-1,4.813615011241689,180.41320508469514
2024-05-26,2024-06-12,kFLOKI,1,8.436926359500898,138.11502216461548
2024-06-10,2024-06-14,DOGE,-1,6.41959392431476,179.2380117398242
2024-05-30,2024-06-15,ORDI,1,-12.95227797470853,146.01154417899065
2024-05-27,2024-06-15,XRP,-1,17.552338089746193,203.2327033998912
2024-06-11,2024-06-16,NEAR,-1,4.414761403956898,147.7492324927854
2024-06-12,2024-06-18,HIGH,-1,47.089101369613815,177.9884912793288
2024-06-03,2024-06-20,BNB,1,-8.362885397522557,126.99642431774262
2024-06-04,2024-06-21,ARB,-1,40.8860119444372,221.71795140323601
2024-05-15,2024-06-21,BTC,1,-13.534524263061497,656.683465980512
2024-06-24,2024-06-25,DOGE,-1,-11.200235969259513,182.34093488929062
2024-05-20,2024-06-25,ETH,1,-15.58002130082003,432.53203920164304
2024-06-24,2024-06-25,NEAR,1,1.2104849318197082,151.9507790744088
2024-06-16,2024-06-27,UNI,1,-29.10565679115402,174.18432845785483
2024-05-28,2024-06-28,AVAX,-1,44.525364488680026,202.06804494922744
2024-06-07,2024-06-29,JASMY,1,-51.29571333865015,182.75985683018527
2024-06-28,2024-06-30,BTC,-1,-7.060975841187469,178.83108195779346
2024-06-12,2024-07-02,kPEPE,1,-32.880250032813606,245.9135976247477
2024-05-17,2024-07-02,PEOPLE,1,82.68169911186533,287.12506055083634
2024-07-03,2024-07-05,PEOPLE,1,-74.69545840420007,174.36768313287092
2024-06-12,2024-07-06,kSHIB,-1,36.1976750523802,177.9884912793288
2024-07-01,2024-07-06,1000RATS,1,-41.751390457624964,151.8653804719923
2024-06-27,2024-07-07,HIGH,-1,50.334203447167795,181.45525406637688
2024-06-29,2024-07-08,CRV,-1,-6.428174045810727,150.81077870258844
2024-06-25,2024-07-08,INJ,1,-29.248642951348526,183.3057398741139
2024-07-04,2024-07-09,BNB,-1,-1.1450420529586378,140.89410962979966
2024-07-07,2024-07-09,BTC,-1,-4.708904104690505,117.136200748756
2024-06-21,2024-07-09,FIL,-1,18.189917657973485,217.73041057231853
2024-07-06,2024-07-11,AVAX,1,-13.400095668603118,162.7606469144561
2024-07-06,2024-07-11,ETH,-1,-1.2953617248896563,116.25760493889719
2024-07-09,2024-07-11,NEAR,-1,-14.542220744809768,165.10890685334573
2024-06-27,2024-07-12,kBONK,1,-13.333926518832524,151.21271172198075
2024-07-06,2024-07-12,ORDI,-1,-29.566775140919326,196.25471379406034
2024-06-27,2024-07-12,SOL,1,-26.12654749923486,324.54701192367355
2024-07-10,2024-07-14,BTC,-1,-7.304889138982926,136.27933842669384
2024-07-08,2024-07-14,CRV,1,-1.6670145617552845,164.82994945772748
2024-07-04,2024-07-14,ENS,1,22.976757879758626,140.89410962979966
2024-07-14,2024-07-15,ORDI,-1,-17.69211940785207,126.19643969725864
2024-07-12,2024-07-16,kPEPE,-1,-50.31988820050946,197.35789969172507
2024-07-15,2024-07-16,LDO,-1,-1.2763062424595273,121.51229130300597
2024-05-17,2024-07-16,WLD,-1,51.53854107609819,202.06804494922744
2024-07-16,2024-07-18,BNB,-1,0.8320294446231588,145.84091481912967
2024-07-17,2024-07-18,WLD,1,-12.698098624642872,123.22657022600512
2024-07-13,2024-07-18,PEOPLE,-1,-53.096763084934985,131.17000284495847
2024-07-12,2024-07-19,ADA,1,8.030278595735695,157.88631975338006
2024-07-09,2024-07-20,DOGE,-1,-32.506220309690754,165.10890685334573
2024-07-18,2024-07-20,FET,-1,-5.8469473009800685,142.02013777843317
2024-07-13,2024-07-21,AVAX,-1,-34.623179484799806,131.17000284495847
2024-07-21,2024-07-22,kBONK,1,-9.817649067430056,125.36827696630473
2024-07-20,2024-07-22,BCH,-1,4.1007430154880335,182.70992723653106
2024-07-14,2024-07-23,NEAR,1,14.277966047955761,151.4357276367104
2024-07-16,2024-07-23,ENS,-1,-14.076776577189023,145.84091481912967
2024-07-22,2024-07-25,AVAX,1,-19.354580841643568,131.9925529080374
2024-07-15,2024-07-25,ETH,1,-24.827950232726145,395.2481209821626
2024-07-25,2024-07-26,LINK,-1,-5.985632285699963,127.98595739956376
2024-07-21,2024-07-26,1000RATS,-1,-9.070853763358617,150.4419323595657
2024-07-21,2024-07-28,WLD,-1,11.75258566417166,150.4419323595657
2024-07-16,2024-08-01,kPEPE,1,-14.07712042441308,98.126018239399
2024-07-31,2024-08-01,ADA,-1,-1.555008082170867,117.96577695046838
2024-07-23,2024-08-01,TIA,-1,22.817959844406268,193.05183448993407
2024-07-31,2024-08-01,1000RATS,1,-15.871111681155178,137.62673977554644
2024-07-15,2024-08-02,BTC,1,-26.125010947239332,552.2795297497578
2024-07-30,2024-08-02,kFLOKI,-1,25.265082447701417,163.63725766180778
2024-08-01,2024-08-02,PEOPLE,-1,4.406761137592417,132.34352420457978
2024-07-14,2024-08-03,SOL,1,-13.09776025430098,309.70621529675185
2024-07-31,2024-08-04,WLD,-1,25.719822835658086,117.96577695046838
2024-08-03,2024-08-05,kFLOKI,-1,19.82005376500939,128.08668084014488
2024-08-02,2024-08-05,1000RATS,1,-46.39014305728463,155.47035436390286
2024-07-29,2024-08-06,BCH,1,-44.86433447481357,159.53227079859678
2024-08-02,2024-08-06,FIL,-1,14.791442140490854,155.47035436390286
2024-08-05,2024-08-06,WLD,1,6.6572653682330145,152.974633796847
2024-08-05,2024-08-11,PEOPLE,1,24.23900534599921,152.974633796847
2024-08-08,2024-08-12,ADA,-1,4.497613309229616,129.66376523658303
2024-08-08,2024-08-12,BTC,1,-5.278979563206409,133.89830247061627
2024-08-06,2024-08-12,DOGE,-1,-18.415249384784595,153.5647200519905
2024-08-06,2024-08-12,SOL,1,7.242580831221951,191.9559000649881
2024-08-07,2024-08-14,WIF,1,6.114182745430077,153.73965458490096
2024-08-12,2024-08-17,ORDI,1,-11.941339337961338,128.65197387713656
2024-07-18,2024-08-19,kSHIB,-1,32.81317812290642,142.02013777843317
2024-07-28,2024-08-19,AVAX,-1,27.199157354281727,191.96370716926398
2024-08-10,2024-08-19,TIA,1,-15.964797343714933,112.49669599235571
2024-08-05,2024-08-21,LINK,-1,-22.759061989649986,152.974633796847
2024-08-16,2024-08-22,kBONK,-1,-9.152808491570354,110.39670078152591
2024-08-23,2024-08-24,STMX,-1,0.06571783729944139,134.55390802287658
2024-08-12,2024-08-25,SUI,1,-2.2654734989032055,128.65197387713656
2024-08-14,2024-08-26,BNB,1,6.142422178413303,128.02580996205174
2024-08-16,2024-08-26,CRV,1,-5.036537424092499,110.39670078152591
2024-08-22,2024-08-26,WIF,-1,-21.244425220615152,161.07913384169504
2024-08-25,2024-08-26,FTM,1,-9.874213536944449,115.11961717948869
2024-08-22,2024-08-27,ADA,1,-8.24280014147183,115.05652417263929
2024-08-21,2024-08-27,BTC,1,-12.836717328707106,256.9169251637618
2024-08-23,2024-08-27,SOL,1,-6.7449030586754555,138.46184478705788
2024-08-22,2024-08-29,AVAX,1,-10.6621638445809,115.05652417263929
2024-08-27,2024-08-29,FTM,1,-7.548419973613178,158.97788632174712
2024-08-24,2024-08-30,BCH,-1,13.64504666379374,134.49684503211685
2024-07-12,2024-08-30,XRP,1,31.151545831272056,534.8739266207583
2024-08-30,2024-08-31,MATIC,-1,0.2822772757750278,114.53303093816616
2024-08-31,2024-09-01,FTM,1,-7.795130211009812,159.97353682590543
2024-08-19,2024-09-02,DOGE,-1,2.8195714174110496,133.21941857621724
2024-08-28,2024-09-02,ORDI,-1,-21.942695656355756,130.33216668446997
2024-08-29,2024-09-02,SUI,1,-4.293040837299642,196.09075364850762
2024-08-13,2024-09-03,kPEPE,-1,13.436951541138786,160.03272984423216
2024-08-26,2024-09-03,TRX,1,-11.08524091187376,160.03272984423216
2024-09-01,2024-09-04,XRP,1,2.4768912416622357,136.37906202781764
2024-09-03,2024-09-06,kFLOKI,-1,4.8484458443311205,165.7597536385924
2024-09-01,2024-09-08,FET,1,-4.3337993846873415,136.37906202781764
2024-09-03,2024-09-09,ORDI,1,-4.917824961975441,138.13312803216033
2024-08-29,2024-09-09,TIA,-1,3.72201561916175,165.7597536385924
2024-07-10,2024-09-09,1000SATS,1,94.37938254229955,196.09075364850762
2024-09-04,2024-09-11,BNB,-1,-6.557064185576268,142.36191827437725
2024-09-09,2024-09-12,TRX,1,-2.7507646416831015,177.68487820570326
2024-09-10,2024-09-12,XRP,-1,-5.31494676645443,127.05441044097921
2024-09-06,2024-09-13,BTC,-1,-17.97724505239378,145.6548958535493
2024-08-19,2024-09-14,AAVE,1,30.178700926466767,196.09075364850762
2024-09-08,2024-09-15,AVAX,1,5.2326196318717395,174.91355765531182
2024-09-13,2024-09-15,PEOPLE,-1,4.694348581742104,154.61466850636884
2024-09-12,2024-09-16,kFLOKI,-1,6.75606219348882,150.3025925817707
2024-08-12,2024-09-17,WLD,-1,19.411665699964022,154.38236865256385
2024-09-16,2024-09-18,AAVE,1,1.6851515006964015,183.5926420320749
2024-09-17,2024-09-19,WIF,-1,-28.84067544573773,185.547197833535
2024-08-31,2024-09-20,SOL,-1,-15.25367270064338,185.547197833535
2024-09-16,2024-09-20,PEOPLE,-1,-28.424914308329484,183.5926420320749
2024-07-25,2024-09-22,ETH,-1,21.547657166662038,165.7597536385924
2024-09-20,2024-09-22,SOL,1,-1.2431577663846842,79.70762841374881
2024-09-19,2024-09-22,TIA,1,-16.008495384828397,167.72873559480792
2024-09-19,2024-09-22,WIF,1,-2.409302237243989,50.48378878057881
2024-09-19,2024-09-23,WLD,-1,-8.425946273645001,119.80623971057705
2024-09-23,2024-09-24,SOL,-1,-5.618266024510792,99.08861381841331
2024-09-22,2024-09-24,WIF,-1,-21.680758955579353,122.20551055011991
2024-09-23,2024-09-25,BNB,1,-5.1565792634755745,170.33159209431668
2024-09-24,2024-09-25,SOL,1,-3.1739478080509067,95.56312906485437
2024-09-09,2024-09-26,kPEPE,-1,-24.901592639542184,148.07073183808603
2024-09-19,2024-09-26,DOGE,-1,-14.98146299454532,119.80623971057705
2024-09-25,2024-09-26,SOL,-1,-0.8085623188408245,15.383012660148516
2024-09-10,2024-09-27,FET,1,46.265672283575334,224.66742129913584
2024-09-21,2024-09-27,PEOPLE,-1,-33.04544913591374,121.63531718301093
2024-09-25,2024-09-28,WLD,1,-8.278325006725478,174.26354412562486
2024-09-24,2024-09-29,XRP,-1,-10.90577820084851,128.0199067569215
2024-09-23,2024-09-30,ETH,1,-5.732880001035371,151.6802413235703
2024-09-17,2024-10-01,BTC,1,-12.616845831312418,511.7782544962159
2024-09-26,2024-10-01,SOL,1,-20.128860870810012,362.46253561238893
2024-09-29,2024-10-03,BNB,-1,14.67844184686525,174.0926250902734
2024-09-20,2024-10-03,TON,-1,5.720525834500513,141.48601359870284
2024-09-26,2024-10-09,kPEPE,1,-38.33357200245481,452.06520028006094
2024-10-04,2024-10-09,BTC,1,-1.1120047748376587,144.44813926942723
2024-10-04,2024-10-09,SEI,1,-5.360941632318945,146.6403929912683
2024-10-08,2024-10-10,AAVE,-1,2.503299536406112,154.6749163794593
2024-10-08,2024-10-11,kSHIB,1,3.495508934421564,154.6749163794593
2024-10-09,2024-10-12,FET,-1,-13.205130070406955,131.65412156380233
2024-09-28,2024-10-12,TIA,-1,7.438737128515363,144.40829240239034
2024-10-03,2024-10-13,SOL,-1,-13.825602648137236,171.92375570769806
2024-10-12,2024-10-15,DOGE,-1,-10.851039109420574,194.26022567857262
2024-10-13,2024-10-15,SEI,1,-10.204476800109706,164.82887109779077
2024-09-10,2024-10-15,REEF,1,264.9810058832888,171.92375570769806
2024-09-30,2024-10-16,ETH,-1,-9.081508015872465,168.15867821261804
2024-09-09,2024-10-16,FTM,1,92.81873802653932,224.66742129913584
2024-09-26,2024-10-17,WIF,1,20.045931311516018,139.03440976108087
2024-09-19,2024-10-17,1000SATS,-1,1.878546589331755,171.92375570769806
2024-10-12,2024-10-19,APT,1,0.9775600157037989,194.26022567857262
2024-10-14,2024-10-19,FET,-1,14.989307821896915,201.86608713018808
2024-10-15,2024-10-21,BOME,1,-19.09083427778689,212.2360602580385
2024-10-14,2024-10-21,WLD,1,-9.041166346473224,144.1900622358486
2024-10-16,2024-10-23,ETH,1,-6.431835387470035,305.3841554316253
2024-10-18,2024-10-23,SEI,-1,3.2250630374251643,167.83967930888457
2024-10-19,2024-10-23,TIA,-1,-4.980576398958805,169.7888482064308
2024-10-10,2024-10-25,kPEPE,1,-21.157612632072908,211.93526136073206
2024-09-03,2024-10-25,SUI,1,234.6717494672138,444.36559952796114
2024-10-21,2024-10-28,APE,1,-70.13981386470954,208.46176973538238
2024-10-23,2024-10-29,ETH,-1,-4.870290164497662,200.09344811786318
2024-10-17,2024-10-29,ORDI,-1,4.284451967678159,207.91776258690143
2024-10-23,2024-10-30,BOME,1,-12.984700807859326,160.07475849429056
2024-10-28,2024-10-31,BNB,1,-6.920975914694063,161.31539202649714
2024-10-29,2024-10-31,ETH,1,-18.97834123315891,369.6750690370971
2024-10-26,2024-11-02,SAGA,-1,15.285467713853794,129.39373975665384
2024-10-27,2024-11-03,TIA,-1,11.98879151489407,113.4099416342391
2024-10-13,2024-11-04,SOL,1,-30.206000270564516,723.259122839579
2024-10-25,2024-11-05,kPEPE,-1,0.5003711280830518,157.7121026399109
2024-11-02,2024-11-05,WLD,-1,2.7078265493853695,130.53710271789973
2024-10-02,2024-11-05,XRP,-1,6.526488769472714,247.2433066466862
2024-11-04,2024-11-06,BNB,-1,-8.30407654668043,112.40178707122311
2024-11-04,2024-11-07,BIGTIME,1,39.692689870260665,157.36250189971238
2024-11-02,2024-11-10,ENA,1,73.36116434077759,156.64452326147966
2024-11-02,2024-11-10,PEOPLE,-1,-4.760003717030776,130.53710271789973
2024-11-03,2024-11-12,WIF,-1,-70.62092792005788,135.43086810974256
2024-11-11,2024-11-13,BOME,-1,-23.26585926765642,135.43086810974256
2024-10-15,2024-11-13,REEF,-1,117.66776293291008,209.17834438887581
2024-11-10,2024-11-14,kSHIB,1,-13.561510898106656,128.28162744767556
2024-11-10,2024-11-15,BIGTIME,-1,14.062431407239583,195.26427666223177
2024-11-07,2024-11-23,kPEPE,1,168.8126817748545,260.1113306182009
2024-11-20,2024-11-23,BOME,-1,-4.101814744965292,168.17147347483757
2024-10-29,2024-11-23,SUI,1,105.35105671299246,302.7739961771919
2024-11-05,2024-11-24,TIA,-1,-143.7527022301238,198.74040245684054
2024-11-11,2024-11-24,APE,-1,-21.892909622932077,135.43086810974256
2024-11-16,2024-11-26,kBONK,1,-15.297461118280626,136.764157431919
2024-11-08,2024-11-28,WLD,-1,-72.93268662378473,165.97454045071828
2024-11-26,2024-11-29,DOT,1,21.170731982648306,182.13056659221849
2024-11-29,2024-11-30,TIA,1,7.206388018022797,188.0346059299646
2024-11-24,2024-12-01,kSHIB,-1,-36.6985200817252,186.06387837071054
2024-11-27,2024-12-01,APT,-1,-9.385087880228307,154.33063052957854
2024-11-30,2024-12-01,WLD,1,-12.095217702880305,189.80095368600735
2024-11-14,2024-12-02,ORDI,-1,-7.653646071107342,164.77115589564036
2024-11-05,2024-12-02,SOL,1,99.84988971577233,514.2650903535659
2024-12-01,2024-12-03,SAND,-1,-28.909909649917157,241.59278070731568
2024-12-02,2024-12-03,SOL,-1,-3.746575965936142,101.68807710466764
2024-12-03,2024-12-04,kSHIB,-1,-19.761975376685204,132.9920430014903
2024-11-25,2024-12-05,AVAX,1,41.42004850401741,181.96650008074747
2024-12-02,2024-12-06,TIA,-1,-25.37005091445246,174.15420540484004
2024-11-23,2024-12-07,XLM,1,-7.070811029577356,158.33676631639267
2024-12-07,2024-12-08,SAND,1,-1.6381447231372408,127.72342074744608
2024-12-04,2024-12-08,SOL,-1,-2.7213466447007946,81.0331735693954
2024-11-10,2024-12-09,ADA,1,100.94835764650118,158.33676631639267
2024-11-13,2024-12-09,BNB,-1,-25.144482446025496,195.26427666223177
2024-12-04,2024-12-09,DOT,1,-22.594038349842403,112.2218214352182
2024-12-02,2024-12-09,LTC,1,-25.836099792644447,145.12850450403334
2024-12-09,2024-12-10,SUI,1,-4.182037110504463,124.17167709984912
2024-12-09,2024-12-12,kPEPE,1,-13.67489801891834,124.17167709984912
2024-12-01,2024-12-16,HBAR,1,79.4336142056842,193.27422456585253
2024-12-11,2024-12-16,SAND,1,-12.052576898036577,124.19454802123181
2024-12-03,2024-12-17,kBONK,-1,19.292855929897307,132.9920430014903
2024-12-12,2024-12-18,AVAX,1,-29.586929014932206,149.2703962436716
2024-10-16,2024-12-18,DOGE,1,411.6446528381278,361.48098702328855
2024-11-06,2024-12-19,ETH,1,45.8223946875813,490.80806393583606
2024-12-17,2024-12-20,ENS,1,-13.10890557243196,115.5285058598041
2024-12-17,2024-12-21,kPEPE,-1,35.99932666122574,161.73990820372578
2024-12-19,2024-12-21,XLM,1,-4.289567043429885,114.15009660145944
2024-10-11,2024-12-23,BTC,1,195.38452710025646,795.4819990189588
2024-12-24,2024-12-26,ETH,1,-1.6413718801889146,34.707893330928215
2024-12-24,2024-12-27,BTC,1,-4.8098703271437,142.3390649919576
2024-12-08,2024-12-27,LINK,1,-23.236988499512126,128.31543650435944
2024-12-28,2024-12-29,BTC,1,-0.35451387782470045,19.74450714361664
2024-12-09,2024-12-30,SOL,-1,5.286893267352592,162.17328821218098
2024-11-16,2024-12-30,XRP,1,238.95321274658636,309.97694869065765
2024-12-20,2024-12-31,DOGE,-1,0.7637505551706677,133.35822101101726
2024-11-23,,WIF,-1,67.18067105061915,200.64910114913917
2024-12-07,,WLD,-1,72.20098789443144,159.81013524204326
2024-12-08,,kSHIB,-1,45.77929659853979,159.81013524204326
2024-12-16,,SUI,1,-14.196863824402827,134.8012369007399
2024-12-18,,HBAR,1,-1.731661021889852,113.4785406725713
2024-12-20,,ENA,1,-25.21200385292607,114.30704658087193
2024-12-25,,AAVE,1,-22.774689878882867,135.92122731978225
2024-12-26,,AVAX,-1,5.850386357752138,134.30533063906356
2024-12-26,,BNB,1,2.182740532773857,115.11885483348306
2024-12-29,,TRX,1,-1.5294207385281764,114.83686802254489
2024-12-30,,kPEPE,1,9.3163906278135,115.009690768087
